Time: 711, Behaviour: 2, Fault: 1, n/a, 1 , DIAGNOSED ,Time Taken, 13, 
Time: 1326, Behaviour: 2, Fault: 4, n/a, 4 , DIAGNOSED ,Time Taken, 293, 
Time: 2219, Behaviour: 2, Fault: 3, n/a, 3 , DIAGNOSED ,Time Taken, 13, 
Time: 5734, Behaviour: 1, Fault: 1, n/a, 1 , DIAGNOSED ,Time Taken, 12, ELLIGIBLE
Time: 6348, Behaviour: 1, Fault: 5, n/a, 5 , DIAGNOSED ,Time Taken, 166, 
Time: 7114, Behaviour: 1, Fault: 2, n/a, 2 , DIAGNOSED ,Time Taken, 12, 
Time: 7726, Behaviour: 1, Fault: 2, 100, 2 , CLASSIFIED ,
Time: 8328, Behaviour: 1, Fault: 2, 91.2901, 91.2901, 2 , CLASSIFIED ,
Time: 8941, Behaviour: 1, Fault: 5, 99.6672, 5 , CLASSIFIED ,
Time: 9542, Behaviour: 1, Fault: 1, n/a, 1 , DIAGNOSED ,Time Taken, 12, ELLIGIBLE
Time: 10313, Behaviour: 1, Fault: 4, 100, 5 , CLASSIFIED ,
Time: 11058, Behaviour: 1, Fault: 5, 97.8499, 5 , CLASSIFIED ,
Time: 12238, Behaviour: 1, Fault: 1, n/a, 1 , DIAGNOSED ,Time Taken, 13, ELLIGIBLE
Time: 12893, Behaviour: 1, Fault: 5, 98.8368, 98.8368, 5 , CLASSIFIED ,
Time: 13494, Behaviour: 1, Fault: 2, 100, 100, 2 , CLASSIFIED ,
Time: 16145, Behaviour: 3, Fault: 6, 88.054, 3 , CLASSIFIED ,
Time: 16747, Behaviour: 3, Fault: 2, 98.9285, 98.9285, 98.9285, 2 , CLASSIFIED ,
Time: 17695, Behaviour: 3, Fault: 1, 99.5565, 1 , CLASSIFIED ,
Time: 18297, Behaviour: 3, Fault: 3, 93.6285, 3 , CLASSIFIED ,
Time: 18984, Behaviour: 3, Fault: 4, 99.8128, 4 , CLASSIFIED ,
Time: 19691, Behaviour: 3, Fault: 6, n/a, 3 , DIAGNOSED ,Time Taken, 13, ELLIGIBLE
Time: 25259, Behaviour: 1, Fault: 1, n/a, 1 , DIAGNOSED ,Time Taken, 12, ELLIGIBLE
Time: 26110, Behaviour: 1, Fault: 1, 77.7435, 1 , CLASSIFIED ,
Time: 26737, Behaviour: 1, Fault: 4, 100, 5 , CLASSIFIED ,
Time: 27338, Behaviour: 1, Fault: 2, 72.3181, 72.3181, 2 , CLASSIFIED ,
Time: 27942, Behaviour: 1, Fault: 2, 100, 2 , CLASSIFIED ,
Time: 29215, Behaviour: 1, Fault: 6, n/a, 3 , DIAGNOSED ,Time Taken, 102, ELLIGIBLE
Time: 29964, Behaviour: 1, Fault: 2, 98.9247, 98.9247, 98.9247, 2 , CLASSIFIED ,
Time: 30998, Behaviour: 2, Fault: 6, 75.0107, 3 , CLASSIFIED ,
Time: 31600, Behaviour: 2, Fault: 3, 85.8729, 3 , CLASSIFIED ,
Time: 32367, Behaviour: 2, Fault: 4, 100, 4 , CLASSIFIED ,
Total Faults, 31, Elligible Total, 26, DiagTot, 11, Elligible DiagTot, 6, FailTot, 0, MemoryTot, 20, %Memory,0.769231, %Failure,0
Time: 868, Behaviour: 2, Fault: 1, n/a, 1 , DIAGNOSED ,Time Taken, 13, 
Time: 1481, Behaviour: 2, Fault: 2, n/a, 2 , DIAGNOSED ,Time Taken, 11, 
Time: 2369, Behaviour: 2, Fault: 6, n/a, 3 , DIAGNOSED ,Time Taken, 13, 
Time: 2982, Behaviour: 2, Fault: 2, 70.9386, 2 , CLASSIFIED ,
Time: 3626, Behaviour: 2, Fault: 1, n/a, 1 , DIAGNOSED ,Time Taken, 12, ELLIGIBLE
Time: 5447, Behaviour: 1, Fault: 4, n/a, 4 , DIAGNOSED ,Time Taken, 117, 
Time: 6166, Behaviour: 1, Fault: 4, 97.5229, 4 , CLASSIFIED ,
Time: 6781, Behaviour: 1, Fault: 6, 97.2869, 3 , CLASSIFIED ,
Time: 29374, Behaviour: 1, Fault: 1, 97.604, 1 , CLASSIFIED ,
Time: 29993, Behaviour: 1, Fault: 3, 67.9774, 3 , CLASSIFIED ,
Time: 30595, Behaviour: 2, Fault: 6, 88.2876, 3 , CLASSIFIED ,
Time: 31210, Behaviour: 2, Fault: 3, 95.7172, 3 , CLASSIFIED ,
Time: 31854, Behaviour: 2, Fault: 3, 100, 3 , CLASSIFIED ,
Time: 32456, Behaviour: 2, Fault: 2, 91.2691, 2 , CLASSIFIED ,
Time: 33058, Behaviour: 2, Fault: 3, 87.3851, 87.3851, 3 , CLASSIFIED ,
Time: 33660, Behaviour: 2, Fault: 3, 90.9784, 3 , CLASSIFIED ,
Time: 34531, Behaviour: 2, Fault: 1, 99.7783, 1 , CLASSIFIED ,
Time: 35296, Behaviour: 3, Fault: 4, n/a, 4 , DIAGNOSED ,Time Taken, 260, ELLIGIBLE
Total Faults, 18, Elligible Total, 14, DiagTot, 6, Elligible DiagTot, 2, FailTot, 0, MemoryTot, 12, %Memory,0.857143, %Failure,0
Time: 5510, Behaviour: 1, Fault: 1, n/a, 1 , DIAGNOSED ,Time Taken, 12, 
Time: 6124, Behaviour: 1, Fault: 4, n/a, 4 , DIAGNOSED ,Time Taken, 116, 
Time: 7148, Behaviour: 1, Fault: 6, n/a, 3 , DIAGNOSED ,Time Taken, 318, 
Time: 8067, Behaviour: 1, Fault: 5, 99.3355, 4 , CLASSIFIED ,
Time: 8670, Behaviour: 1, Fault: 4, 99.8335, 4 , CLASSIFIED ,
Time: 9345, Behaviour: 1, Fault: 5, 99.5012, 4 , CLASSIFIED ,
Time: 10007, Behaviour: 1, Fault: 2, n/a, 2 , DIAGNOSED ,Time Taken, 11, 
Time: 10830, Behaviour: 1, Fault: 6, n/a, 3 , DIAGNOSED ,Time Taken, 13, ELLIGIBLE
Time: 11676, Behaviour: 1, Fault: 6, 89.084, 3 , CLASSIFIED ,
Time: 12792, Behaviour: 1, Fault: 1, n/a, 1 , DIAGNOSED ,Time Taken, 12, ELLIGIBLE
Time: 13442, Behaviour: 1, Fault: 1, n/a, 1 , DIAGNOSED ,Time Taken, 12, ELLIGIBLE
Time: 14054, Behaviour: 1, Fault: 3, 100, 3 , CLASSIFIED ,
Time: 14929, Behaviour: 1, Fault: 3, 72.4154, 72.4154, 3 , CLASSIFIED ,
Time: 15532, Behaviour: 3, Fault: 2, 98.3985, 2 , CLASSIFIED ,
Time: 16134, Behaviour: 3, Fault: 3, 92.3419, 92.3419, 3 , CLASSIFIED ,
Time: 16736, Behaviour: 3, Fault: 3, 90.8077, 3 , CLASSIFIED ,
Time: 17339, Behaviour: 3, Fault: 3, 84.7978, 3 , CLASSIFIED ,
Time: 17941, Behaviour: 3, Fault: 4, n/a, 4 , DIAGNOSED ,Time Taken, 116, ELLIGIBLE
Time: 18657, Behaviour: 3, Fault: 3, 81.6465, 81.6465, 3 , CLASSIFIED ,
Time: 19752, Behaviour: 3, Fault: 6, 75.0133, 3 , CLASSIFIED ,
Time: 20818, Behaviour: 3, Fault: 4, 75.3649, 4 , CLASSIFIED ,
Time: 21419, Behaviour: 3, Fault: 3, 85.1596, 3 , CLASSIFIED ,
Time: 22021, Behaviour: 3, Fault: 2, 97.934, 2 , CLASSIFIED ,
Time: 22623, Behaviour: 3, Fault: 2, 73.0701, 2 , CLASSIFIED ,
Time: 25727, Behaviour: 1, Fault: 6, 100, 3 , CLASSIFIED ,
Time: 26482, Behaviour: 1, Fault: 6, 83.4416, 3 , CLASSIFIED ,
Time: 27101, Behaviour: 1, Fault: 2, 98.3985, 2 , CLASSIFIED ,
Time: 27703, Behaviour: 1, Fault: 2, 95.9073, 2 , CLASSIFIED ,
Time: 28305, Behaviour: 1, Fault: 3, 95.6531, 95.6531, 3 , CLASSIFIED ,
Time: 29035, Behaviour: 1, Fault: 1, n/a, 1 , DIAGNOSED ,Time Taken, 12, ELLIGIBLE
Time: 29682, Behaviour: 1, Fault: 6, 100, 3 , CLASSIFIED ,
Total Faults, 31, Elligible Total, 27, DiagTot, 9, Elligible DiagTot, 5, FailTot, 0, MemoryTot, 22, %Memory,0.814815, %Failure,0
Time: 762, Behaviour: 2, Fault: 1, n/a, 1 , DIAGNOSED ,Time Taken, 12, 
Time: 1374, Behaviour: 2, Fault: 3, n/a, 3 , DIAGNOSED ,Time Taken, 13, 
Time: 5330, Behaviour: 1, Fault: 1, n/a, 1 , DIAGNOSED ,Time Taken, 12, ELLIGIBLE
Time: 5942, Behaviour: 1, Fault: 2, n/a, 2 , DIAGNOSED ,Time Taken, 11, 
Time: 6553, Behaviour: 1, Fault: 3, 92.1626, 3 , CLASSIFIED ,
Time: 7306, Behaviour: 1, Fault: 6, 86.9449, 3 , CLASSIFIED ,
Time: 8517, Behaviour: 1, Fault: 6, 83.8229, 3 , CLASSIFIED ,
Time: 10186, Behaviour: 1, Fault: 1, 90.6765, 1 , CLASSIFIED ,
Time: 10788, Behaviour: 1, Fault: 3, 99.8288, 3 , CLASSIFIED ,
Time: 11950, Behaviour: 1, Fault: 2, 98.9247, 2 , CLASSIFIED ,
Time: 12553, Behaviour: 1, Fault: 2, 100, 2 , CLASSIFIED ,
Time: 13155, Behaviour: 1, Fault: 2, 74.7668, 74.7668, 2 , CLASSIFIED ,
Time: 14470, Behaviour: 1, Fault: 1, 76.2317, 1 , CLASSIFIED ,
Time: 15144, Behaviour: 3, Fault: 2, 90.1891, 90.1891, 2 , CLASSIFIED ,
Time: 15746, Behaviour: 3, Fault: 3, 89.4802, 3 , CLASSIFIED ,
Time: 16608, Behaviour: 3, Fault: 4, n/a, 4 , DIAGNOSED ,Time Taken, 116, 
Time: 17324, Behaviour: 3, Fault: 3, 99.4875, 3 , CLASSIFIED ,
Time: 18324, Behaviour: 3, Fault: 4, 97.9721, 4 , CLASSIFIED ,
Time: 19674, Behaviour: 3, Fault: 1, 89.7891, 1 , CLASSIFIED ,
Time: 20843, Behaviour: 3, Fault: 1, 100, 1 , CLASSIFIED ,
Time: 21445, Behaviour: 3, Fault: 3, 95.2165, 3 , CLASSIFIED ,
Time: 22175, Behaviour: 3, Fault: 4, 80.6991, 4 , CLASSIFIED ,
Time: 23401, Behaviour: 3, Fault: 6, n/a, 6 , DIAGNOSED ,Time Taken, 1194, ELLIGIBLE
Time: 25195, Behaviour: 1, Fault: 3, 100, 3 , CLASSIFIED ,
Time: 25797, Behaviour: 1, Fault: 2, 100, 2 , CLASSIFIED ,
Time: 26400, Behaviour: 1, Fault: 3, 100, 3 , CLASSIFIED ,
Time: 27540, Behaviour: 1, Fault: 6, 99.8289, 3 , CLASSIFIED ,
Time: 28142, Behaviour: 1, Fault: 3, 100, 100, 3 , CLASSIFIED ,
Time: 28744, Behaviour: 1, Fault: 3, 82.28, 3 , CLASSIFIED ,
Time: 29438, Behaviour: 1, Fault: 1, 99.7783, 1 , CLASSIFIED ,
Time: 32782, Behaviour: 2, Fault: 3, 71.3283, 3 , CLASSIFIED ,
Time: 33384, Behaviour: 2, Fault: 2, 95.8725, 2 , CLASSIFIED ,
Time: 33986, Behaviour: 2, Fault: 3, 94.4469, 3 , CLASSIFIED ,
Time: 35802, Behaviour: 3, Fault: 6, 94.9881, 94.9881, 94.9881, 3 , CLASSIFIED ,
Total Faults, 34, Elligible Total, 30, DiagTot, 6, Elligible DiagTot, 2, FailTot, 0, MemoryTot, 28, %Memory,0.933333, %Failure,0
Time: 660, Behaviour: 2, Fault: 1, n/a, 1 , DIAGNOSED ,Time Taken, 12, 
Time: 1272, Behaviour: 2, Fault: 6, n/a, 3 , DIAGNOSED ,Time Taken, 18, 
Time: 1981, Behaviour: 2, Fault: 6, 100, 3 , CLASSIFIED ,
Time: 2583, Behaviour: 2, Fault: 2, n/a, 2 , DIAGNOSED ,Time Taken, 11, 
Time: 3360, Behaviour: 2, Fault: 4, n/a, 4 , DIAGNOSED ,Time Taken, 222, 
Time: 4182, Behaviour: 2, Fault: 3, 85.94, 85.94, 3 , CLASSIFIED ,
Time: 5370, Behaviour: 1, Fault: 6, n/a, 3 , DIAGNOSED ,Time Taken, 1198, ELLIGIBLE
Time: 7667, Behaviour: 1, Fault: 1, n/a, 1 , DIAGNOSED ,Time Taken, 12, ELLIGIBLE
Time: 8392, Behaviour: 1, Fault: 1, 100, 1 , CLASSIFIED ,
Time: 9710, Behaviour: 1, Fault: 1, 84.5154, 84.5154, 1 , CLASSIFIED ,
Time: 10317, Behaviour: 1, Fault: 1, 70.8656, 70.8656, FAILURE 3, n/a, 1 , DIAGNOSED ,Time Taken, 12, ELLIGIBLE
Time: 10979, Behaviour: 1, Fault: 4, n/a, 4 , DIAGNOSED ,Time Taken, 116, ELLIGIBLE
Time: 12487, Behaviour: 1, Fault: 6, 74.2732, 74.2732, 3 , CLASSIFIED ,
Time: 13312, Behaviour: 1, Fault: 5, 99.0005, 4 , CLASSIFIED ,
Time: 13918, Behaviour: 1, Fault: 3, 99.486, 99.486, 3 , CLASSIFIED ,
Time: 14544, Behaviour: 1, Fault: 2, 94.2812, 2 , CLASSIFIED ,
Time: 15863, Behaviour: 3, Fault: 1, 100, 100, 1 , CLASSIFIED ,
Time: 16465, Behaviour: 3, Fault: 2, 92.0526, 2 , CLASSIFIED ,
Time: 23330, Behaviour: 3, Fault: 1, n/a, 1 , DIAGNOSED ,Time Taken, 12, ELLIGIBLE
Time: 23949, Behaviour: 3, Fault: 4, 82.9653, 4 , CLASSIFIED ,
Time: 24848, Behaviour: 3, Fault: 4, 78.2239, 4 , CLASSIFIED ,
Time: 25585, Behaviour: 1, Fault: 4, 98.0137, 4 , CLASSIFIED ,
Time: 26202, Behaviour: 1, Fault: 1, 100, 100, 100, 1 , CLASSIFIED ,
Time: 26804, Behaviour: 1, Fault: 6, 87.3665, 3 , CLASSIFIED ,
Time: 29563, Behaviour: 1, Fault: 5, 99.5001, 4 , CLASSIFIED ,
Time: 30340, Behaviour: 2, Fault: 6, 97.9567, 3 , CLASSIFIED ,
Time: 31155, Behaviour: 2, Fault: 4, 90.3427, 4 , CLASSIFIED ,
Time: 31756, Behaviour: 2, Fault: 2, 87.6898, 2 , CLASSIFIED ,
Time: 32365, Behaviour: 2, Fault: 4, 98.8764, 4 , CLASSIFIED ,
Time: 32966, Behaviour: 2, Fault: 2, 79.0006, 2 , CLASSIFIED ,
Time: 34335, Behaviour: 2, Fault: 4, 94.3342, 4 , CLASSIFIED ,
Time: 34954, Behaviour: 2, Fault: 1, n/a, 1 , DIAGNOSED ,Time Taken, 12, ELLIGIBLE
Time: 35679, Behaviour: 3, Fault: 4, 97.0083, 4 , CLASSIFIED ,
Total Faults, 33, Elligible Total, 29, DiagTot, 9, Elligible DiagTot, 5, FailTot, 1, MemoryTot, 23, %Memory,0.793103, %Failure,0.0416667
Time: 919, Behaviour: 2, Fault: 1, n/a, 1 , DIAGNOSED ,Time Taken, 104, 
Time: 1660, Behaviour: 2, Fault: 1, 99.5565, 1 , CLASSIFIED ,
Time: 2262, Behaviour: 2, Fault: 2, n/a, 2 , DIAGNOSED ,Time Taken, 11, 
Time: 2873, Behaviour: 2, Fault: 2, 75.6367, 2 , CLASSIFIED ,
Time: 3536, Behaviour: 2, Fault: 6, n/a, 3 , DIAGNOSED ,Time Taken, 13, 
Time: 5213, Behaviour: 1, Fault: 1, 99.5565, 99.5565, 1 , CLASSIFIED ,
Time: 5817, Behaviour: 1, Fault: 5, n/a, 5 , DIAGNOSED ,Time Taken, 296, 
Time: 7443, Behaviour: 1, Fault: 5, 98.8335, 5 , CLASSIFIED ,
Time: 8047, Behaviour: 1, Fault: 5, 99.3333, 5 , CLASSIFIED ,
Time: 8650, Behaviour: 1, Fault: 4, 99.5001, 5 , CLASSIFIED ,
Time: 9876, Behaviour: 1, Fault: 6, FAILURE 5, FAILURE 5, FAILURE 5, FAILURE 5, FAILURE 5, FAILURE 5, FAILURE 5, FAILURE 5, FAILURE 5, FAILURE 5, FAILURE 5, FAILURE 5, FAILURE 5, FAILURE 5, FAILURE 5, FAILURE 5, FAILURE 5, FAILURE 5, FAILURE 5, FAILURE 5, FAILURE 5, FAILURE 5, FAILURE 5, FAILURE 5, FAILURE 5, FAILURE 5, FAILURE 5, FAILURE 5, FAILURE 5, FAILURE 5, FAILURE 5, FAILURE 5, FAILURE 5, FAILURE 5, FAILURE 5, FAILURE 5, FAILURE 5, FAILURE 5, FAILURE 5, FAILURE 5, FAILURE 5, FAILURE 5, FAILURE 5, FAILURE 5, FAILURE 5, FAILURE 5, FAILURE 5, FAILURE 5, FAILURE 5, FAILURE 5, FAILURE 5, FAILURE 5, FAILURE 5, FAILURE 5, FAILURE 5, FAILURE 5, FAILURE 5, FAILURE 5, FAILURE 5, FAILURE 5, FAILURE 5, FAILURE 5, FAILURE 5, FAILURE 5, FAILURE 5, FAILURE 5, FAILURE 5, FAILURE 5, FAILURE 5, FAILURE 5, FAILURE 5, FAILURE 5, FAILURE 5, FAILURE 5, FAILURE 5, FAILURE 5, FAILURE 5, FAILURE 5, FAILURE 5, FAILURE 5, FAILURE 5, FAILURE 5, FAILURE 5, FAILURE 5, FAILURE 5, FAILURE 5, FAILURE 5, FAILURE 5, FAILURE 5, FAILURE 5, FAILURE 5, FAILURE 5, FAILURE 5, FAILURE 5, FAILURE 5, FAILURE 5, FAILURE 5, FAILURE 5, FAILURE 5, FAILURE 5, FAILURE 5, FAILURE 5, FAILURE 5, FAILURE 5, FAILURE 5, FAILURE 5, FAILURE 5, FAILURE 5, FAILURE 5, FAILURE 5, FAILURE 5, FAILURE 5, FAILURE 5, FAILURE 5, FAILURE 5, FAILURE 5, FAILURE 5, FAILURE 5, FAILURE 5, FAILURE 5, FAILURE 5, FAILURE 5, FAILURE 5, FAILURE 5, FAILURE 5, FAILURE 5, FAILURE 5, FAILURE 5, FAILURE 5, FAILURE 5, FAILURE 5, FAILURE 5, FAILURE 5, FAILURE 5, FAILURE 5, FAILURE 5, FAILURE 5, FAILURE 5, FAILURE 5, FAILURE 5, FAILURE 5, FAILURE 5, FAILURE 5, FAILURE 5, FAILURE 5, FAILURE 5, FAILURE 5, FAILURE 5, FAILURE 5, FAILURE 5, FAILURE 5, FAILURE 5, FAILURE 5, FAILURE 5, FAILURE 5, FAILURE 5, FAILURE 5, FAILURE 5, FAILURE 5, FAILURE 5, FAILURE 5, FAILURE 5, FAILURE 5, FAILURE 5, FAILURE 5, FAILURE 5, FAILURE 5, FAILURE 5, FAILURE 5, FAILURE 5, FAILURE 5, FAILURE 5, FAILURE 5, FAILURE 5, FAILURE 5, FAILURE 5, FAILURE 5, FAILURE 5, FAILURE 5, FAILURE 5, FAILURE 5, FAILURE 5, FAILURE 5, FAILURE 5, FAILURE 5, FAILURE 5, FAILURE 5, FAILURE 5, FAILURE 5, FAILURE 5, FAILURE 5, FAILURE 5, FAILURE 5, FAILURE 5, FAILURE 5, FAILURE 5, FAILURE 5, FAILURE 5, FAILURE 5, FAILURE 5, FAILURE 5, FAILURE 5, FAILURE 5, FAILURE 5, FAILURE 5, FAILURE 5, FAILURE 5, FAILURE 5, FAILURE 5, FAILURE 5, FAILURE 5, FAILURE 5, FAILURE 5, FAILURE 5, FAILURE 5, FAILURE 5, FAILURE 5, FAILURE 5, FAILURE 5, FAILURE 5, FAILURE 5, FAILURE 5, FAILURE 5, FAILURE 5, FAILURE 5, FAILURE 5, FAILURE 5, FAILURE 5, FAILURE 5, FAILURE 5, FAILURE 5, FAILURE 5, FAILURE 5, FAILURE 5, FAILURE 5, FAILURE 5, FAILURE 5, FAILURE 5, FAILURE 5, FAILURE 5, FAILURE 5, FAILURE 5, FAILURE 5, FAILURE 5, FAILURE 5, FAILURE 5, FAILURE 5, FAILURE 5, FAILURE 5, FAILURE 5, FAILURE 5, FAILURE 5, FAILURE 5, FAILURE 5, FAILURE 5, FAILURE 5, FAILURE 5, FAILURE 5, FAILURE 5, FAILURE 5, FAILURE 5, FAILURE 5, FAILURE 5, FAILURE 5, FAILURE 5, FAILURE 5, FAILURE 5, FAILURE 5, FAILURE 5, FAILURE 5, FAILURE 5, FAILURE 5, FAILURE 5, FAILURE 5, FAILURE 5, FAILURE 5, FAILURE 5, FAILURE 5, FAILURE 5, FAILURE 5, FAILURE 5, FAILURE 5, FAILURE 5, FAILURE 5, FAILURE 5, FAILURE 5, FAILURE 5, FAILURE 5, FAILURE 5, FAILURE 5, FAILURE 5, FAILURE 5, FAILURE 5, FAILURE 5, FAILURE 5, FAILURE 5, FAILURE 5, FAILURE 5, FAILURE 5, FAILURE 5, FAILURE 5, FAILURE 5, FAILURE 5, FAILURE 5, FAILURE 5, FAILURE 5, FAILURE 5, FAILURE 5, FAILURE 5, FAILURE 5, FAILURE 5, FAILURE 5, FAILURE 5, FAILURE 5, FAILURE 5, FAILURE 5, FAILURE 5, FAILURE 5, FAILURE 5, FAILURE 5, FAILURE 5, FAILURE 5, FAILURE 5, FAILURE 5, FAILURE 5, FAILURE 5, FAILURE 5, FAILURE 5, FAILURE 5, FAILURE 5, FAILURE 5, FAILURE 5, FAILURE 5, FAILURE 5, FAILURE 5, FAILURE 5, FAILURE 5, FAILURE 5, FAILURE 5, FAILURE 5, FAILURE 5, FAILURE 5, FAILURE 5, FAILURE 5, FAILURE 5, FAILURE 5, FAILURE 5, FAILURE 5, FAILURE 5, FAILURE 5, FAILURE 5, FAILURE 5, FAILURE 5, FAILURE 5, FAILURE 5, FAILURE 5, FAILURE 5, FAILURE 5, FAILURE 5, FAILURE 5, FAILURE 5, FAILURE 5, FAILURE 5, FAILURE 5, FAILURE 5, FAILURE 5, FAILURE 5, FAILURE 5, FAILURE 5, FAILURE 5, FAILURE 5, FAILURE 5, FAILURE 5, FAILURE 5, FAILURE 5, FAILURE 5, FAILURE 5, FAILURE 5, FAILURE 5, FAILURE 5, FAILURE 5, FAILURE 5, FAILURE 5, FAILURE 5, FAILURE 5, FAILURE 5, FAILURE 5, FAILURE 5, FAILURE 5, FAILURE 5, FAILURE 5, FAILURE 5, FAILURE 5, FAILURE 5, FAILURE 5, FAILURE 5, FAILURE 5, FAILURE 5, FAILURE 5, FAILURE 5, FAILURE 5, FAILURE 5, FAILURE 5, FAILURE 5, FAILURE 5, FAILURE 5, FAILURE 5, FAILURE 5, FAILURE 5, FAILURE 5, FAILURE 5, FAILURE 5, FAILURE 5, FAILURE 5, FAILURE 5, FAILURE 5, FAILURE 5, FAILURE 5, FAILURE 5, FAILURE 5, FAILURE 5, FAILURE 5, FAILURE 5, FAILURE 5, FAILURE 5, FAILURE 5, FAILURE 5, FAILURE 5, FAILURE 5, FAILURE 5, FAILURE 5, FAILURE 5, FAILURE 5, FAILURE 5, FAILURE 5, FAILURE 5, FAILURE 5, FAILURE 5, FAILURE 5, FAILURE 5, FAILURE 5, FAILURE 5, FAILURE 5, FAILURE 5, FAILURE 5, FAILURE 5, FAILURE 5, FAILURE 5, FAILURE 5, FAILURE 5, FAILURE 5, FAILURE 5, FAILURE 5, FAILURE 5, FAILURE 5, FAILURE 5, FAILURE 5, FAILURE 5, FAILURE 5, FAILURE 5, FAILURE 5, FAILURE 5, FAILURE 5, FAILURE 5, FAILURE 5, FAILURE 5, FAILURE 5, FAILURE 5, FAILURE 5, FAILURE 5, FAILURE 5, FAILURE 5, FAILURE 5, FAILURE 5, FAILURE 5, FAILURE 5, FAILURE 5, FAILURE 5, FAILURE 5, FAILURE 5, FAILURE 5, FAILURE 5, FAILURE 5, FAILURE 5, FAILURE 5, FAILURE 5, FAILURE 5, FAILURE 5, FAILURE 5, FAILURE 5, FAILURE 5, FAILURE 5, FAILURE 5, FAILURE 5, FAILURE 5, FAILURE 5, FAILURE 5, FAILURE 5, FAILURE 5, FAILURE 5, FAILURE 5, FAILURE 5, FAILURE 5, FAILURE 5, FAILURE 5, FAILURE 5, FAILURE 5, FAILURE 5, FAILURE 5, FAILURE 5, FAILURE 5, FAILURE 5, FAILURE 5, FAILURE 5, FAILURE 5, FAILURE 5, FAILURE 5, FAILURE 5, FAILURE 5, FAILURE 5, FAILURE 5, FAILURE 5, FAILURE 5, FAILURE 5, FAILURE 5, FAILURE 5, FAILURE 5, FAILURE 5, FAILURE 5, FAILURE 5, FAILURE 5, FAILURE 5, FAILURE 5, FAILURE 5, FAILURE 5, FAILURE 5, FAILURE 5, FAILURE 5, FAILURE 5, FAILURE 5, FAILURE 5, FAILURE 5, FAILURE 5, FAILURE 5, FAILURE 5, FAILURE 5, FAILURE 5, FAILURE 5, FAILURE 5, FAILURE 5, FAILURE 5, FAILURE 5, FAILURE 5, FAILURE 5, FAILURE 5, FAILURE 5, FAILURE 5, FAILURE 5, FAILURE 5, FAILURE 5, FAILURE 5, FAILURE 5, FAILURE 5, FAILURE 5, FAILURE 5, FAILURE 5, FAILURE 5, FAILURE 5, FAILURE 5, FAILURE 5, FAILURE 5, FAILURE 5, FAILURE 5, FAILURE 5, FAILURE 5, FAILURE 5, FAILURE 5, FAILURE 5, FAILURE 5, FAILURE 5, FAILURE 5, FAILURE 5, FAILURE 5, FAILURE 5, FAILURE 5, FAILURE 5, FAILURE 5, FAILURE 5, FAILURE 5, FAILURE 5, FAILURE 5, FAILURE 5, FAILURE 5, FAILURE 5, FAILURE 5, FAILURE 5, FAILURE 5, FAILURE 5, FAILURE 5, FAILURE 5, FAILURE 5, FAILURE 5, FAILURE 5, FAILURE 5, FAILURE 5, FAILURE 5, FAILURE 5, FAILURE 5, FAILURE 5, FAILURE 5, FAILURE 5, FAILURE 5, FAILURE 5, FAILURE 5, FAILURE 5, FAILURE 5, FAILURE 5, FAILURE 5, FAILURE 5, FAILURE 5, FAILURE 5, FAILURE 5, FAILURE 5, FAILURE 5, FAILURE 5, FAILURE 5, FAILURE 5, FAILURE 5, FAILURE 5, FAILURE 5, FAILURE 5, FAILURE 5, FAILURE 5, FAILURE 5, FAILURE 5, FAILURE 5, FAILURE 5, FAILURE 5, FAILURE 5, FAILURE 5, FAILURE 5, FAILURE 5, FAILURE 5, FAILURE 5, FAILURE 5, FAILURE 5, FAILURE 5, FAILURE 5, FAILURE 5, FAILURE 5, FAILURE 5, FAILURE 5, FAILURE 5, FAILURE 5, FAILURE 5, FAILURE 5, FAILURE 5, FAILURE 5, FAILURE 5, FAILURE 5, FAILURE 5, FAILURE 5, FAILURE 5, FAILURE 5, FAILURE 5, FAILURE 5, FAILURE 5, FAILURE 5, FAILURE 5, FAILURE 5, FAILURE 5, FAILURE 5, FAILURE 5, FAILURE 5, FAILURE 5, FAILURE 5, FAILURE 5, FAILURE 5, FAILURE 5, FAILURE 5, FAILURE 5, FAILURE 5, FAILURE 5, FAILURE 5, FAILURE 5, FAILURE 5, FAILURE 5, FAILURE 5, FAILURE 5, FAILURE 5, FAILURE 5, FAILURE 5, FAILURE 5, FAILURE 5, FAILURE 5, FAILURE 5, FAILURE 5, FAILURE 5, FAILURE 5, FAILURE 5, FAILURE 5, FAILURE 5, FAILURE 5, FAILURE 5, FAILURE 5, FAILURE 5, FAILURE 5, FAILURE 5, FAILURE 5, FAILURE 5, FAILURE 5, FAILURE 5, FAILURE 5, FAILURE 5, FAILURE 5, FAILURE 5, FAILURE 5, FAILURE 5, FAILURE 5, FAILURE 5, FAILURE 5, FAILURE 5, FAILURE 5, FAILURE 5, FAILURE 5, FAILURE 5, FAILURE 5, FAILURE 5, FAILURE 5, FAILURE 5, FAILURE 5, FAILURE 5, FAILURE 5, FAILURE 5, FAILURE 5, FAILURE 5, FAILURE 5, FAILURE 5, FAILURE 5, FAILURE 5, FAILURE 5, FAILURE 5, FAILURE 5, FAILURE 5, FAILURE 5, FAILURE 5, FAILURE 5, FAILURE 5, FAILURE 5, FAILURE 5, FAILURE 5, FAILURE 5, FAILURE 5, FAILURE 5, FAILURE 5, FAILURE 5, FAILURE 5, FAILURE 5, FAILURE 5, FAILURE 5, FAILURE 5, FAILURE 5, FAILURE 5, FAILURE 5, FAILURE 5, FAILURE 5, FAILURE 5, FAILURE 5, FAILURE 5, FAILURE 5, FAILURE 5, FAILURE 5, FAILURE 5, FAILURE 5, FAILURE 5, FAILURE 5, FAILURE 5, FAILURE 5, FAILURE 5, FAILURE 5, FAILURE 5, FAILURE 5, FAILURE 5, FAILURE 5, FAILURE 5, FAILURE 5, FAILURE 5, FAILURE 5, FAILURE 5, FAILURE 5, FAILURE 5, FAILURE 5, FAILURE 5, FAILURE 5, FAILURE 5, FAILURE 5, FAILURE 5, FAILURE 5, FAILURE 5, FAILURE 5, FAILURE 5, FAILURE 5, FAILURE 5, FAILURE 5, FAILURE 5, FAILURE 5, FAILURE 5, FAILURE 5, FAILURE 5, FAILURE 5, FAILURE 5, FAILURE 5, FAILURE 5, FAILURE 5, FAILURE 5, FAILURE 5, FAILURE 5, FAILURE 5, FAILURE 5, FAILURE 5, FAILURE 5, FAILURE 5, FAILURE 5, FAILURE 5, FAILURE 5, FAILURE 5, FAILURE 5, FAILURE 5, FAILURE 5, FAILURE 5, FAILURE 5, FAILURE 5, FAILURE 5, FAILURE 5, FAILURE 5, FAILURE 5, FAILURE 5, FAILURE 5, FAILURE 5, FAILURE 5, FAILURE 5, FAILURE 5, FAILURE 5, FAILURE 5, FAILURE 5, FAILURE 5, FAILURE 5, FAILURE 5, FAILURE 5, FAILURE 5, FAILURE 5, FAILURE 5, FAILURE 5, FAILURE 5, FAILURE 5, FAILURE 5, FAILURE 5, FAILURE 5, FAILURE 5, FAILURE 5, FAILURE 5, FAILURE 5, FAILURE 5, FAILURE 5, FAILURE 5, FAILURE 5, FAILURE 5, FAILURE 5, FAILURE 5, FAILURE 5, FAILURE 5, FAILURE 5, FAILURE 5, FAILURE 5, FAILURE 5, FAILURE 5, FAILURE 5, FAILURE 5, FAILURE 5, FAILURE 5, FAILURE 5, FAILURE 5, FAILURE 5, FAILURE 5, FAILURE 5, FAILURE 5, FAILURE 5, FAILURE 5, FAILURE 5, FAILURE 5, FAILURE 5, FAILURE 5, FAILURE 5, FAILURE 5, FAILURE 5, FAILURE 5, FAILURE 5, FAILURE 5, FAILURE 5, FAILURE 5, FAILURE 5, FAILURE 5, FAILURE 5, FAILURE 5, FAILURE 5, FAILURE 5, FAILURE 5, FAILURE 5, FAILURE 5, FAILURE 5, FAILURE 5, FAILURE 5, FAILURE 5, FAILURE 5, FAILURE 5, FAILURE 5, FAILURE 5, FAILURE 5, FAILURE 5, FAILURE 5, FAILURE 5, FAILURE 5, FAILURE 5, FAILURE 5, FAILURE 5, FAILURE 5, FAILURE 5, FAILURE 5, FAILURE 5, FAILURE 5, FAILURE 5, FAILURE 5, FAILURE 5, FAILURE 5, FAILURE 5, FAILURE 5, FAILURE 5, FAILURE 5, FAILURE 5, FAILURE 5, FAILURE 5, FAILURE 5, FAILURE 5, FAILURE 5, FAILURE 5, FAILURE 5, FAILURE 5, FAILURE 5, FAILURE 5, FAILURE 5, FAILURE 5, FAILURE 5, FAILURE 5, FAILURE 5, FAILURE 5, FAILURE 5, FAILURE 5, FAILURE 5, FAILURE 5, FAILURE 5, FAILURE 5, FAILURE 5, FAILURE 5, FAILURE 5, FAILURE 5, FAILURE 5, FAILURE 5, FAILURE 5, FAILURE 5, FAILURE 5, FAILURE 5, FAILURE 5, FAILURE 5, FAILURE 5, FAILURE 5, FAILURE 5, FAILURE 5, FAILURE 5, FAILURE 5, FAILURE 5, FAILURE 5, FAILURE 5, FAILURE 5, FAILURE 5, FAILURE 5, FAILURE 5, FAILURE 5, FAILURE 5, FAILURE 5, FAILURE 5, FAILURE 5, FAILURE 5, FAILURE 5, FAILURE 5, FAILURE 5, FAILURE 5, FAILURE 5, FAILURE 5, FAILURE 5, FAILURE 5, FAILURE 5, FAILURE 5, FAILURE 5, FAILURE 5, FAILURE 5, FAILURE 5, FAILURE 5, FAILURE 5, FAILURE 5, FAILURE 5, FAILURE 5, FAILURE 5, FAILURE 5, FAILURE 5, FAILURE 5, FAILURE 5, FAILURE 5, FAILURE 5, FAILURE 5, FAILURE 5, FAILURE 5, FAILURE 5, FAILURE 5, FAILURE 5, FAILURE 5, FAILURE 5, FAILURE 5, FAILURE 5, FAILURE 5, FAILURE 5, FAILURE 5, FAILURE 5, FAILURE 5, FAILURE 5, FAILURE 5, FAILURE 5, FAILURE 5, FAILURE 5, FAILURE 5, FAILURE 5, FAILURE 5, FAILURE 5, FAILURE 5, FAILURE 5, FAILURE 5, FAILURE 5, FAILURE 5, FAILURE 5, FAILURE 5, FAILURE 5, FAILURE 5, FAILURE 5, FAILURE 5, FAILURE 5, FAILURE 5, FAILURE 5, FAILURE 5, FAILURE 5, FAILURE 5, FAILURE 5, FAILURE 5, FAILURE 5, FAILURE 5, FAILURE 5, FAILURE 5, FAILURE 5, FAILURE 5, FAILURE 5, FAILURE 5, FAILURE 5, FAILURE 5, FAILURE 5, FAILURE 5, FAILURE 5, FAILURE 5, FAILURE 5, FAILURE 5, FAILURE 5, FAILURE 5, FAILURE 5, FAILURE 5, FAILURE 5, FAILURE 5, FAILURE 5, FAILURE 5, FAILURE 5, FAILURE 5, FAILURE 5, FAILURE 5, FAILURE 5, FAILURE 5, FAILURE 5, FAILURE 5, FAILURE 5, FAILURE 5, FAILURE 5, FAILURE 5, FAILURE 5, FAILURE 5, FAILURE 5, FAILURE 5, FAILURE 5, FAILURE 5, FAILURE 5, FAILURE 5, FAILURE 5, FAILURE 5, FAILURE 5, FAILURE 5, FAILURE 5, FAILURE 5, FAILURE 5, FAILURE 5, FAILURE 5, FAILURE 5, FAILURE 5, FAILURE 5, FAILURE 5, FAILURE 5, FAILURE 5, FAILURE 5, FAILURE 5, FAILURE 5, FAILURE 5, FAILURE 5, FAILURE 5, FAILURE 5, FAILURE 5, FAILURE 5, FAILURE 5, FAILURE 5, FAILURE 5, FAILURE 5, FAILURE 5, FAILURE 5, FAILURE 5, FAILURE 5, FAILURE 5, FAILURE 5, FAILURE 5, FAILURE 5, FAILURE 5, FAILURE 5, FAILURE 5, FAILURE 5, FAILURE 5, FAILURE 5, FAILURE 5, FAILURE 5, FAILURE 5, FAILURE 5, FAILURE 5, FAILURE 5, FAILURE 5, FAILURE 5, FAILURE 5, FAILURE 5, FAILURE 5, FAILURE 5, FAILURE 5, FAILURE 5, FAILURE 5, FAILURE 5, FAILURE 5, FAILURE 5, FAILURE 5, FAILURE 5, FAILURE 5, FAILURE 5, FAILURE 5, FAILURE 5, FAILURE 5, FAILURE 5, FAILURE 5, FAILURE 5, FAILURE 5, FAILURE 5, FAILURE 5, FAILURE 5, FAILURE 5, FAILURE 5, FAILURE 5, FAILURE 5, FAILURE 5, FAILURE 5, FAILURE 5, FAILURE 5, FAILURE 5, FAILURE 5, FAILURE 5, FAILURE 5, FAILURE 5, FAILURE 5, FAILURE 5, FAILURE 5, FAILURE 5, FAILURE 5, FAILURE 5, FAILURE 5, FAILURE 5, FAILURE 5, FAILURE 5, FAILURE 5, FAILURE 5, FAILURE 5, FAILURE 5, FAILURE 5, FAILURE 5, FAILURE 5, FAILURE 5, FAILURE 5, FAILURE 5, FAILURE 5, FAILURE 5, FAILURE 5, FAILURE 5, FAILURE 5, FAILURE 5, FAILURE 5, FAILURE 5, FAILURE 5, FAILURE 5, FAILURE 5, FAILURE 5, FAILURE 5, FAILURE 5, FAILURE 5, FAILURE 5, FAILURE 5, FAILURE 5, FAILURE 5, FAILURE 5, FAILURE 5, FAILURE 5, FAILURE 5, FAILURE 5, FAILURE 5, FAILURE 5, FAILURE 5, FAILURE 5, FAILURE 5, FAILURE 5, FAILURE 5, FAILURE 5, FAILURE 5, FAILURE 5, FAILURE 5, FAILURE 5, FAILURE 5, FAILURE 5, FAILURE 5, FAILURE 5, FAILURE 5, FAILURE 5, FAILURE 5, FAILURE 5, FAILURE 5, FAILURE 5, FAILURE 5, FAILURE 5, FAILURE 5, FAILURE 5, FAILURE 5, FAILURE 5, FAILURE 5, FAILURE 5, FAILURE 5, FAILURE 5, FAILURE 5, FAILURE 5, FAILURE 5, FAILURE 5, FAILURE 5, FAILURE 5, FAILURE 5, FAILURE 5, FAILURE 5, FAILURE 5, FAILURE 5, FAILURE 5, FAILURE 5, FAILURE 5, FAILURE 5, FAILURE 5, FAILURE 5, FAILURE 5, FAILURE 5, FAILURE 5, FAILURE 5, FAILURE 5, FAILURE 5, FAILURE 5, FAILURE 5, FAILURE 5, FAILURE 5, FAILURE 5, FAILURE 5, FAILURE 5, FAILURE 5, FAILURE 5, FAILURE 5, FAILURE 5, FAILURE 5, FAILURE 5, FAILURE 5, FAILURE 5, FAILURE 5, FAILURE 5, FAILURE 5, FAILURE 5, FAILURE 5, FAILURE 5, FAILURE 5, FAILURE 5, FAILURE 5, FAILURE 5, FAILURE 5, FAILURE 5, FAILURE 5, FAILURE 5, FAILURE 5, FAILURE 5, FAILURE 5, FAILURE 5, FAILURE 5, FAILURE 5, FAILURE 5, FAILURE 5, FAILURE 5, FAILURE 5, FAILURE 5, FAILURE 5, FAILURE 5, FAILURE 5, FAILURE 5, FAILURE 5, FAILURE 5, FAILURE 5, FAILURE 5, FAILURE 5, FAILURE 5, FAILURE 5, FAILURE 5, FAILURE 5, FAILURE 5, FAILURE 5, FAILURE 5, FAILURE 5, FAILURE 5, FAILURE 5, FAILURE 5, FAILURE 5, FAILURE 5, FAILURE 5, FAILURE 5, FAILURE 5, FAILURE 5, FAILURE 5, FAILURE 5, FAILURE 5, FAILURE 5, FAILURE 5, FAILURE 5, FAILURE 5, FAILURE 5, FAILURE 5, FAILURE 5, FAILURE 5, FAILURE 5, FAILURE 5, FAILURE 5, FAILURE 5, FAILURE 5, FAILURE 5, FAILURE 5, FAILURE 5, FAILURE 5, FAILURE 5, FAILURE 5, FAILURE 5, FAILURE 5, FAILURE 5, FAILURE 5, FAILURE 5, FAILURE 5, FAILURE 5, FAILURE 5, FAILURE 5, FAILURE 5, FAILURE 5, FAILURE 5, FAILURE 5, FAILURE 5, FAILURE 5, FAILURE 5, FAILURE 5, FAILURE 5, FAILURE 5, FAILURE 5, FAILURE 5, FAILURE 5, FAILURE 5, FAILURE 5, FAILURE 5, FAILURE 5, FAILURE 5, FAILURE 5, FAILURE 5, FAILURE 5, FAILURE 5, FAILURE 5, FAILURE 5, FAILURE 5, FAILURE 5, FAILURE 5, FAILURE 5, FAILURE 5, FAILURE 5, FAILURE 5, FAILURE 5, FAILURE 5, FAILURE 5, FAILURE 5, FAILURE 5, FAILURE 5, FAILURE 5, FAILURE 5, FAILURE 5, FAILURE 5, FAILURE 5, FAILURE 5, FAILURE 5, FAILURE 5, FAILURE 5, FAILURE 5, FAILURE 5, FAILURE 5, FAILURE 5, FAILURE 5, FAILURE 5, FAILURE 5, FAILURE 5, FAILURE 5, FAILURE 5, FAILURE 5, FAILURE 5, FAILURE 5, FAILURE 5, FAILURE 5, FAILURE 5, FAILURE 5, FAILURE 5, FAILURE 5, FAILURE 5, FAILURE 5, FAILURE 5, FAILURE 5, FAILURE 5, FAILURE 5, FAILURE 5, FAILURE 5, FAILURE 5, FAILURE 5, FAILURE 5, FAILURE 5, FAILURE 5, FAILURE 5, FAILURE 5, FAILURE 5, FAILURE 5, FAILURE 5, FAILURE 5, FAILURE 5, FAILURE 5, FAILURE 5, FAILURE 5, FAILURE 5, FAILURE 5, FAILURE 5, FAILURE 5, FAILURE 5, FAILURE 5, FAILURE 5, FAILURE 5, FAILURE 5, FAILURE 5, FAILURE 5, FAILURE 5, FAILURE 5, FAILURE 5, FAILURE 5, FAILURE 5, FAILURE 5, FAILURE 5, FAILURE 5, FAILURE 5, FAILURE 5, FAILURE 5, FAILURE 5, FAILURE 5, FAILURE 5, FAILURE 5, FAILURE 5, FAILURE 5, FAILURE 5, FAILURE 5, FAILURE 5, FAILURE 5, FAILURE 5, FAILURE 5, FAILURE 5, FAILURE 5, FAILURE 5, FAILURE 5, FAILURE 5, FAILURE 5, FAILURE 5, FAILURE 5, FAILURE 5, FAILURE 5, FAILURE 5, FAILURE 5, FAILURE 5, FAILURE 5, FAILURE 5, FAILURE 5, FAILURE 5, FAILURE 5, FAILURE 5, FAILURE 5, FAILURE 5, FAILURE 5, FAILURE 5, FAILURE 5, FAILURE 5, FAILURE 5, FAILURE 5, FAILURE 5, FAILURE 5, FAILURE 5, FAILURE 5, FAILURE 5, FAILURE 5, FAILURE 5, FAILURE 5, FAILURE 5, FAILURE 5, FAILURE 5, FAILURE 5, FAILURE 5, FAILURE 5, FAILURE 5, FAILURE 5, FAILURE 5, FAILURE 5, FAILURE 5, FAILURE 5, FAILURE 5, FAILURE 5, FAILURE 5, FAILURE 5, FAILURE 5, FAILURE 5, FAILURE 5, FAILURE 5, FAILURE 5, FAILURE 5, FAILURE 5, FAILURE 5, FAILURE 5, FAILURE 5, FAILURE 5, FAILURE 5, FAILURE 5, FAILURE 5, FAILURE 5, FAILURE 5, FAILURE 5, FAILURE 5, FAILURE 5, FAILURE 5, FAILURE 5, FAILURE 5, FAILURE 5, FAILURE 5, FAILURE 5, FAILURE 5, FAILURE 5, FAILURE 5, FAILURE 5, FAILURE 5, FAILURE 5, FAILURE 5, FAILURE 5, FAILURE 5, FAILURE 5, FAILURE 5, FAILURE 5, FAILURE 5, FAILURE 5, FAILURE 5, FAILURE 5, FAILURE 5, FAILURE 5, FAILURE 5, FAILURE 5, FAILURE 5, FAILURE 5, FAILURE 5, FAILURE 5, FAILURE 5, FAILURE 5, FAILURE 5, FAILURE 5, FAILURE 5, FAILURE 5, FAILURE 5, FAILURE 5, FAILURE 5, FAILURE 5, FAILURE 5, FAILURE 5, FAILURE 5, FAILURE 5, FAILURE 5, FAILURE 5, FAILURE 5, FAILURE 5, FAILURE 5, FAILURE 5, FAILURE 5, FAILURE 5, FAILURE 5, FAILURE 5, FAILURE 5, FAILURE 5, FAILURE 5, FAILURE 5, FAILURE 5, FAILURE 5, FAILURE 5, FAILURE 5, FAILURE 5, FAILURE 5, FAILURE 5, FAILURE 5, FAILURE 5, FAILURE 5, FAILURE 5, FAILURE 5, FAILURE 5, FAILURE 5, FAILURE 5, FAILURE 5, FAILURE 5, FAILURE 5, FAILURE 5, FAILURE 5, FAILURE 5, FAILURE 5, FAILURE 5, FAILURE 5, FAILURE 5, FAILURE 5, FAILURE 5, FAILURE 5, FAILURE 5, FAILURE 5, FAILURE 5, FAILURE 5, FAILURE 5, FAILURE 5, FAILURE 5, FAILURE 5, FAILURE 5, FAILURE 5, FAILURE 5, FAILURE 5, FAILURE 5, FAILURE 5, FAILURE 5, FAILURE 5, FAILURE 5, FAILURE 5, FAILURE 5, FAILURE 5, FAILURE 5, FAILURE 5, FAILURE 5, FAILURE 5, FAILURE 5, FAILURE 5, FAILURE 5, FAILURE 5, FAILURE 5, FAILURE 5, FAILURE 5, FAILURE 5, FAILURE 5, FAILURE 5, FAILURE 5, FAILURE 5, FAILURE 5, FAILURE 5, FAILURE 5, FAILURE 5, FAILURE 5, FAILURE 5, FAILURE 5, FAILURE 5, FAILURE 5, FAILURE 5, FAILURE 5, FAILURE 5, FAILURE 5, FAILURE 5, FAILURE 5, FAILURE 5, FAILURE 5, FAILURE 5, FAILURE 5, FAILURE 5, FAILURE 5, FAILURE 5, FAILURE 5, FAILURE 5, FAILURE 5, FAILURE 5, FAILURE 5, FAILURE 5, FAILURE 5, FAILURE 5, FAILURE 5, FAILURE 5, FAILURE 5, FAILURE 5, FAILURE 5, FAILURE 5, FAILURE 5, FAILURE 5, FAILURE 5, FAILURE 5, FAILURE 5, FAILURE 5, FAILURE 5, FAILURE 5, FAILURE 5, FAILURE 5, FAILURE 5, FAILURE 5, FAILURE 5, FAILURE 5, FAILURE 5, FAILURE 5, FAILURE 5, FAILURE 5, FAILURE 5, FAILURE 5, FAILURE 5, FAILURE 5, FAILURE 5, FAILURE 5, FAILURE 5, FAILURE 5, FAILURE 5, FAILURE 5, FAILURE 5, FAILURE 5, FAILURE 5, FAILURE 5, FAILURE 5, FAILURE 5, FAILURE 5, FAILURE 5, FAILURE 5, FAILURE 5, FAILURE 5, FAILURE 5, FAILURE 5, FAILURE 5, FAILURE 5, FAILURE 5, FAILURE 5, FAILURE 5, FAILURE 5, FAILURE 5, FAILURE 5, FAILURE 5, FAILURE 5, FAILURE 5, FAILURE 5, FAILURE 5, FAILURE 5, FAILURE 5, FAILURE 5, FAILURE 5, FAILURE 5, FAILURE 5, FAILURE 5, FAILURE 5, FAILURE 5, FAILURE 5, FAILURE 5, FAILURE 5, FAILURE 5, FAILURE 5, FAILURE 5, FAILURE 5, FAILURE 5, FAILURE 5, FAILURE 5, FAILURE 5, FAILURE 5, FAILURE 5, FAILURE 5, FAILURE 5, FAILURE 5, FAILURE 5, FAILURE 5, FAILURE 5, FAILURE 5, FAILURE 5, FAILURE 5, FAILURE 5, FAILURE 5, FAILURE 5, FAILURE 5, FAILURE 5, FAILURE 5, FAILURE 5, FAILURE 5, FAILURE 5, FAILURE 5, FAILURE 5, FAILURE 5, FAILURE 5, FAILURE 5, FAILURE 5, FAILURE 5, FAILURE 5, FAILURE 5, FAILURE 5, FAILURE 5, FAILURE 5, FAILURE 5, FAILURE 5, FAILURE 5, FAILURE 5, FAILURE 5, FAILURE 5, FAILURE 5, FAILURE 5, FAILURE 5, FAILURE 5, FAILURE 5, FAILURE 5, FAILURE 5, FAILURE 5, FAILURE 5, FAILURE 5, FAILURE 5, FAILURE 5, FAILURE 5, FAILURE 5, FAILURE 5, FAILURE 5, FAILURE 5, FAILURE 5, FAILURE 5, FAILURE 5, FAILURE 5, FAILURE 5, FAILURE 5, FAILURE 5, FAILURE 5, FAILURE 5, FAILURE 5, FAILURE 5, FAILURE 5, FAILURE 5, FAILURE 5, FAILURE 5, FAILURE 5, FAILURE 5, FAILURE 5, FAILURE 5, FAILURE 5, FAILURE 5, FAILURE 5, FAILURE 5, FAILURE 5, FAILURE 5, FAILURE 5, FAILURE 5, FAILURE 5, FAILURE 5, FAILURE 5, FAILURE 5, FAILURE 5, FAILURE 5, FAILURE 5, FAILURE 5, FAILURE 5, FAILURE 5, FAILURE 5, FAILURE 5, FAILURE 5, FAILURE 5, FAILURE 5, FAILURE 5, FAILURE 5, FAILURE 5, FAILURE 5, FAILURE 5, FAILURE 5, FAILURE 5, FAILURE 5, FAILURE 5, FAILURE 5, FAILURE 5, FAILURE 5, FAILURE 5, FAILURE 5, FAILURE 5, FAILURE 5, FAILURE 5, FAILURE 5, FAILURE 5, FAILURE 5, FAILURE 5, n/a, 6 , DIAGNOSED ,Time Taken, 404, ELLIGIBLE
Time: 11077, Behaviour: 1, Fault: 1, n/a, 1 , DIAGNOSED ,Time Taken, 12, ELLIGIBLE
Time: 11957, Behaviour: 1, Fault: 5, 99.6667, 5 , CLASSIFIED ,
Time: 12558, Behaviour: 1, Fault: 3, 73.5315, 3 , CLASSIFIED ,
Time: 13172, Behaviour: 1, Fault: 4, n/a, 4 , DIAGNOSED ,Time Taken, 117, ELLIGIBLE
Time: 13891, Behaviour: 1, Fault: 4, 99.6667, 5 , CLASSIFIED ,
Time: 14512, Behaviour: 1, Fault: 6, 77.8449, 3 , CLASSIFIED ,
Time: 15929, Behaviour: 3, Fault: 4, 84.2778, 4 , CLASSIFIED ,
Time: 16530, Behaviour: 3, Fault: 3, 87.7133, 3 , CLASSIFIED ,
Time: 17132, Behaviour: 3, Fault: 2, 94.487, 2 , CLASSIFIED ,
Time: 17889, Behaviour: 3, Fault: 4, 92.1479, 4 , CLASSIFIED ,
Time: 18490, Behaviour: 3, Fault: 2, 77.7637, 2 , CLASSIFIED ,
Time: 19092, Behaviour: 3, Fault: 3, 92.8357, 3 , CLASSIFIED ,
Time: 19753, Behaviour: 3, Fault: 1, 96.9698, 1 , CLASSIFIED ,
Time: 20787, Behaviour: 3, Fault: 1, n/a, 1 , DIAGNOSED ,Time Taken, 12, ELLIGIBLE
Time: 24082, Behaviour: 3, Fault: 1, 96.9698, 1 , CLASSIFIED ,
Time: 25602, Behaviour: 1, Fault: 1, 93.9149, 1 , CLASSIFIED ,
Time: 26347, Behaviour: 1, Fault: 6, 83.3657, 3 , CLASSIFIED ,
Time: 28118, Behaviour: 1, Fault: 2, 93.9743, 2 , CLASSIFIED ,
Time: 28955, Behaviour: 1, Fault: 1, 88.5875, 1 , CLASSIFIED ,
Time: 29557, Behaviour: 1, Fault: 6, 95.8921, 3 , CLASSIFIED ,
Time: 30160, Behaviour: 2, Fault: 2, 90.0371, 2 , CLASSIFIED ,
Time: 30762, Behaviour: 2, Fault: 3, 94.7235, 3 , CLASSIFIED ,
Time: 31780, Behaviour: 2, Fault: 1, 98.6793, 1 , CLASSIFIED ,
Time: 32383, Behaviour: 2, Fault: 2, 84.0747, 2 , CLASSIFIED ,
Time: 33566, Behaviour: 2, Fault: 1, 95.7252, 1 , CLASSIFIED ,
Time: 34168, Behaviour: 2, Fault: 3, 93.1535, 3 , CLASSIFIED ,
Time: 34770, Behaviour: 2, Fault: 3, 89.1491, 3 , CLASSIFIED ,
Time: 35485, Behaviour: 3, Fault: 4, 84.3905, 4 , CLASSIFIED ,
Total Faults, 39, Elligible Total, 35, DiagTot, -1922, Elligible DiagTot, -1926, FailTot, 1930, MemoryTot, 31, %Memory,0.885714, %Failure,0.984192
Time: 1299, Behaviour: 2, Fault: 1, n/a, 1 , DIAGNOSED ,Time Taken, 12, 
Time: 1911, Behaviour: 2, Fault: 3, n/a, 3 , DIAGNOSED ,Time Taken, 13, 
Time: 2754, Behaviour: 2, Fault: 1, n/a, 1 , DIAGNOSED ,Time Taken, 13, ELLIGIBLE
Time: 3367, Behaviour: 2, Fault: 3, 78.0791, 3 , CLASSIFIED ,
Time: 3970, Behaviour: 2, Fault: 3, 90.4656, 3 , CLASSIFIED ,
Time: 4572, Behaviour: 2, Fault: 3, 86.3854, 3 , CLASSIFIED ,
Time: 5174, Behaviour: 1, Fault: 3, 88.1439, 3 , CLASSIFIED ,
Time: 5952, Behaviour: 1, Fault: 6, 69.9932, 3 , CLASSIFIED ,
Time: 6554, Behaviour: 1, Fault: 3, 87.2294, 3 , CLASSIFIED ,
Time: 7322, Behaviour: 1, Fault: 4, n/a, 4 , DIAGNOSED ,Time Taken, 117, 
Time: 8514, Behaviour: 1, Fault: 3, 68.313, 3 , CLASSIFIED ,
Time: 9219, Behaviour: 1, Fault: 5, 98.1778, 4 , CLASSIFIED ,
Time: 9820, Behaviour: 1, Fault: 3, 100, 3 , CLASSIFIED ,
Time: 10541, Behaviour: 1, Fault: 5, 97.6667, 4 , CLASSIFIED ,
Time: 11485, Behaviour: 1, Fault: 5, 99.6667, 4 , CLASSIFIED ,
Time: 12089, Behaviour: 1, Fault: 4, 99.6667, 4 , CLASSIFIED ,
Time: 12690, Behaviour: 1, Fault: 2, n/a, 2 , DIAGNOSED ,Time Taken, 11, 
Time: 13301, Behaviour: 1, Fault: 6, n/a, 6 , DIAGNOSED ,Time Taken, 371, ELLIGIBLE
Time: 14272, Behaviour: 1, Fault: 3, 100, 100, 3 , CLASSIFIED ,
Time: 14886, Behaviour: 1, Fault: 2, 99.4681, 2 , CLASSIFIED ,
Time: 15488, Behaviour: 3, Fault: 3, 88.3464, 3 , CLASSIFIED ,
Time: 16530, Behaviour: 3, Fault: 6, 68.0561, 3 , CLASSIFIED ,
Time: 17132, Behaviour: 3, Fault: 2, 98.9285, 2 , CLASSIFIED ,
Time: 17755, Behaviour: 3, Fault: 3, 92.1577, 92.1577, 92.1577, 3 , CLASSIFIED ,
Time: 19039, Behaviour: 3, Fault: 6, 76.9611, 3 , CLASSIFIED ,
Time: 19665, Behaviour: 3, Fault: 4, n/a, 4 , DIAGNOSED ,Time Taken, 117, ELLIGIBLE
Time: 20950, Behaviour: 3, Fault: 4, 99.4401, 4 , CLASSIFIED ,
Time: 22123, Behaviour: 3, Fault: 6, 89.9556, 3 , CLASSIFIED ,
Time: 26887, Behaviour: 1, Fault: 1, n/a, 1 , DIAGNOSED ,Time Taken, 13, ELLIGIBLE
Time: 27502, Behaviour: 1, Fault: 5, 99.5001, 4 , CLASSIFIED ,
Time: 28257, Behaviour: 1, Fault: 4, 100, 4 , CLASSIFIED ,
Time: 29265, Behaviour: 1, Fault: 1, n/a, 1 , DIAGNOSED ,Time Taken, 33, ELLIGIBLE
Time: 30070, Behaviour: 2, Fault: 5, 100, 100, 4 , CLASSIFIED ,
Time: 31718, Behaviour: 2, Fault: 1, 98.4624, 1 , CLASSIFIED ,
Time: 33663, Behaviour: 2, Fault: 6, 97.6211, 3 , CLASSIFIED ,
Time: 34597, Behaviour: 2, Fault: 6, 91.0914, 3 , CLASSIFIED ,
Time: 35876, Behaviour: 3, Fault: 6, 92.5218, 3 , CLASSIFIED ,
Total Faults, 37, Elligible Total, 33, DiagTot, 9, Elligible DiagTot, 5, FailTot, 0, MemoryTot, 28, %Memory,0.848485, %Failure,0
Time: 708, Behaviour: 2, Fault: 1, n/a, 1 , DIAGNOSED ,Time Taken, 13, 
Time: 1817, Behaviour: 2, Fault: 4, n/a, 4 , DIAGNOSED ,Time Taken, 218, 
Time: 2635, Behaviour: 2, Fault: 2, n/a, 2 , DIAGNOSED ,Time Taken, 16, 
Time: 3606, Behaviour: 2, Fault: 6, n/a, 3 , DIAGNOSED ,Time Taken, 14, 
Time: 14218, Behaviour: 1, Fault: 1, 99.5565, 1 , CLASSIFIED ,
Time: 15085, Behaviour: 3, Fault: 1, n/a, 1 , DIAGNOSED ,Time Taken, 12, ELLIGIBLE
Time: 15746, Behaviour: 3, Fault: 4, 70.4065, 4 , CLASSIFIED ,
Time: 16347, Behaviour: 3, Fault: 2, 72.3181, 2 , CLASSIFIED ,
Time: 17010, Behaviour: 3, Fault: 1, 71.0466, 1 , CLASSIFIED ,
Time: 17612, Behaviour: 3, Fault: 3, 75.0557, 3 , CLASSIFIED ,
Time: 18214, Behaviour: 3, Fault: 3, 83.5303, 3 , CLASSIFIED ,
Time: 19337, Behaviour: 3, Fault: 1, n/a, 1 , DIAGNOSED ,Time Taken, 12, ELLIGIBLE
Time: 19949, Behaviour: 3, Fault: 3, 99.3156, 3 , CLASSIFIED ,
Time: 21122, Behaviour: 3, Fault: 6, 74.3786, 3 , CLASSIFIED ,
Time: 21724, Behaviour: 3, Fault: 2, 87.8207, 2 , CLASSIFIED ,
Time: 23565, Behaviour: 3, Fault: 4, 87.2908, 4 , CLASSIFIED ,
Time: 24179, Behaviour: 3, Fault: 6, 82.5346, 3 , CLASSIFIED ,
Time: 25230, Behaviour: 1, Fault: 1, 91.6503, 1 , CLASSIFIED ,
Time: 25926, Behaviour: 1, Fault: 4, n/a, 4 , DIAGNOSED ,Time Taken, 116, ELLIGIBLE
Time: 26792, Behaviour: 1, Fault: 6, 99.8288, 3 , CLASSIFIED ,
Time: 27394, Behaviour: 1, Fault: 3, 100, 3 , CLASSIFIED ,
Time: 28046, Behaviour: 1, Fault: 4, 99.1668, 4 , CLASSIFIED ,
Time: 28732, Behaviour: 1, Fault: 1, 91.2046, 1 , CLASSIFIED ,
Time: 29593, Behaviour: 1, Fault: 1, 71.4286, 1 , CLASSIFIED ,
Time: 30271, Behaviour: 2, Fault: 6, 90.6249, 3 , CLASSIFIED ,
Time: 30873, Behaviour: 2, Fault: 3, 99.3156, 3 , CLASSIFIED ,
Time: 31527, Behaviour: 2, Fault: 4, 87.2908, 4 , CLASSIFIED ,
Time: 32128, Behaviour: 2, Fault: 3, 84.0689, 3 , CLASSIFIED ,
Time: 32732, Behaviour: 2, Fault: 2, 94.6044, 2 , CLASSIFIED ,
Time: 33334, Behaviour: 2, Fault: 6, 92.3384, 3 , CLASSIFIED ,
Time: 34216, Behaviour: 2, Fault: 4, 81.0042, 4 , CLASSIFIED ,
Time: 34966, Behaviour: 2, Fault: 1, 87.3704, 1 , CLASSIFIED ,
Time: 35568, Behaviour: 3, Fault: 3, 85.044, 85.044, 3 , CLASSIFIED ,
Total Faults, 33, Elligible Total, 29, DiagTot, 7, Elligible DiagTot, 3, FailTot, 0, MemoryTot, 26, %Memory,0.896552, %Failure,0
Time: 676, Behaviour: 2, Fault: 1, n/a, 1 , DIAGNOSED ,Time Taken, 12, 
Time: 1288, Behaviour: 2, Fault: 3, n/a, 3 , DIAGNOSED ,Time Taken, 13, 
Time: 2312, Behaviour: 2, Fault: 1, 91.5847, 1 , CLASSIFIED ,
Time: 3758, Behaviour: 2, Fault: 6, n/a, 3 , DIAGNOSED ,Time Taken, 368, 
Time: 4726, Behaviour: 2, Fault: 3, 95.5161, 3 , CLASSIFIED ,
Time: 6289, Behaviour: 1, Fault: 1, 97.4022, 1 , CLASSIFIED ,
Time: 7448, Behaviour: 1, Fault: 1, n/a, 1 , DIAGNOSED ,Time Taken, 34, ELLIGIBLE
Time: 8399, Behaviour: 1, Fault: 1, 76.8097, 1 , CLASSIFIED ,
Time: 9381, Behaviour: 1, Fault: 1, 95.9166, 1 , CLASSIFIED ,
Time: 9984, Behaviour: 1, Fault: 2, n/a, 2 , DIAGNOSED ,Time Taken, 11, 
Time: 10595, Behaviour: 1, Fault: 2, 98.4263, 2 , CLASSIFIED ,
Time: 11197, Behaviour: 1, Fault: 3, 95.7726, 3 , CLASSIFIED ,
Time: 11807, Behaviour: 1, Fault: 5, n/a, 5 , DIAGNOSED ,Time Taken, 165, 
Time: 12572, Behaviour: 1, Fault: 3, 90.0162, 3 , CLASSIFIED ,
Time: 13349, Behaviour: 1, Fault: 1, 91.5244, 1 , CLASSIFIED ,
Time: 15102, Behaviour: 3, Fault: 4, n/a, 4 , DIAGNOSED ,Time Taken, 116, 
Time: 15853, Behaviour: 3, Fault: 4, 97.0426, 4 , CLASSIFIED ,
Time: 17140, Behaviour: 3, Fault: 6, 83.9419, 3 , CLASSIFIED ,
Time: 17742, Behaviour: 3, Fault: 3, 97.1125, 3 , CLASSIFIED ,
Time: 18623, Behaviour: 3, Fault: 1, 72.4357, 1 , CLASSIFIED ,
Time: 19579, Behaviour: 3, Fault: 6, 97.9767, 3 , CLASSIFIED ,
Time: 20181, Behaviour: 3, Fault: 2, 96.8632, 2 , CLASSIFIED ,
Time: 20783, Behaviour: 3, Fault: 3, 95.9399, 3 , CLASSIFIED ,
Time: 21385, Behaviour: 3, Fault: 3, 96.0635, 3 , CLASSIFIED ,
Time: 25405, Behaviour: 1, Fault: 1, n/a, 1 , DIAGNOSED ,Time Taken, 12, ELLIGIBLE
Time: 26070, Behaviour: 1, Fault: 4, 99.6672, 5 , CLASSIFIED ,
Time: 26680, Behaviour: 1, Fault: 2, 100, 2 , CLASSIFIED ,
Time: 27602, Behaviour: 1, Fault: 6, 66.9535, 3 , CLASSIFIED ,
Time: 28233, Behaviour: 1, Fault: 4, 100, 5 , CLASSIFIED ,
Time: 35242, Behaviour: 3, Fault: 3, 69.6177, 3 , CLASSIFIED ,
Time: 35979, Behaviour: 3, Fault: 6, Total Faults, 30, Elligible Total, 24, DiagTot, 8, Elligible DiagTot, 2, FailTot, 0, MemoryTot, 22, %Memory,0.916667, %Failure,0
Time: 691, Behaviour: 2, Fault: 1, n/a, 1 , DIAGNOSED ,Time Taken, 12, 
Time: 2446, Behaviour: 2, Fault: 1, n/a, 1 , DIAGNOSED ,Time Taken, 12, ELLIGIBLE
Time: 3082, Behaviour: 2, Fault: 6, n/a, 3 , DIAGNOSED ,Time Taken, 13, 
Time: 3992, Behaviour: 2, Fault: 1, 99.5565, 1 , CLASSIFIED ,
Time: 5568, Behaviour: 1, Fault: 6, 88.4605, 3 , CLASSIFIED ,
Time: 6172, Behaviour: 1, Fault: 5, n/a, 5 , DIAGNOSED ,Time Taken, 186, 
Time: 7028, Behaviour: 1, Fault: 3, 91.6515, 3 , CLASSIFIED ,
Time: 7630, Behaviour: 1, Fault: 3, 100, 3 , CLASSIFIED ,
Time: 8232, Behaviour: 1, Fault: 2, n/a, 2 , DIAGNOSED ,Time Taken, 17, 
Time: 17686, Behaviour: 3, Fault: 1, n/a, 1 , DIAGNOSED ,Time Taken, 12, ELLIGIBLE
Time: 18298, Behaviour: 3, Fault: 3, 90.8747, 3 , CLASSIFIED ,
Time: 18900, Behaviour: 3, Fault: 2, 88.0824, 2 , CLASSIFIED ,
Time: 19513, Behaviour: 3, Fault: 1, n/a, 1 , DIAGNOSED ,Time Taken, 12, ELLIGIBLE
Time: 20125, Behaviour: 3, Fault: 6, 99.486, 99.486, 3 , CLASSIFIED ,
Time: 20727, Behaviour: 3, Fault: 1, 66.3457, FAILURE 5, n/a, 1 , DIAGNOSED ,Time Taken, 12, ELLIGIBLE
Time: 21339, Behaviour: 3, Fault: 2, 86.7405, 2 , CLASSIFIED ,
Time: 24214, Behaviour: 3, Fault: 4, n/a, 4 , DIAGNOSED ,Time Taken, 117, 
Time: 25027, Behaviour: 1, Fault: 6, 74.9177, 3 , CLASSIFIED ,
Time: 25820, Behaviour: 1, Fault: 4, 99.6672, 5 , CLASSIFIED ,
Time: 26433, Behaviour: 1, Fault: 2, 77.4299, 2 , CLASSIFIED ,
Time: 27311, Behaviour: 1, Fault: 2, 100, 2 , CLASSIFIED ,
Time: 28006, Behaviour: 1, Fault: 4, 68.2682, 4 , CLASSIFIED ,
Time: 28806, Behaviour: 1, Fault: 6, 100, 100, 3 , CLASSIFIED ,
Time: 29545, Behaviour: 1, Fault: 6, 83.0754, 3 , CLASSIFIED ,
Time: 30147, Behaviour: 2, Fault: 3, 100, 3 , CLASSIFIED ,
Time: 30917, Behaviour: 2, Fault: 6, 83.9987, 83.9987, 3 , CLASSIFIED ,
Time: 31620, Behaviour: 2, Fault: 6, 66.1258, 3 , CLASSIFIED ,
Time: 32231, Behaviour: 2, Fault: 4, 97.9598, 4 , CLASSIFIED ,
Time: 32834, Behaviour: 2, Fault: 4, 99.6262, 4 , CLASSIFIED ,
Time: 33435, Behaviour: 2, Fault: 2, 85.0413, 85.0413, 2 , CLASSIFIED ,
Time: 34037, Behaviour: 2, Fault: 3, 87.531, 87.531, 3 , CLASSIFIED ,
Time: 34766, Behaviour: 2, Fault: 4, 99.6262, 4 , CLASSIFIED ,
Time: 35368, Behaviour: 3, Fault: 2, 84.3977, 2 , CLASSIFIED ,
Time: 35971, Behaviour: 3, Fault: 4, 84.9226, 4 , CLASSIFIED ,
Total Faults, 34, Elligible Total, 29, DiagTot, 8, Elligible DiagTot, 3, FailTot, 1, MemoryTot, 25, %Memory,0.862069, %Failure,0.0384615
Time: 1522, Behaviour: 2, Fault: 1, n/a, 1 , DIAGNOSED ,Time Taken, 12, 
Time: 2134, Behaviour: 2, Fault: 3, n/a, 3 , DIAGNOSED ,Time Taken, 13, 
Time: 2747, Behaviour: 2, Fault: 6, 76.8697, 3 , CLASSIFIED ,
Time: 3351, Behaviour: 2, Fault: 1, n/a, 1 , DIAGNOSED ,Time Taken, 12, ELLIGIBLE
Time: 5637, Behaviour: 1, Fault: 1, 99.7783, 1 , CLASSIFIED ,
Time: 6239, Behaviour: 1, Fault: 2, n/a, 2 , DIAGNOSED ,Time Taken, 11, 
Time: 6919, Behaviour: 1, Fault: 1, 73.0244, 1 , CLASSIFIED ,
Time: 7522, Behaviour: 1, Fault: 3, 99.1449, 3 , CLASSIFIED ,
Time: 8396, Behaviour: 1, Fault: 1, 67.8162, 1 , CLASSIFIED ,
Time: 9364, Behaviour: 1, Fault: 5, n/a, 5 , DIAGNOSED ,Time Taken, 166, 
Time: 10718, Behaviour: 1, Fault: 1, 84.5154, 1 , CLASSIFIED ,
Time: 11321, Behaviour: 1, Fault: 3, 100, 3 , CLASSIFIED ,
Time: 12101, Behaviour: 1, Fault: 1, 70.4534, 70.4534, FAILURE 3, 70.4534, 70.4534, FAILURE 3, n/a, 1 , DIAGNOSED ,Time Taken, 290, ELLIGIBLE
Time: 12991, Behaviour: 1, Fault: 3, 100, 100, 3 , CLASSIFIED ,
Time: 13594, Behaviour: 1, Fault: 2, 82.2131, 2 , CLASSIFIED ,
Time: 14424, Behaviour: 1, Fault: 1, 80.1646, 1 , CLASSIFIED ,
Time: 15083, Behaviour: 3, Fault: 3, 96.8113, 96.8113, 96.8113, 3 , CLASSIFIED ,
Time: 15875, Behaviour: 3, Fault: 4, n/a, 4 , DIAGNOSED ,Time Taken, 343, 
Time: 17630, Behaviour: 3, Fault: 6, 94.7055, 3 , CLASSIFIED ,
Time: 18255, Behaviour: 3, Fault: 3, 90.8639, 3 , CLASSIFIED ,
Time: 19261, Behaviour: 3, Fault: 6, 89.3939, 3 , CLASSIFIED ,
Time: 19936, Behaviour: 3, Fault: 4, 81.7645, 4 , CLASSIFIED ,
Time: 20980, Behaviour: 3, Fault: 1, 100, 1 , CLASSIFIED ,
Time: 24769, Behaviour: 3, Fault: 1, n/a, 1 , DIAGNOSED ,Time Taken, 13, ELLIGIBLE
Time: 25575, Behaviour: 1, Fault: 1, 99.1208, 1 , CLASSIFIED ,
Time: 26915, Behaviour: 1, Fault: 4, 100, 5 , CLASSIFIED ,
Time: 27518, Behaviour: 1, Fault: 4, 100, 100, 5 , CLASSIFIED ,
Time: 28276, Behaviour: 1, Fault: 2, 98.9247, 2 , CLASSIFIED ,
Time: 28880, Behaviour: 1, Fault: 5, 99.3355, 99.3355, 5 , CLASSIFIED ,
Time: 29608, Behaviour: 1, Fault: 5, 99.0022, 99.0022, 5 , CLASSIFIED ,
Time: 30906, Behaviour: 2, Fault: 4, 95.6452, 4 , CLASSIFIED ,
Time: 31507, Behaviour: 2, Fault: 3, 99.486, 3 , CLASSIFIED ,
Time: 32208, Behaviour: 2, Fault: 6, n/a, 3 , DIAGNOSED ,Time Taken, 13, ELLIGIBLE
Time: 32821, Behaviour: 2, Fault: 3, 84.1636, 3 , CLASSIFIED ,
Time: 35386, Behaviour: 3, Fault: 1, n/a, 1 , DIAGNOSED ,Time Taken, 20, ELLIGIBLE
Total Faults, 35, Elligible Total, 30, DiagTot, 8, Elligible DiagTot, 3, FailTot, 2, MemoryTot, 25, %Memory,0.833333, %Failure,0.0740741
Time: 7919, Behaviour: 1, Fault: 1, n/a, 1 , DIAGNOSED ,Time Taken, 15, 
Time: 8952, Behaviour: 1, Fault: 6, n/a, 3 , DIAGNOSED ,Time Taken, 13, 
Time: 9567, Behaviour: 1, Fault: 5, n/a, 5 , DIAGNOSED ,Time Taken, 166, 
Time: 10723, Behaviour: 1, Fault: 1, n/a, 1 , DIAGNOSED ,Time Taken, 147, ELLIGIBLE
Time: 11470, Behaviour: 1, Fault: 6, n/a, 3 , DIAGNOSED ,Time Taken, 114, ELLIGIBLE
Time: 12186, Behaviour: 1, Fault: 5, 100, 5 , CLASSIFIED ,
Time: 12787, Behaviour: 1, Fault: 3, 91.5455, 3 , CLASSIFIED ,
Time: 13441, Behaviour: 1, Fault: 5, 99.6672, 99.6672, 5 , CLASSIFIED ,
Time: 14064, Behaviour: 1, Fault: 4, n/a, 4 , DIAGNOSED ,Time Taken, 116, 
Time: 14782, Behaviour: 1, Fault: 5, 99.8335, 99.8335, 5 , CLASSIFIED ,
Time: 15383, Behaviour: 3, Fault: 3, 99.6579, 3 , CLASSIFIED ,
Time: 15985, Behaviour: 3, Fault: 3, 90.3039, 3 , CLASSIFIED ,
Time: 16587, Behaviour: 3, Fault: 3, 96.6747, 3 , CLASSIFIED ,
Time: 17401, Behaviour: 3, Fault: 6, 94.3068, 3 , CLASSIFIED ,
Time: 18029, Behaviour: 3, Fault: 1, 72.9972, 1 , CLASSIFIED ,
Time: 18631, Behaviour: 3, Fault: 2, n/a, 2 , DIAGNOSED ,Time Taken, 11, 
Time: 19547, Behaviour: 3, Fault: 4, 96.6437, 4 , CLASSIFIED ,
Time: 20148, Behaviour: 3, Fault: 3, 92.9385, 3 , CLASSIFIED ,
Time: 20975, Behaviour: 3, Fault: 4, 99.8128, 4 , CLASSIFIED ,
Time: 21895, Behaviour: 3, Fault: 2, 76.05, 2 , CLASSIFIED ,
Time: 22497, Behaviour: 3, Fault: 2, 78.3121, 2 , CLASSIFIED ,
Time: 23121, Behaviour: 3, Fault: 1, n/a, 1 , DIAGNOSED ,Time Taken, 12, ELLIGIBLE
Time: 23733, Behaviour: 3, Fault: 3, 100, 3 , CLASSIFIED ,
Time: 24669, Behaviour: 3, Fault: 4, 80.9981, 4 , CLASSIFIED ,
Time: 25270, Behaviour: 1, Fault: 3, 100, 100, 3 , CLASSIFIED ,
Time: 25872, Behaviour: 1, Fault: 2, 98.9247, 2 , CLASSIFIED ,
Time: 27378, Behaviour: 1, Fault: 4, 99.6667, 5 , CLASSIFIED ,
Time: 27979, Behaviour: 1, Fault: 2, 92.2936, 2 , CLASSIFIED ,
Time: 29136, Behaviour: 1, Fault: 6, 90.2002, 90.2002, 90.2002, 3 , CLASSIFIED ,
Time: 29739, Behaviour: 1, Fault: 3, 91.8476, 91.8476, 3 , CLASSIFIED ,
Time: 30433, Behaviour: 2, Fault: 4, 99.2509, 4 , CLASSIFIED ,
Time: 31034, Behaviour: 2, Fault: 3, 96.8617, 3 , CLASSIFIED ,
Time: 31656, Behaviour: 2, Fault: 6, 96.186, 3 , CLASSIFIED ,
Time: 32258, Behaviour: 2, Fault: 3, 99.486, 99.486, 3 , CLASSIFIED ,
Time: 32860, Behaviour: 2, Fault: 6, 97.6387, 3 , CLASSIFIED ,
Time: 33618, Behaviour: 2, Fault: 1, 99.7783, 1 , CLASSIFIED ,
Time: 34220, Behaviour: 2, Fault: 3, 95.2424, 3 , CLASSIFIED ,
Total Faults, 37, Elligible Total, 32, DiagTot, 8, Elligible DiagTot, 3, FailTot, 0, MemoryTot, 29, %Memory,0.90625, %Failure,0
Time: 1470, Behaviour: 2, Fault: 1, n/a, 1 , DIAGNOSED ,Time Taken, 12, 
Time: 5357, Behaviour: 1, Fault: 1, n/a, 1 , DIAGNOSED ,Time Taken, 12, ELLIGIBLE
Time: 5969, Behaviour: 1, Fault: 6, n/a, 3 , DIAGNOSED ,Time Taken, 14, 
Time: 6583, Behaviour: 1, Fault: 3, 93.7506, 3 , CLASSIFIED ,
Time: 7499, Behaviour: 1, Fault: 3, 68.313, 3 , CLASSIFIED ,
Time: 15877, Behaviour: 3, Fault: 4, n/a, 4 , DIAGNOSED ,Time Taken, 126, 
Time: 16603, Behaviour: 3, Fault: 1, n/a, 1 , DIAGNOSED ,Time Taken, 12, ELLIGIBLE
Time: 17546, Behaviour: 3, Fault: 1, 82.8064, 1 , CLASSIFIED ,
Time: 18369, Behaviour: 3, Fault: 4, 96.3417, 4 , CLASSIFIED ,
Time: 18970, Behaviour: 3, Fault: 2, n/a, 2 , DIAGNOSED ,Time Taken, 11, 
Time: 19739, Behaviour: 3, Fault: 1, 83.3426, 1 , CLASSIFIED ,
Time: 20378, Behaviour: 3, Fault: 1, 99.1189, 1 , CLASSIFIED ,
Time: 20980, Behaviour: 3, Fault: 2, 71.2507, 2 , CLASSIFIED ,
Time: 21588, Behaviour: 3, Fault: 1, 99.7783, 1 , CLASSIFIED ,
Time: 22285, Behaviour: 3, Fault: 4, 82.667, 4 , CLASSIFIED ,
Time: 22942, Behaviour: 3, Fault: 4, 93.5724, 4 , CLASSIFIED ,
Time: 23764, Behaviour: 3, Fault: 1, 99.3158, 1 , CLASSIFIED ,
Time: 24450, Behaviour: 3, Fault: 4, 84.7827, 4 , CLASSIFIED ,
Time: 25051, Behaviour: 1, Fault: 3, 83.759, 3 , CLASSIFIED ,
Time: 25653, Behaviour: 1, Fault: 3, 89.4605, 3 , CLASSIFIED ,
Time: 26297, Behaviour: 1, Fault: 4, 73.6943, 4 , CLASSIFIED ,
Time: 27015, Behaviour: 1, Fault: 1, 94.3078, 1 , CLASSIFIED ,
Time: 27617, Behaviour: 1, Fault: 2, 100, 2 , CLASSIFIED ,
Time: 28499, Behaviour: 1, Fault: 4, 70.3571, FAILURE 1, n/a, 4 , DIAGNOSED ,Time Taken, 117, ELLIGIBLE
Time: 30317, Behaviour: 2, Fault: 6, n/a, 3 , DIAGNOSED ,Time Taken, 13, ELLIGIBLE
Time: 30972, Behaviour: 2, Fault: 1, n/a, 1 , DIAGNOSED ,Time Taken, 13, ELLIGIBLE
Time: 31585, Behaviour: 2, Fault: 1, n/a, 1 , DIAGNOSED ,Time Taken, 12, ELLIGIBLE
Time: 33564, Behaviour: 2, Fault: 6, 82.0103, 3 , CLASSIFIED ,
Time: 34166, Behaviour: 2, Fault: 2, 86.8564, 86.8564, 2 , CLASSIFIED ,
Time: 34900, Behaviour: 2, Fault: 1, 99.7783, 1 , CLASSIFIED ,
Time: 35502, Behaviour: 3, Fault: 1, 78.9998, 1 , CLASSIFIED ,
Total Faults, 31, Elligible Total, 27, DiagTot, 9, Elligible DiagTot, 5, FailTot, 1, MemoryTot, 21, %Memory,0.777778, %Failure,0.0454545
Time: 13386, Behaviour: 1, Fault: 1, n/a, 1 , DIAGNOSED ,Time Taken, 18, 
Time: 14004, Behaviour: 1, Fault: 3, n/a, 3 , DIAGNOSED ,Time Taken, 38, 
Time: 14642, Behaviour: 1, Fault: 3, 100, 3 , CLASSIFIED ,
Time: 15793, Behaviour: 3, Fault: 1, n/a, 1 , DIAGNOSED ,Time Taken, 12, ELLIGIBLE
Time: 16405, Behaviour: 3, Fault: 2, n/a, 2 , DIAGNOSED ,Time Taken, 11, 
Time: 17265, Behaviour: 3, Fault: 6, 69.5759, 69.5759, 3 , CLASSIFIED ,
Time: 17874, Behaviour: 3, Fault: 2, 97.9162, 2 , CLASSIFIED ,
Time: 18476, Behaviour: 3, Fault: 6, n/a, 3 , DIAGNOSED ,Time Taken, 252, ELLIGIBLE
Time: 19328, Behaviour: 3, Fault: 3, 87.6469, 87.6469, 3 , CLASSIFIED ,
Time: 19933, Behaviour: 3, Fault: 1, n/a, 1 , DIAGNOSED ,Time Taken, 13, ELLIGIBLE
Time: 20546, Behaviour: 3, Fault: 2, 98.9285, 2 , CLASSIFIED ,
Time: 23048, Behaviour: 3, Fault: 1, n/a, 1 , DIAGNOSED ,Time Taken, 24, ELLIGIBLE
Time: 24034, Behaviour: 3, Fault: 1, 97.1917, 1 , CLASSIFIED ,
Time: 25862, Behaviour: 1, Fault: 6, 100, 100, 3 , CLASSIFIED ,
Time: 26646, Behaviour: 1, Fault: 5, n/a, 5 , DIAGNOSED ,Time Taken, 165, 
Time: 27413, Behaviour: 1, Fault: 5, 99.0022, 5 , CLASSIFIED ,
Time: 28308, Behaviour: 1, Fault: 1, 71.4286, 71.4286, 71.4286, FAILURE 3, n/a, 1 , DIAGNOSED ,Time Taken, 12, ELLIGIBLE
Time: 28920, Behaviour: 1, Fault: 2, 100, 2 , CLASSIFIED ,
Total Faults, 18, Elligible Total, 14, DiagTot, 8, Elligible DiagTot, 4, FailTot, 1, MemoryTot, 9, %Memory,0.642857, %Failure,0.1
Time: 628, Behaviour: 2, Fault: 1, n/a, 1 , DIAGNOSED ,Time Taken, 12, 
Time: 1240, Behaviour: 2, Fault: 1, n/a, 1 , DIAGNOSED ,Time Taken, 13, ELLIGIBLE
Time: 1853, Behaviour: 2, Fault: 2, n/a, 2 , DIAGNOSED ,Time Taken, 15, 
Time: 2720, Behaviour: 2, Fault: 6, n/a, 3 , DIAGNOSED ,Time Taken, 13, 
Time: 3333, Behaviour: 2, Fault: 3, n/a, 3 , DIAGNOSED ,Time Taken, 13, 
Time: 3946, Behaviour: 2, Fault: 2, 69.8723, 2 , CLASSIFIED ,
Time: 4548, Behaviour: 2, Fault: 3, 87.1607, 3 , CLASSIFIED ,
Time: 5293, Behaviour: 1, Fault: 1, 100, 1 , CLASSIFIED ,
Time: 5957, Behaviour: 1, Fault: 5, n/a, 5 , DIAGNOSED ,Time Taken, 166, 
Time: 6725, Behaviour: 1, Fault: 4, 99.5012, 5 , CLASSIFIED ,
Time: 7487, Behaviour: 1, Fault: 6, 76.0426, 3 , CLASSIFIED ,
Time: 8500, Behaviour: 1, Fault: 5, 99.8335, 5 , CLASSIFIED ,
Time: 9103, Behaviour: 1, Fault: 5, 99.6672, 5 , CLASSIFIED ,
Time: 10547, Behaviour: 1, Fault: 1, n/a, 1 , DIAGNOSED ,Time Taken, 12, ELLIGIBLE
Time: 11159, Behaviour: 1, Fault: 2, 82.6032, 2 , CLASSIFIED ,
Time: 12033, Behaviour: 1, Fault: 5, 99.5012, 5 , CLASSIFIED ,
Time: 13636, Behaviour: 1, Fault: 5, 99.0005, 5 , CLASSIFIED ,
Time: 14333, Behaviour: 1, Fault: 3, 83.5234, 3 , CLASSIFIED ,
Time: 15388, Behaviour: 3, Fault: 4, n/a, 4 , DIAGNOSED ,Time Taken, 116, ELLIGIBLE
Time: 16104, Behaviour: 3, Fault: 2, 97.3688, 2 , CLASSIFIED ,
Time: 16710, Behaviour: 3, Fault: 3, 90.9825, 3 , CLASSIFIED ,
Time: 17314, Behaviour: 3, Fault: 4, 85.117, 4 , CLASSIFIED ,
Time: 17915, Behaviour: 3, Fault: 2, 100, 2 , CLASSIFIED ,
Time: 18517, Behaviour: 3, Fault: 3, 90.5611, 3 , CLASSIFIED ,
Time: 19129, Behaviour: 3, Fault: 6, 78.9204, 3 , CLASSIFIED ,
Time: 20870, Behaviour: 3, Fault: 4, 83.2852, 4 , CLASSIFIED ,
Time: 21806, Behaviour: 3, Fault: 1, n/a, 1 , DIAGNOSED ,Time Taken, 13, ELLIGIBLE
Time: 22419, Behaviour: 3, Fault: 3, 96.6707, 3 , CLASSIFIED ,
Time: 24973, Behaviour: 3, Fault: 6, n/a, 3 , DIAGNOSED ,Time Taken, 23, ELLIGIBLE
Time: 25596, Behaviour: 1, Fault: 6, 100, 3 , CLASSIFIED ,
Time: 26198, Behaviour: 1, Fault: 6, 99.486, 99.486, 3 , CLASSIFIED ,
Time: 27287, Behaviour: 1, Fault: 1, 84.5154, 1 , CLASSIFIED ,
Time: 27889, Behaviour: 1, Fault: 2, 87.8211, 87.8211, 2 , CLASSIFIED ,
Time: 28491, Behaviour: 1, Fault: 2, 100, 100, 2 , CLASSIFIED ,
Time: 29093, Behaviour: 1, Fault: 3, 100, 100, 3 , CLASSIFIED ,
Time: 29955, Behaviour: 1, Fault: 1, 68.0749, 1 , CLASSIFIED ,
Time: 34203, Behaviour: 2, Fault: 1, 68.313, 1 , CLASSIFIED ,
Time: 35128, Behaviour: 3, Fault: 1, DECENTRALISED, 73.6466, 1 , CLASSIFIED ,
Time: 35798, Behaviour: 3, Fault: 1, 89.9737, 1 , CLASSIFIED ,
Total Faults, 39, Elligible Total, 34, DiagTot, 10, Elligible DiagTot, 5, FailTot, 0, MemoryTot, 29, %Memory,0.852941, %Failure,0
Time: 1471, Behaviour: 2, Fault: 1, n/a, 1 , DIAGNOSED ,Time Taken, 12, 
Time: 2083, Behaviour: 2, Fault: 2, n/a, 2 , DIAGNOSED ,Time Taken, 11, 
Time: 3133, Behaviour: 2, Fault: 4, n/a, 4 , DIAGNOSED ,Time Taken, 228, 
Time: 3961, Behaviour: 2, Fault: 3, n/a, 3 , DIAGNOSED ,Time Taken, 13, 
Time: 5043, Behaviour: 1, Fault: 1, n/a, 1 , DIAGNOSED ,Time Taken, 13, ELLIGIBLE
Time: 5656, Behaviour: 1, Fault: 3, 77.9685, 3 , CLASSIFIED ,
Time: 6775, Behaviour: 1, Fault: 5, n/a, 5 , DIAGNOSED ,Time Taken, 164, 
Time: 7969, Behaviour: 1, Fault: 1, n/a, 1 , DIAGNOSED ,Time Taken, 13, ELLIGIBLE
Time: 8582, Behaviour: 1, Fault: 3, 91.7239, 3 , CLASSIFIED ,
Time: 9206, Behaviour: 1, Fault: 3, 100, 3 , CLASSIFIED ,
Time: 9971, Behaviour: 1, Fault: 6, 100, 100, 3 , CLASSIFIED ,
Time: 10770, Behaviour: 1, Fault: 5, 96.68, 5 , CLASSIFIED ,
Time: 11373, Behaviour: 1, Fault: 5, 99.3339, 5 , CLASSIFIED ,
Time: 15213, Behaviour: 3, Fault: 4, 93.3182, 4 , CLASSIFIED ,
Time: 16014, Behaviour: 3, Fault: 1, 87.1973, 1 , CLASSIFIED ,
Time: 16617, Behaviour: 3, Fault: 2, 81.4709, 2 , CLASSIFIED ,
Time: 17219, Behaviour: 3, Fault: 2, 79.6303, 2 , CLASSIFIED ,
Time: 17822, Behaviour: 3, Fault: 2, 85.4919, 2 , CLASSIFIED ,
Time: 18424, Behaviour: 3, Fault: 2, 98.501, 2 , CLASSIFIED ,
Time: 19367, Behaviour: 3, Fault: 4, 99.6266, 4 , CLASSIFIED ,
Time: 19968, Behaviour: 3, Fault: 3, 99.1477, 99.1477, 99.1477, 3 , CLASSIFIED ,
Time: 20570, Behaviour: 3, Fault: 2, 83.3882, 2 , CLASSIFIED ,
Time: 21172, Behaviour: 3, Fault: 3, 92.6777, 3 , CLASSIFIED ,
Time: 23142, Behaviour: 3, Fault: 1, 89.9475, 1 , CLASSIFIED ,
Time: 23744, Behaviour: 3, Fault: 3, 99.1477, 99.1477, 99.1477, 3 , CLASSIFIED ,
Time: 24445, Behaviour: 3, Fault: 4, 70.7265, 4 , CLASSIFIED ,
Time: 26430, Behaviour: 1, Fault: 6, 67.1628, 67.1628, 67.1628, 3 , CLASSIFIED ,
Time: 27390, Behaviour: 1, Fault: 1, n/a, 1 , DIAGNOSED ,Time Taken, 18, ELLIGIBLE
Time: 28083, Behaviour: 1, Fault: 4, 99.6667, 5 , CLASSIFIED ,
Time: 28686, Behaviour: 1, Fault: 4, 99.5001, 99.5001, 5 , CLASSIFIED ,
Time: 29289, Behaviour: 1, Fault: 5, 99.6672, 5 , CLASSIFIED ,
Time: 30062, Behaviour: 2, Fault: 3, 99.1477, 3 , CLASSIFIED ,
Time: 30664, Behaviour: 2, Fault: 2, 92.9994, 2 , CLASSIFIED ,
Time: 31402, Behaviour: 2, Fault: 4, 87.5228, 4 , CLASSIFIED ,
Time: 32177, Behaviour: 2, Fault: 6, 98.6361, 3 , CLASSIFIED ,
Time: 33542, Behaviour: 2, Fault: 6, n/a, 6 , DIAGNOSED ,Time Taken, 1942, ELLIGIBLE
Total Faults, 36, Elligible Total, 31, DiagTot, 9, Elligible DiagTot, 4, FailTot, 0, MemoryTot, 27, %Memory,0.870968, %Failure,0
Time: 1936, Behaviour: 2, Fault: 1, n/a, 1 , DIAGNOSED ,Time Taken, 19, 
Time: 2555, Behaviour: 2, Fault: 2, n/a, 2 , DIAGNOSED ,Time Taken, 11, 
Time: 3168, Behaviour: 2, Fault: 4, n/a, 4 , DIAGNOSED ,Time Taken, 116, 
Time: 13950, Behaviour: 1, Fault: 1, n/a, 1 , DIAGNOSED ,Time Taken, 12, ELLIGIBLE
Time: 14976, Behaviour: 1, Fault: 6, n/a, 3 , DIAGNOSED ,Time Taken, 14, 
Time: 15590, Behaviour: 3, Fault: 1, n/a, 1 , DIAGNOSED ,Time Taken, 12, ELLIGIBLE
Time: 16301, Behaviour: 3, Fault: 1, n/a, 1 , DIAGNOSED ,Time Taken, 12, ELLIGIBLE
Time: 16913, Behaviour: 3, Fault: 3, 84.2761, 3 , CLASSIFIED ,
Time: 17620, Behaviour: 3, Fault: 1, n/a, 1 , DIAGNOSED ,Time Taken, 32, ELLIGIBLE
Time: 18252, Behaviour: 3, Fault: 2, 88.3954, 2 , CLASSIFIED ,
Time: 18854, Behaviour: 3, Fault: 2, 91.5294, 2 , CLASSIFIED ,
Time: 19458, Behaviour: 3, Fault: 4, 99.8128, 4 , CLASSIFIED ,
Time: 20462, Behaviour: 3, Fault: 4, 85.2639, 4 , CLASSIFIED ,
Time: 21063, Behaviour: 3, Fault: 2, 96.6433, 2 , CLASSIFIED ,
Time: 21774, Behaviour: 3, Fault: 6, n/a, 3 , DIAGNOSED ,Time Taken, 13, ELLIGIBLE
Time: 22428, Behaviour: 3, Fault: 6, 90.1801, 3 , CLASSIFIED ,
Time: 23030, Behaviour: 3, Fault: 2, 88.1842, 2 , CLASSIFIED ,
Time: 23887, Behaviour: 3, Fault: 4, 82.9315, 4 , CLASSIFIED ,
Time: 24524, Behaviour: 3, Fault: 4, 99.8128, 4 , CLASSIFIED ,
Time: 25790, Behaviour: 1, Fault: 1, 95.119, 1 , CLASSIFIED ,
Time: 26392, Behaviour: 1, Fault: 3, 86.0287, 3 , CLASSIFIED ,
Time: 26996, Behaviour: 1, Fault: 4, n/a, 4 , DIAGNOSED ,Time Taken, 116, ELLIGIBLE
Time: 27712, Behaviour: 1, Fault: 3, 93.6175, 3 , CLASSIFIED ,
Time: 28608, Behaviour: 1, Fault: 2, 77.149, 2 , CLASSIFIED ,
Time: 29274, Behaviour: 1, Fault: 4, 99.8335, 4 , CLASSIFIED ,
Time: 30138, Behaviour: 2, Fault: 1, 84.5154, 1 , CLASSIFIED ,
Time: 30740, Behaviour: 2, Fault: 6, 92.7906, 3 , CLASSIFIED ,
Time: 32135, Behaviour: 2, Fault: 6, 77.3494, 3 , CLASSIFIED ,
Time: 32737, Behaviour: 2, Fault: 2, 89.3177, 2 , CLASSIFIED ,
Time: 35189, Behaviour: 3, Fault: 1, n/a, 1 , DIAGNOSED ,Time Taken, 12, ELLIGIBLE
Total Faults, 30, Elligible Total, 26, DiagTot, 11, Elligible DiagTot, 7, FailTot, 0, MemoryTot, 19, %Memory,0.730769, %Failure,0
Time: 9729, Behaviour: 1, Fault: 1, n/a, 1 , DIAGNOSED ,Time Taken, 21, 
Time: 10426, Behaviour: 1, Fault: 6, n/a, 3 , DIAGNOSED ,Time Taken, 13, 
Time: 11826, Behaviour: 1, Fault: 5, n/a, 5 , DIAGNOSED ,Time Taken, 359, 
Time: 12812, Behaviour: 1, Fault: 1, n/a, 1 , DIAGNOSED ,Time Taken, 12, ELLIGIBLE
Time: 13471, Behaviour: 1, Fault: 6, 77.1212, 3 , CLASSIFIED ,
Time: 14327, Behaviour: 1, Fault: 6, 72.1524, 3 , CLASSIFIED ,
Time: 14931, Behaviour: 1, Fault: 5, 98.6666, 5 , CLASSIFIED ,
Time: 15667, Behaviour: 3, Fault: 1, n/a, 1 , DIAGNOSED ,Time Taken, 50, ELLIGIBLE
Time: 16317, Behaviour: 3, Fault: 3, 92.9648, 3 , CLASSIFIED ,
Time: 17505, Behaviour: 3, Fault: 1, n/a, 1 , DIAGNOSED ,Time Taken, 12, ELLIGIBLE
Time: 18117, Behaviour: 3, Fault: 3, 93.0107, 3 , CLASSIFIED ,
Time: 19076, Behaviour: 3, Fault: 1, 66.9888, 1 , CLASSIFIED ,
Time: 20074, Behaviour: 3, Fault: 4, n/a, 4 , DIAGNOSED ,Time Taken, 127, 
Time: 20801, Behaviour: 3, Fault: 2, n/a, 2 , DIAGNOSED ,Time Taken, 11, 
Time: 21414, Behaviour: 3, Fault: 4, 77.61, 4 , CLASSIFIED ,
Time: 25956, Behaviour: 1, Fault: 6, 91.9467, 3 , CLASSIFIED ,
Time: 26560, Behaviour: 1, Fault: 5, 99.0005, 5 , CLASSIFIED ,
Time: 27171, Behaviour: 1, Fault: 1, 85.2687, 1 , CLASSIFIED ,
Time: 27777, Behaviour: 1, Fault: 2, 78.9035, 2 , CLASSIFIED ,
Time: 28380, Behaviour: 1, Fault: 3, 95.1671, 3 , CLASSIFIED ,
Time: 29259, Behaviour: 1, Fault: 4, 99.6672, 5 , CLASSIFIED ,
Time: 29930, Behaviour: 1, Fault: 3, 100, 3 , CLASSIFIED ,
Time: 30893, Behaviour: 2, Fault: 4, 99.438, 4 , CLASSIFIED ,
Time: 31500, Behaviour: 2, Fault: 1, n/a, 1 , DIAGNOSED ,Time Taken, 12, ELLIGIBLE
Time: 35303, Behaviour: 3, Fault: 1, n/a, 1 , DIAGNOSED ,Time Taken, 12, ELLIGIBLE
Time: 35915, Behaviour: 3, Fault: 6, 99.486, 3 , CLASSIFIED ,
Total Faults, 26, Elligible Total, 21, DiagTot, 10, Elligible DiagTot, 5, FailTot, 0, MemoryTot, 16, %Memory,0.761905, %Failure,0
Time: 632, Behaviour: 2, Fault: 1, n/a, 1 , DIAGNOSED ,Time Taken, 12, 
Time: 2385, Behaviour: 2, Fault: 1, 99.7783, 1 , CLASSIFIED ,
Time: 4278, Behaviour: 2, Fault: 1, 100, 1 , CLASSIFIED ,
Time: 5060, Behaviour: 1, Fault: 1, n/a, 1 , DIAGNOSED ,Time Taken, 21, ELLIGIBLE
Time: 5681, Behaviour: 1, Fault: 6, n/a, 3 , DIAGNOSED ,Time Taken, 13, 
Time: 6294, Behaviour: 1, Fault: 2, n/a, 2 , DIAGNOSED ,Time Taken, 12, 
Time: 6906, Behaviour: 1, Fault: 3, 76.1689, 3 , CLASSIFIED ,
Time: 7508, Behaviour: 1, Fault: 3, 92.5377, 3 , CLASSIFIED ,
Time: 8110, Behaviour: 1, Fault: 2, 82.27, 2 , CLASSIFIED ,
Time: 8715, Behaviour: 1, Fault: 4, n/a, 4 , DIAGNOSED ,Time Taken, 116, 
Time: 9502, Behaviour: 1, Fault: 6, 93.412, 3 , CLASSIFIED ,
Time: 10163, Behaviour: 1, Fault: 6, 98.2988, 3 , CLASSIFIED ,
Time: 11276, Behaviour: 1, Fault: 6, 92.9648, 3 , CLASSIFIED ,
Time: 12499, Behaviour: 1, Fault: 1, n/a, 1 , DIAGNOSED ,Time Taken, 12, ELLIGIBLE
Time: 13111, Behaviour: 1, Fault: 3, 100, 3 , CLASSIFIED ,
Time: 14186, Behaviour: 1, Fault: 1, 100, 1 , CLASSIFIED ,
Time: 15474, Behaviour: 3, Fault: 1, 87.8934, 87.8934, 1 , CLASSIFIED ,
Time: 16077, Behaviour: 3, Fault: 3, 99.8288, 99.8288, 3 , CLASSIFIED ,
Time: 16680, Behaviour: 3, Fault: 2, 93.0531, 2 , CLASSIFIED ,
Time: 17283, Behaviour: 3, Fault: 2, 85.7378, 2 , CLASSIFIED ,
Time: 19241, Behaviour: 3, Fault: 6, 98.4681, 3 , CLASSIFIED ,
Time: 19956, Behaviour: 3, Fault: 4, n/a, 4 , DIAGNOSED ,Time Taken, 116, ELLIGIBLE
Time: 21099, Behaviour: 3, Fault: 4, 100, 4 , CLASSIFIED ,
Time: 21700, Behaviour: 3, Fault: 3, 99.3156, 3 , CLASSIFIED ,
Time: 22305, Behaviour: 3, Fault: 4, 70.7107, 70.7107, 4 , CLASSIFIED ,
Time: 23941, Behaviour: 3, Fault: 4, 99.5001, 4 , CLASSIFIED ,
Time: 24702, Behaviour: 3, Fault: 4, 100, 100, 4 , CLASSIFIED ,
Time: 25347, Behaviour: 1, Fault: 1, n/a, 1 , DIAGNOSED ,Time Taken, 12, ELLIGIBLE
Time: 25961, Behaviour: 1, Fault: 5, n/a, 5 , DIAGNOSED ,Time Taken, 165, 
Time: 27445, Behaviour: 1, Fault: 5, 99, 5 , CLASSIFIED ,
Time: 28046, Behaviour: 1, Fault: 2, 94.0722, 2 , CLASSIFIED ,
Time: 28752, Behaviour: 1, Fault: 6, 66.4024, 3 , CLASSIFIED ,
Time: 29355, Behaviour: 1, Fault: 3, 93.9087, 3 , CLASSIFIED ,
Time: 31191, Behaviour: 2, Fault: 2, 98.9247, 2 , CLASSIFIED ,
Time: 34409, Behaviour: 2, Fault: 6, n/a, 3 , DIAGNOSED ,Time Taken, 13, ELLIGIBLE
Total Faults, 35, Elligible Total, 30, DiagTot, 10, Elligible DiagTot, 5, FailTot, 0, MemoryTot, 25, %Memory,0.833333, %Failure,0
Time: 9467, Behaviour: 1, Fault: 1, n/a, 1 , DIAGNOSED ,Time Taken, 12, 
Time: 10267, Behaviour: 1, Fault: 4, n/a, 4 , DIAGNOSED ,Time Taken, 100, 
Time: 11063, Behaviour: 1, Fault: 4, n/a, 4 , DIAGNOSED ,Time Taken, 116, ELLIGIBLE
Time: 11826, Behaviour: 1, Fault: 1, n/a, 1 , DIAGNOSED ,Time Taken, 13, ELLIGIBLE
Time: 12439, Behaviour: 1, Fault: 3, 70.6458, FAILURE 1, n/a, 3 , DIAGNOSED ,Time Taken, 14, 
Time: 13053, Behaviour: 1, Fault: 2, n/a, 2 , DIAGNOSED ,Time Taken, 11, 
Time: 13791, Behaviour: 1, Fault: 4, n/a, 4 , DIAGNOSED ,Time Taken, 116, ELLIGIBLE
Time: 14507, Behaviour: 1, Fault: 3, 98.2919, 3 , CLASSIFIED ,
Time: 26054, Behaviour: 1, Fault: 1, 91.7888, 1 , CLASSIFIED ,
Time: 26658, Behaviour: 1, Fault: 4, 97.3419, 4 , CLASSIFIED ,
Time: 27299, Behaviour: 1, Fault: 6, n/a, 3 , DIAGNOSED ,Time Taken, 13, 
Time: 28206, Behaviour: 1, Fault: 5, 99.6667, 4 , CLASSIFIED ,
Time: 28833, Behaviour: 1, Fault: 4, 98.6672, 98.6672, 4 , CLASSIFIED ,
Time: 30201, Behaviour: 2, Fault: 6, 87.7679, 3 , CLASSIFIED ,
Time: 31200, Behaviour: 2, Fault: 1, n/a, 1 , DIAGNOSED ,Time Taken, 12, ELLIGIBLE
Time: 31819, Behaviour: 2, Fault: 6, 97.806, 3 , CLASSIFIED ,
Time: 32421, Behaviour: 2, Fault: 6, 94.5324, 3 , CLASSIFIED ,
Time: 33025, Behaviour: 2, Fault: 4, 98.7016, 4 , CLASSIFIED ,
Time: 33780, Behaviour: 2, Fault: 6, n/a, 3 , DIAGNOSED ,Time Taken, 13, ELLIGIBLE
Time: 34393, Behaviour: 2, Fault: 2, 78.835, 2 , CLASSIFIED ,
Time: 34998, Behaviour: 2, Fault: 4, 98.7016, 4 , CLASSIFIED ,
Time: 35600, Behaviour: 3, Fault: 3, 89.7213, 3 , CLASSIFIED ,
Total Faults, 22, Elligible Total, 17, DiagTot, 9, Elligible DiagTot, 4, FailTot, 1, MemoryTot, 12, %Memory,0.705882, %Failure,0.0769231
Time: 825, Behaviour: 2, Fault: 1, n/a, 1 , DIAGNOSED ,Time Taken, 13, 
Time: 1547, Behaviour: 2, Fault: 6, n/a, 3 , DIAGNOSED ,Time Taken, 14, 
Time: 2161, Behaviour: 2, Fault: 3, 77.8739, 3 , CLASSIFIED ,
Time: 2763, Behaviour: 2, Fault: 3, 99.3178, 3 , CLASSIFIED ,
Time: 3366, Behaviour: 2, Fault: 2, n/a, 2 , DIAGNOSED ,Time Taken, 11, 
Time: 3977, Behaviour: 2, Fault: 3, 98.1424, 3 , CLASSIFIED ,
Time: 5311, Behaviour: 1, Fault: 6, 99.486, 3 , CLASSIFIED ,
Time: 5915, Behaviour: 1, Fault: 4, n/a, 4 , DIAGNOSED ,Time Taken, 116, 
Time: 6631, Behaviour: 1, Fault: 3, 91.9461, 3 , CLASSIFIED ,
Time: 7730, Behaviour: 1, Fault: 2, 67.2184, 2 , CLASSIFIED ,
Time: 8342, Behaviour: 1, Fault: 1, 100, 1 , CLASSIFIED ,
Time: 8944, Behaviour: 1, Fault: 2, 82.9646, 2 , CLASSIFIED ,
Time: 9643, Behaviour: 1, Fault: 5, 100, 4 , CLASSIFIED ,
Time: 10244, Behaviour: 1, Fault: 3, 100, 3 , CLASSIFIED ,
Time: 11329, Behaviour: 1, Fault: 3, 68.313, 68.313, 3 , CLASSIFIED ,
Time: 11931, Behaviour: 1, Fault: 2, 98.9247, 2 , CLASSIFIED ,
Time: 12535, Behaviour: 1, Fault: 4, 99.8335, 99.8335, 4 , CLASSIFIED ,
Time: 13205, Behaviour: 1, Fault: 1, n/a, 1 , DIAGNOSED ,Time Taken, 12, ELLIGIBLE
Time: 14070, Behaviour: 1, Fault: 3, 100, 100, 3 , CLASSIFIED ,
Time: 14891, Behaviour: 1, Fault: 4, 99.8335, 99.8335, 4 , CLASSIFIED ,
Time: 15492, Behaviour: 3, Fault: 3, 94.1112, 3 , CLASSIFIED ,
Time: 18111, Behaviour: 3, Fault: 6, 83.5736, 3 , CLASSIFIED ,
Time: 18816, Behaviour: 3, Fault: 6, 88.8096, 3 , CLASSIFIED ,
Time: 19418, Behaviour: 3, Fault: 2, 87.6307, 2 , CLASSIFIED ,
Time: 20027, Behaviour: 3, Fault: 4, n/a, 4 , DIAGNOSED ,Time Taken, 131, ELLIGIBLE
Time: 21495, Behaviour: 3, Fault: 6, 98.4778, 3 , CLASSIFIED ,
Time: 25970, Behaviour: 1, Fault: 6, n/a, 3 , DIAGNOSED ,Time Taken, 69, ELLIGIBLE
Time: 26835, Behaviour: 1, Fault: 5, 99.8335, 4 , CLASSIFIED ,
Time: 27439, Behaviour: 1, Fault: 4, 99.8335, 4 , CLASSIFIED ,
Time: 28093, Behaviour: 1, Fault: 4, 100, 4 , CLASSIFIED ,
Time: 28907, Behaviour: 1, Fault: 3, 100, 100, 3 , CLASSIFIED ,
Time: 29520, Behaviour: 1, Fault: 6, 82.6088, 3 , CLASSIFIED ,
Time: 30232, Behaviour: 2, Fault: 1, n/a, 1 , DIAGNOSED ,Time Taken, 12, ELLIGIBLE
Time: 30963, Behaviour: 2, Fault: 6, 79.6517, 3 , CLASSIFIED ,
Time: 31566, Behaviour: 2, Fault: 3, 93.8212, 3 , CLASSIFIED ,
Time: 32180, Behaviour: 2, Fault: 4, 86.1892, 4 , CLASSIFIED ,
Time: 32926, Behaviour: 2, Fault: 6, 80.6461, 3 , CLASSIFIED ,
Total Faults, 37, Elligible Total, 33, DiagTot, 8, Elligible DiagTot, 4, FailTot, 0, MemoryTot, 29, %Memory,0.878788, %Failure,0
