Time: 1745, Behaviour: 2, Fault: 1, n/a, 1 , DIAGNOSED ,Time Taken, 27, 
Time: 3436, Behaviour: 2, Fault: 1, 95.3364, 1 , CLASSIFIED ,
Time: 4039, Behaviour: 2, Fault: 3, n/a, 3 , DIAGNOSED ,Time Taken, 13, 
Time: 4661, Behaviour: 2, Fault: 6, n/a, 3 , DIAGNOSED ,Time Taken, 13, 
Time: 5494, Behaviour: 1, Fault: 5, n/a, 5 , DIAGNOSED ,Time Taken, 164, 
Time: 6573, Behaviour: 1, Fault: 5, 97.6689, 5 , CLASSIFIED ,
Time: 7199, Behaviour: 1, Fault: 1, n/a, 1 , DIAGNOSED ,Time Taken, 45, ELLIGIBLE
Time: 7844, Behaviour: 1, Fault: 3, 81.4387, 3 , CLASSIFIED ,
Time: 8500, Behaviour: 1, Fault: 5, 99.1668, 5 , CLASSIFIED ,
Time: 9104, Behaviour: 1, Fault: 5, 99.3333, 5 , CLASSIFIED ,
Time: 9705, Behaviour: 1, Fault: 2, n/a, 2 , DIAGNOSED ,Time Taken, 11, 
Time: 10374, Behaviour: 1, Fault: 5, 98.8368, 98.8368, 5 , CLASSIFIED ,
Time: 11608, Behaviour: 1, Fault: 6, 99.3174, 3 , CLASSIFIED ,
Time: 12212, Behaviour: 1, Fault: 5, 99.5001, 5 , CLASSIFIED ,
Time: 12813, Behaviour: 1, Fault: 3, 96.6471, 3 , CLASSIFIED ,
Time: 13430, Behaviour: 1, Fault: 3, 93.3401, 3 , CLASSIFIED ,
Time: 14034, Behaviour: 1, Fault: 5, 99.5001, 5 , CLASSIFIED ,
Time: 14779, Behaviour: 1, Fault: 5, 99.6667, 5 , CLASSIFIED ,
Time: 15380, Behaviour: 3, Fault: 3, 95.7935, 3 , CLASSIFIED ,
Time: 17185, Behaviour: 3, Fault: 6, n/a, 3 , DIAGNOSED ,Time Taken, 332, ELLIGIBLE
Time: 18117, Behaviour: 3, Fault: 3, 100, 3 , CLASSIFIED ,
Time: 30772, Behaviour: 2, Fault: 1, n/a, 1 , DIAGNOSED ,Time Taken, 20, ELLIGIBLE
Time: 31392, Behaviour: 2, Fault: 3, 85.469, 85.469, 3 , CLASSIFIED ,
Time: 33091, Behaviour: 2, Fault: 4, n/a, 4 , DIAGNOSED ,Time Taken, 116, 
Time: 34384, Behaviour: 2, Fault: 4, 73.3312, 4 , CLASSIFIED ,
Time: 35720, Behaviour: 3, Fault: 6, 69.5814, 3 , CLASSIFIED ,
Total Faults, 26, Elligible Total, 20, DiagTot, 9, Elligible DiagTot, 3, FailTot, 0, MemoryTot, 17, %Memory,0.85, %Failure,0
Time: 721, Behaviour: 2, Fault: 1, n/a, 1 , DIAGNOSED ,Time Taken, 12, 
Time: 5408, Behaviour: 1, Fault: 1, n/a, 1 , DIAGNOSED ,Time Taken, 16, ELLIGIBLE
Time: 6035, Behaviour: 1, Fault: 5, n/a, 5 , DIAGNOSED ,Time Taken, 165, 
Time: 7006, Behaviour: 1, Fault: 5, 98.8334, 5 , CLASSIFIED ,
Time: 7677, Behaviour: 1, Fault: 4, 99.5012, 5 , CLASSIFIED ,
Time: 8278, Behaviour: 1, Fault: 3, n/a, 3 , DIAGNOSED ,Time Taken, 13, 
Time: 9776, Behaviour: 1, Fault: 6, 73.4, 3 , CLASSIFIED ,
Time: 11282, Behaviour: 1, Fault: 6, 100, 3 , CLASSIFIED ,
Time: 12714, Behaviour: 1, Fault: 1, n/a, 1 , DIAGNOSED ,Time Taken, 13, ELLIGIBLE
Time: 13327, Behaviour: 1, Fault: 2, n/a, 2 , DIAGNOSED ,Time Taken, 11, 
Time: 13938, Behaviour: 1, Fault: 2, 81.5745, 2 , CLASSIFIED ,
Time: 17510, Behaviour: 3, Fault: 3, 68.313, 68.313, 3 , CLASSIFIED ,
Time: 18584, Behaviour: 3, Fault: 1, 71.184, 1 , CLASSIFIED ,
Time: 19250, Behaviour: 3, Fault: 4, n/a, 4 , DIAGNOSED ,Time Taken, 116, ELLIGIBLE
Time: 20356, Behaviour: 3, Fault: 6, n/a, 3 , DIAGNOSED ,Time Taken, 13, ELLIGIBLE
Time: 20969, Behaviour: 3, Fault: 2, 82.9356, 2 , CLASSIFIED ,
Time: 21683, Behaviour: 3, Fault: 4, 85.6757, 4 , CLASSIFIED ,
Time: 22879, Behaviour: 3, Fault: 4, 75.6502, 4 , CLASSIFIED ,
Time: 23480, Behaviour: 3, Fault: 2, 83.9595, 2 , CLASSIFIED ,
Time: 24082, Behaviour: 3, Fault: 2, 89.3816, 2 , CLASSIFIED ,
Time: 25674, Behaviour: 1, Fault: 1, n/a, 1 , DIAGNOSED ,Time Taken, 12, ELLIGIBLE
Time: 26709, Behaviour: 1, Fault: 5, 100, 5 , CLASSIFIED ,
Time: 27311, Behaviour: 1, Fault: 2, 88.01, 2 , CLASSIFIED ,
Time: 27916, Behaviour: 1, Fault: 4, 100, 5 , CLASSIFIED ,
Time: 28517, Behaviour: 1, Fault: 3, 90.4318, 3 , CLASSIFIED ,
Time: 30098, Behaviour: 2, Fault: 6, 97.9705, 3 , CLASSIFIED ,
Total Faults, 26, Elligible Total, 22, DiagTot, 9, Elligible DiagTot, 5, FailTot, 0, MemoryTot, 17, %Memory,0.772727, %Failure,0
Time: 13953, Behaviour: 1, Fault: 1, n/a, 1 , DIAGNOSED ,Time Taken, 12, 
Time: 14746, Behaviour: 1, Fault: 5, n/a, 5 , DIAGNOSED ,Time Taken, 165, 
Time: 15608, Behaviour: 3, Fault: 1, n/a, 1 , DIAGNOSED ,Time Taken, 49, ELLIGIBLE
Time: 16257, Behaviour: 3, Fault: 3, n/a, 3 , DIAGNOSED ,Time Taken, 21, 
Time: 16883, Behaviour: 3, Fault: 4, n/a, 4 , DIAGNOSED ,Time Taken, 116, 
Time: 17599, Behaviour: 3, Fault: 2, n/a, 2 , DIAGNOSED ,Time Taken, 11, 
Time: 18210, Behaviour: 3, Fault: 2, 83.9783, 2 , CLASSIFIED ,
Time: 19766, Behaviour: 3, Fault: 1, n/a, 1 , DIAGNOSED ,Time Taken, 12, ELLIGIBLE
Time: 20378, Behaviour: 3, Fault: 3, 94.6841, 3 , CLASSIFIED ,
Time: 20980, Behaviour: 3, Fault: 2, 82.4083, 2 , CLASSIFIED ,
Time: 21769, Behaviour: 3, Fault: 1, 89.292, 1 , CLASSIFIED ,
Time: 22574, Behaviour: 3, Fault: 6, 79.0731, 3 , CLASSIFIED ,
Time: 23213, Behaviour: 3, Fault: 4, 89.8189, 4 , CLASSIFIED ,
Time: 23814, Behaviour: 3, Fault: 3, 85.8535, 3 , CLASSIFIED ,
Time: 24416, Behaviour: 3, Fault: 2, 98.5199, 2 , CLASSIFIED ,
Time: 25018, Behaviour: 1, Fault: 3, 92.141, 3 , CLASSIFIED ,
Time: 25620, Behaviour: 1, Fault: 3, 100, 3 , CLASSIFIED ,
Time: 26222, Behaviour: 1, Fault: 2, 88.5925, 2 , CLASSIFIED ,
Time: 26826, Behaviour: 1, Fault: 5, 99.6672, 5 , CLASSIFIED ,
Time: 27427, Behaviour: 1, Fault: 2, 100, 2 , CLASSIFIED ,
Time: 29301, Behaviour: 1, Fault: 5, 94.3758, 5 , CLASSIFIED ,
Time: 29915, Behaviour: 1, Fault: 1, 69.2464, 69.2464, FAILURE 3, n/a, 1 , DIAGNOSED ,Time Taken, 12, ELLIGIBLE
Time: 30527, Behaviour: 2, Fault: 2, 90.1324, 2 , CLASSIFIED ,
Time: 31221, Behaviour: 2, Fault: 6, 92.799, 3 , CLASSIFIED ,
Time: 32617, Behaviour: 2, Fault: 4, 75.1304, 4 , CLASSIFIED ,
Time: 34354, Behaviour: 2, Fault: 4, 81.3695, 4 , CLASSIFIED ,
Time: 34957, Behaviour: 2, Fault: 4, 94.176, 4 , CLASSIFIED ,
Time: 35786, Behaviour: 3, Fault: 4, 88.7256, 4 , CLASSIFIED ,
Total Faults, 28, Elligible Total, 23, DiagTot, 7, Elligible DiagTot, 2, FailTot, 1, MemoryTot, 20, %Memory,0.869565, %Failure,0.047619
Time: 695, Behaviour: 2, Fault: 1, n/a, 1 , DIAGNOSED ,Time Taken, 12, 
Time: 2186, Behaviour: 2, Fault: 6, n/a, 3 , DIAGNOSED ,Time Taken, 13, 
Time: 3386, Behaviour: 2, Fault: 4, n/a, 4 , DIAGNOSED ,Time Taken, 331, 
Time: 4317, Behaviour: 2, Fault: 3, 68.4854, 3 , CLASSIFIED ,
Time: 4938, Behaviour: 2, Fault: 4, 90.5191, 4 , CLASSIFIED ,
Time: 5540, Behaviour: 1, Fault: 6, 97.2959, 3 , CLASSIFIED ,
Time: 6144, Behaviour: 1, Fault: 5, n/a, 5 , DIAGNOSED ,Time Taken, 165, 
Time: 7115, Behaviour: 1, Fault: 6, n/a, 3 , DIAGNOSED ,Time Taken, 14, ELLIGIBLE
Time: 7729, Behaviour: 1, Fault: 2, n/a, 2 , DIAGNOSED ,Time Taken, 110, 
Time: 8495, Behaviour: 1, Fault: 2, 98.3725, 2 , CLASSIFIED ,
Time: 9099, Behaviour: 1, Fault: 5, 99.3339, 5 , CLASSIFIED ,
Time: 10212, Behaviour: 1, Fault: 6, 83.2388, 3 , CLASSIFIED ,
Time: 11287, Behaviour: 1, Fault: 5, 99.6667, 5 , CLASSIFIED ,
Time: 12062, Behaviour: 1, Fault: 4, 99.8335, 99.8335, 5 , CLASSIFIED ,
Time: 12926, Behaviour: 1, Fault: 6, 88.864, 3 , CLASSIFIED ,
Time: 13808, Behaviour: 1, Fault: 5, 99.6672, 5 , CLASSIFIED ,
Time: 14920, Behaviour: 1, Fault: 3, 68.313, 3 , CLASSIFIED ,
Time: 15523, Behaviour: 3, Fault: 2, 75.5148, 2 , CLASSIFIED ,
Time: 16906, Behaviour: 3, Fault: 4, 87.0098, 4 , CLASSIFIED ,
Time: 19541, Behaviour: 3, Fault: 6, 87.8069, 3 , CLASSIFIED ,
Time: 26279, Behaviour: 1, Fault: 1, n/a, 1 , DIAGNOSED ,Time Taken, 12, ELLIGIBLE
Time: 26891, Behaviour: 1, Fault: 2, 98.9247, 2 , CLASSIFIED ,
Time: 27750, Behaviour: 1, Fault: 2, 100, 2 , CLASSIFIED ,
Time: 29203, Behaviour: 1, Fault: 2, 100, 100, 2 , CLASSIFIED ,
Time: 29885, Behaviour: 1, Fault: 4, 97.0194, 5 , CLASSIFIED ,
Time: 30486, Behaviour: 2, Fault: 2, 82.7486, 2 , CLASSIFIED ,
Time: 31088, Behaviour: 2, Fault: 2, 80.9482, 2 , CLASSIFIED ,
Time: 31690, Behaviour: 2, Fault: 3, 77.3255, 3 , CLASSIFIED ,
Time: 32292, Behaviour: 2, Fault: 6, n/a, 3 , DIAGNOSED ,Time Taken, 737, ELLIGIBLE
Time: 35859, Behaviour: 3, Fault: 1, n/a, 1 , DIAGNOSED ,Time Taken, 12, ELLIGIBLE
Total Faults, 30, Elligible Total, 25, DiagTot, 9, Elligible DiagTot, 4, FailTot, 0, MemoryTot, 21, %Memory,0.84, %Failure,0
Time: 12662, Behaviour: 1, Fault: 1, n/a, 1 , DIAGNOSED ,Time Taken, 17, 
Time: 13304, Behaviour: 1, Fault: 4, n/a, 4 , DIAGNOSED ,Time Taken, 116, 
Time: 16388, Behaviour: 3, Fault: 4, n/a, 4 , DIAGNOSED ,Time Taken, 116, ELLIGIBLE
Time: 17686, Behaviour: 3, Fault: 6, n/a, 3 , DIAGNOSED ,Time Taken, 783, 
Time: 19069, Behaviour: 3, Fault: 2, n/a, 2 , DIAGNOSED ,Time Taken, 12, 
Time: 19723, Behaviour: 3, Fault: 4, 73.2304, 4 , CLASSIFIED ,
Time: 20355, Behaviour: 3, Fault: 1, n/a, 1 , DIAGNOSED ,Time Taken, 12, ELLIGIBLE
Time: 20977, Behaviour: 3, Fault: 1, n/a, 1 , DIAGNOSED ,Time Taken, 12, ELLIGIBLE
Time: 21614, Behaviour: 3, Fault: 6, n/a, 3 , DIAGNOSED ,Time Taken, 13, ELLIGIBLE
Time: 22231, Behaviour: 3, Fault: 4, 96.538, 4 , CLASSIFIED ,
Time: 22833, Behaviour: 3, Fault: 2, 75.2825, 2 , CLASSIFIED ,
Time: 23435, Behaviour: 3, Fault: 2, 79.8664, 2 , CLASSIFIED ,
Time: 24037, Behaviour: 3, Fault: 3, 95.8179, 3 , CLASSIFIED ,
Time: 28181, Behaviour: 1, Fault: 1, 100, 1 , CLASSIFIED ,
Time: 29000, Behaviour: 1, Fault: 4, 98.5012, 4 , CLASSIFIED ,
Time: 30016, Behaviour: 2, Fault: 6, 96.966, 3 , CLASSIFIED ,
Time: 30618, Behaviour: 2, Fault: 3, 98.9755, 3 , CLASSIFIED ,
Time: 31228, Behaviour: 2, Fault: 1, 99.7783, 1 , CLASSIFIED ,
Time: 31830, Behaviour: 2, Fault: 2, 91.2201, 2 , CLASSIFIED ,
Time: 32462, Behaviour: 2, Fault: 1, 100, 1 , CLASSIFIED ,
Time: 34732, Behaviour: 2, Fault: 4, 91.3497, 4 , CLASSIFIED ,
Time: 35522, Behaviour: 3, Fault: 4, 99.0022, 4 , CLASSIFIED ,
Total Faults, 22, Elligible Total, 18, DiagTot, 8, Elligible DiagTot, 4, FailTot, 0, MemoryTot, 14, %Memory,0.777778, %Failure,0
Time: 930, Behaviour: 2, Fault: 1, n/a, 1 , DIAGNOSED ,Time Taken, 12, 
Time: 1592, Behaviour: 2, Fault: 1, n/a, 1 , DIAGNOSED ,Time Taken, 12, ELLIGIBLE
Time: 2336, Behaviour: 2, Fault: 4, n/a, 4 , DIAGNOSED ,Time Taken, 116, 
Time: 3052, Behaviour: 2, Fault: 3, n/a, 3 , DIAGNOSED ,Time Taken, 13, 
Time: 3665, Behaviour: 2, Fault: 2, n/a, 2 , DIAGNOSED ,Time Taken, 11, 
Time: 4276, Behaviour: 2, Fault: 3, 86.3709, 3 , CLASSIFIED ,
Time: 4922, Behaviour: 2, Fault: 4, 79.8772, 4 , CLASSIFIED ,
Time: 5523, Behaviour: 1, Fault: 3, 95.9117, 3 , CLASSIFIED ,
Time: 6411, Behaviour: 1, Fault: 1, n/a, 1 , DIAGNOSED ,Time Taken, 12, ELLIGIBLE
Time: 7119, Behaviour: 1, Fault: 6, 95.7775, 3 , CLASSIFIED ,
Time: 7721, Behaviour: 1, Fault: 2, 90.0235, 2 , CLASSIFIED ,
Time: 8323, Behaviour: 1, Fault: 3, 99.486, 3 , CLASSIFIED ,
Time: 8971, Behaviour: 1, Fault: 4, n/a, 4 , DIAGNOSED ,Time Taken, 117, ELLIGIBLE
Time: 10915, Behaviour: 1, Fault: 5, 95.9038, 4 , CLASSIFIED ,
Time: 11620, Behaviour: 1, Fault: 3, 97.3059, 3 , CLASSIFIED ,
Time: 12786, Behaviour: 1, Fault: 4, 99.8335, 4 , CLASSIFIED ,
Time: 14050, Behaviour: 1, Fault: 1, 84.5154, 1 , CLASSIFIED ,
Time: 14652, Behaviour: 1, Fault: 2, 100, 2 , CLASSIFIED ,
Time: 15488, Behaviour: 3, Fault: 4, 95.9112, 4 , CLASSIFIED ,
Time: 16296, Behaviour: 3, Fault: 1, 78.1497, 1 , CLASSIFIED ,
Time: 16900, Behaviour: 3, Fault: 2, 76.0045, 76.0045, 2 , CLASSIFIED ,
Time: 18106, Behaviour: 3, Fault: 1, n/a, 1 , DIAGNOSED ,Time Taken, 12, ELLIGIBLE
Time: 19518, Behaviour: 3, Fault: 4, 80.2994, 4 , CLASSIFIED ,
Time: 20119, Behaviour: 3, Fault: 3, 80.0208, 3 , CLASSIFIED ,
Time: 23883, Behaviour: 3, Fault: 6, n/a, 3 , DIAGNOSED ,Time Taken, 877, ELLIGIBLE
Time: 25360, Behaviour: 1, Fault: 6, 100, 3 , CLASSIFIED ,
Time: 25963, Behaviour: 1, Fault: 3, 100, 100, 3 , CLASSIFIED ,
Time: 26568, Behaviour: 1, Fault: 5, 99.8335, 4 , CLASSIFIED ,
Time: 27263, Behaviour: 1, Fault: 1, n/a, 1 , DIAGNOSED ,Time Taken, 13, ELLIGIBLE
Time: 27878, Behaviour: 1, Fault: 4, 94.8016, 4 , CLASSIFIED ,
Time: 28707, Behaviour: 1, Fault: 6, 100, 100, 3 , CLASSIFIED ,
Time: 29615, Behaviour: 1, Fault: 2, 98.9247, 2 , CLASSIFIED ,
Time: 30277, Behaviour: 2, Fault: 4, 97.6025, 4 , CLASSIFIED ,
Time: 30878, Behaviour: 2, Fault: 2, DECENTRALISED, 86.8767, 2 , CLASSIFIED ,
Time: 31484, Behaviour: 2, Fault: 1, 74.0851, 1 , CLASSIFIED ,
Time: 32086, Behaviour: 2, Fault: 2, 86.8321, 2 , CLASSIFIED ,
Time: 32692, Behaviour: 2, Fault: 3, 89.8708, 3 , CLASSIFIED ,
Time: 33355, Behaviour: 2, Fault: 6, 99.3153, 99.3153, 99.3153, 3 , CLASSIFIED ,
Time: 33958, Behaviour: 2, Fault: 3, 76.9339, 3 , CLASSIFIED ,
Total Faults, 39, Elligible Total, 35, DiagTot, 10, Elligible DiagTot, 6, FailTot, 0, MemoryTot, 29, %Memory,0.828571, %Failure,0
Time: 10656, Behaviour: 1, Fault: 1, n/a, 1 , DIAGNOSED ,Time Taken, 12, 
Time: 11270, Behaviour: 1, Fault: 4, n/a, 4 , DIAGNOSED ,Time Taken, 116, 
Time: 11986, Behaviour: 1, Fault: 3, n/a, 3 , DIAGNOSED ,Time Taken, 13, 
Time: 12605, Behaviour: 1, Fault: 2, n/a, 2 , DIAGNOSED ,Time Taken, 11, 
Time: 13216, Behaviour: 1, Fault: 3, 99.1449, 3 , CLASSIFIED ,
Time: 13869, Behaviour: 1, Fault: 5, 99.6672, 4 , CLASSIFIED ,
Time: 14674, Behaviour: 1, Fault: 6, n/a, 3 , DIAGNOSED ,Time Taken, 13, 
Time: 15490, Behaviour: 3, Fault: 3, 100, 3 , CLASSIFIED ,
Time: 16092, Behaviour: 3, Fault: 2, 79.7724, 2 , CLASSIFIED ,
Time: 16694, Behaviour: 3, Fault: 2, 86.1305, 2 , CLASSIFIED ,
Time: 17329, Behaviour: 3, Fault: 1, n/a, 1 , DIAGNOSED ,Time Taken, 12, ELLIGIBLE
Time: 18051, Behaviour: 3, Fault: 4, n/a, 4 , DIAGNOSED ,Time Taken, 116, ELLIGIBLE
Time: 18767, Behaviour: 3, Fault: 2, 98.9247, 2 , CLASSIFIED ,
Time: 19369, Behaviour: 3, Fault: 3, 96.6282, 3 , CLASSIFIED ,
Time: 20708, Behaviour: 3, Fault: 6, 77.6096, 77.6096, 3 , CLASSIFIED ,
Time: 21316, Behaviour: 3, Fault: 3, 87.8761, 3 , CLASSIFIED ,
Time: 21918, Behaviour: 3, Fault: 3, 99.6581, 3 , CLASSIFIED ,
Time: 22546, Behaviour: 3, Fault: 1, 99.7783, 1 , CLASSIFIED ,
Time: 23148, Behaviour: 3, Fault: 3, 100, 3 , CLASSIFIED ,
Time: 23750, Behaviour: 3, Fault: 3, 71.461, 3 , CLASSIFIED ,
Time: 24354, Behaviour: 3, Fault: 1, n/a, 1 , DIAGNOSED ,Time Taken, 12, ELLIGIBLE
Time: 24966, Behaviour: 3, Fault: 3, 100, 100, 3 , CLASSIFIED ,
Time: 25632, Behaviour: 1, Fault: 1, n/a, 1 , DIAGNOSED ,Time Taken, 12, ELLIGIBLE
Time: 26442, Behaviour: 1, Fault: 1, 100, 1 , CLASSIFIED ,
Time: 27044, Behaviour: 1, Fault: 2, 100, 2 , CLASSIFIED ,
Time: 27649, Behaviour: 1, Fault: 5, n/a, 5 , DIAGNOSED ,Time Taken, 165, ELLIGIBLE
Time: 28651, Behaviour: 1, Fault: 3, 91.4496, 3 , CLASSIFIED ,
Time: 29786, Behaviour: 1, Fault: 1, 75.0078, 1 , CLASSIFIED ,
Time: 30429, Behaviour: 2, Fault: 2, 76.5505, 76.5505, 2 , CLASSIFIED ,
Time: 31031, Behaviour: 2, Fault: 3, 98.4736, 98.4736, 3 , CLASSIFIED ,
Time: 31633, Behaviour: 2, Fault: 2, 76.2763, 76.2763, 2 , CLASSIFIED ,
Time: 32235, Behaviour: 2, Fault: 3, 85.9994, 3 , CLASSIFIED ,
Time: 32837, Behaviour: 2, Fault: 2, 90.8627, 2 , CLASSIFIED ,
Time: 33449, Behaviour: 2, Fault: 3, 94.6672, 3 , CLASSIFIED ,
Time: 34672, Behaviour: 2, Fault: 1, 99.7783, 1 , CLASSIFIED ,
Time: 35276, Behaviour: 3, Fault: 4, n/a, 4 , DIAGNOSED ,Time Taken, 182, ELLIGIBLE
Total Faults, 36, Elligible Total, 31, DiagTot, 11, Elligible DiagTot, 6, FailTot, 0, MemoryTot, 25, %Memory,0.806452, %Failure,0
Time: 708, Behaviour: 2, Fault: 1, n/a, 1 , DIAGNOSED ,Time Taken, 13, 
Time: 1321, Behaviour: 2, Fault: 4, n/a, 4 , DIAGNOSED ,Time Taken, 116, 
Time: 2037, Behaviour: 2, Fault: 3, n/a, 3 , DIAGNOSED ,Time Taken, 13, 
Time: 25191, Behaviour: 1, Fault: 1, 99.3358, 1 , CLASSIFIED ,
Time: 26009, Behaviour: 1, Fault: 1, n/a, 1 , DIAGNOSED ,Time Taken, 12, ELLIGIBLE
Time: 26845, Behaviour: 1, Fault: 6, n/a, 6 , DIAGNOSED ,Time Taken, 255, 
Time: 28177, Behaviour: 1, Fault: 4, n/a, 4 , DIAGNOSED ,Time Taken, 116, ELLIGIBLE
Time: 28927, Behaviour: 1, Fault: 1, 71.7741, 1 , CLASSIFIED ,
Time: 29642, Behaviour: 1, Fault: 2, n/a, 2 , DIAGNOSED ,Time Taken, 12, 
Total Faults, 9, Elligible Total, 4, DiagTot, 7, Elligible DiagTot, 2, FailTot, 0, MemoryTot, 2, %Memory,0.5, %Failure,0
Time: 626, Behaviour: 2, Fault: 1, n/a, 1 , DIAGNOSED ,Time Taken, 13, 
Time: 2515, Behaviour: 2, Fault: 1, 99.5565, 1 , CLASSIFIED ,
Time: 3143, Behaviour: 2, Fault: 4, n/a, 4 , DIAGNOSED ,Time Taken, 116, 
Time: 4070, Behaviour: 2, Fault: 6, n/a, 3 , DIAGNOSED ,Time Taken, 28, 
Time: 4991, Behaviour: 2, Fault: 6, 76.9785, 3 , CLASSIFIED ,
Time: 5593, Behaviour: 1, Fault: 3, 92.2857, 3 , CLASSIFIED ,
Time: 6657, Behaviour: 1, Fault: 1, n/a, 1 , DIAGNOSED ,Time Taken, 19, ELLIGIBLE
Time: 7276, Behaviour: 1, Fault: 2, n/a, 2 , DIAGNOSED ,Time Taken, 11, 
Time: 7980, Behaviour: 1, Fault: 5, n/a, 5 , DIAGNOSED ,Time Taken, 165, 
Time: 9142, Behaviour: 1, Fault: 1, n/a, 1 , DIAGNOSED ,Time Taken, 12, ELLIGIBLE
Time: 9908, Behaviour: 1, Fault: 5, 98.347, 5 , CLASSIFIED ,
Time: 10955, Behaviour: 1, Fault: 6, 100, 3 , CLASSIFIED ,
Time: 11723, Behaviour: 1, Fault: 4, 99.6667, 5 , CLASSIFIED ,
Time: 12324, Behaviour: 1, Fault: 3, 97.6287, 97.6287, 3 , CLASSIFIED ,
Time: 12990, Behaviour: 1, Fault: 2, 100, 2 , CLASSIFIED ,
Time: 13593, Behaviour: 1, Fault: 3, 100, 100, 3 , CLASSIFIED ,
Time: 14195, Behaviour: 1, Fault: 3, 100, 100, 100, 3 , CLASSIFIED ,
Time: 14926, Behaviour: 1, Fault: 5, 99.3339, 99.3339, 5 , CLASSIFIED ,
Time: 15527, Behaviour: 3, Fault: 3, 98.9749, 98.9749, 98.9749, 98.9749, 3 , CLASSIFIED ,
Time: 16446, Behaviour: 3, Fault: 4, 95.4864, 4 , CLASSIFIED ,
Time: 17929, Behaviour: 3, Fault: 4, 95.1599, 4 , CLASSIFIED ,
Time: 19465, Behaviour: 3, Fault: 6, n/a, 3 , DIAGNOSED ,Time Taken, 13, ELLIGIBLE
Time: 20351, Behaviour: 3, Fault: 4, 85.29, 4 , CLASSIFIED ,
Time: 20960, Behaviour: 3, Fault: 3, 87.3945, 87.3945, 87.3945, 87.3945, 3 , CLASSIFIED ,
Time: 21562, Behaviour: 3, Fault: 2, 94.0722, 94.0722, 2 , CLASSIFIED ,
Time: 22449, Behaviour: 3, Fault: 1, n/a, 1 , DIAGNOSED ,Time Taken, 12, ELLIGIBLE
Time: 23061, Behaviour: 3, Fault: 3, 73.0071, 3 , CLASSIFIED ,
Time: 23663, Behaviour: 3, Fault: 2, 100, 2 , CLASSIFIED ,
Time: 24502, Behaviour: 3, Fault: 4, 79.0507, 4 , CLASSIFIED ,
Time: 25540, Behaviour: 1, Fault: 5, 80.4931, 5 , CLASSIFIED ,
Time: 26270, Behaviour: 1, Fault: 3, 98.1375, 98.1375, 3 , CLASSIFIED ,
Time: 26990, Behaviour: 1, Fault: 3, 98.8047, 98.8047, 3 , CLASSIFIED ,
Time: 27594, Behaviour: 1, Fault: 5, 99, 5 , CLASSIFIED ,
Time: 28219, Behaviour: 1, Fault: 6, 89.3391, 89.3391, 3 , CLASSIFIED ,
Time: 28895, Behaviour: 1, Fault: 4, 97.206, 97.206, 5 , CLASSIFIED ,
Time: 29549, Behaviour: 1, Fault: 1, n/a, 1 , DIAGNOSED ,Time Taken, 12, ELLIGIBLE
Time: 30247, Behaviour: 2, Fault: 6, 85.4705, 3 , CLASSIFIED ,
Time: 32985, Behaviour: 2, Fault: 1, 99.5565, 1 , CLASSIFIED ,
Time: 33587, Behaviour: 2, Fault: 1, n/a, 1 , DIAGNOSED ,Time Taken, 12, ELLIGIBLE
Time: 35345, Behaviour: 3, Fault: 1, n/a, 1 , DIAGNOSED ,Time Taken, 12, ELLIGIBLE
Total Faults, 40, Elligible Total, 35, DiagTot, 12, Elligible DiagTot, 7, FailTot, 0, MemoryTot, 28, %Memory,0.8, %Failure,0
Time: 746, Behaviour: 2, Fault: 1, n/a, 1 , DIAGNOSED ,Time Taken, 47, 
Time: 1393, Behaviour: 2, Fault: 6, n/a, 3 , DIAGNOSED ,Time Taken, 13, 
Time: 3292, Behaviour: 2, Fault: 1, n/a, 1 , DIAGNOSED ,Time Taken, 12, ELLIGIBLE
Time: 3904, Behaviour: 2, Fault: 6, n/a, 3 , DIAGNOSED ,Time Taken, 60, ELLIGIBLE
Time: 5014, Behaviour: 1, Fault: 1, 99.7783, 1 , CLASSIFIED ,
Time: 15239, Behaviour: 3, Fault: 4, n/a, 4 , DIAGNOSED ,Time Taken, 127, 
Time: 15985, Behaviour: 3, Fault: 1, 98.6842, 1 , CLASSIFIED ,
Time: 16587, Behaviour: 3, Fault: 3, 68.9387, 3 , CLASSIFIED ,
Time: 18756, Behaviour: 3, Fault: 6, 84.699, 3 , CLASSIFIED ,
Time: 19358, Behaviour: 3, Fault: 6, 85.4306, 3 , CLASSIFIED ,
Time: 19962, Behaviour: 3, Fault: 4, 94.6038, 4 , CLASSIFIED ,
Time: 20563, Behaviour: 3, Fault: 6, 85.2798, 3 , CLASSIFIED ,
Time: 30504, Behaviour: 2, Fault: 1, 97.3917, 1 , CLASSIFIED ,
Time: 31107, Behaviour: 2, Fault: 3, 96.6856, 3 , CLASSIFIED ,
Time: 31710, Behaviour: 2, Fault: 3, 75.1338, 3 , CLASSIFIED ,
Time: 32314, Behaviour: 2, Fault: 4, 89.8076, 4 , CLASSIFIED ,
Time: 35391, Behaviour: 3, Fault: 4, 80.1526, 4 , CLASSIFIED ,
Total Faults, 17, Elligible Total, 14, DiagTot, 5, Elligible DiagTot, 2, FailTot, 0, MemoryTot, 12, %Memory,0.857143, %Failure,0
Time: 669, Behaviour: 2, Fault: 1, n/a, 1 , DIAGNOSED ,Time Taken, 12, 
Time: 1283, Behaviour: 2, Fault: 4, n/a, 4 , DIAGNOSED ,Time Taken, 169, 
Time: 2268, Behaviour: 2, Fault: 4, 71.7241, 4 , CLASSIFIED ,
Time: 2869, Behaviour: 2, Fault: 3, n/a, 3 , DIAGNOSED ,Time Taken, 13, 
Time: 3482, Behaviour: 2, Fault: 2, n/a, 2 , DIAGNOSED ,Time Taken, 12, 
Time: 4334, Behaviour: 2, Fault: 6, n/a, 3 , DIAGNOSED ,Time Taken, 13, 
Time: 5275, Behaviour: 1, Fault: 1, n/a, 1 , DIAGNOSED ,Time Taken, 12, ELLIGIBLE
Time: 6269, Behaviour: 1, Fault: 6, 88.0879, 3 , CLASSIFIED ,
Time: 6949, Behaviour: 1, Fault: 1, n/a, 1 , DIAGNOSED ,Time Taken, 37, ELLIGIBLE
Time: 7723, Behaviour: 1, Fault: 1, 85.8533, 1 , CLASSIFIED ,
Time: 8704, Behaviour: 1, Fault: 5, n/a, 5 , DIAGNOSED ,Time Taken, 166, 
Time: 9904, Behaviour: 1, Fault: 1, 66.369, 1 , CLASSIFIED ,
Time: 10689, Behaviour: 1, Fault: 1, n/a, 1 , DIAGNOSED ,Time Taken, 979, ELLIGIBLE
Time: 12601, Behaviour: 1, Fault: 3, 84.3512, 3 , CLASSIFIED ,
Time: 13848, Behaviour: 1, Fault: 6, 89.8984, 3 , CLASSIFIED ,
Time: 25394, Behaviour: 1, Fault: 5, 99.0022, 5 , CLASSIFIED ,
Time: 26505, Behaviour: 1, Fault: 6, 78.9216, 3 , CLASSIFIED ,
Time: 27108, Behaviour: 1, Fault: 3, 93.2701, 3 , CLASSIFIED ,
Time: 28107, Behaviour: 1, Fault: 6, 67.2631, 3 , CLASSIFIED ,
Time: 28855, Behaviour: 1, Fault: 5, 99.5001, 5 , CLASSIFIED ,
Time: 29480, Behaviour: 1, Fault: 6, 68.1013, 3 , CLASSIFIED ,
Time: 30658, Behaviour: 2, Fault: 6, 91.7191, 3 , CLASSIFIED ,
Time: 31335, Behaviour: 2, Fault: 6, 95.6158, 3 , CLASSIFIED ,
Time: 31937, Behaviour: 2, Fault: 2, n/a, 2 , DIAGNOSED ,Time Taken, 11, ELLIGIBLE
Time: 32548, Behaviour: 2, Fault: 6, 99.486, 3 , CLASSIFIED ,
Time: 33150, Behaviour: 2, Fault: 3, 77.6264, 3 , CLASSIFIED ,
Time: 33762, Behaviour: 2, Fault: 3, 83.7235, 3 , CLASSIFIED ,
Time: 34364, Behaviour: 2, Fault: 2, 71.1778, 2 , CLASSIFIED ,
Time: 35059, Behaviour: 3, Fault: 4, n/a, 4 , DIAGNOSED ,Time Taken, 348, ELLIGIBLE
Total Faults, 29, Elligible Total, 23, DiagTot, 11, Elligible DiagTot, 5, FailTot, 0, MemoryTot, 18, %Memory,0.782609, %Failure,0
Time: 600, Behaviour: 2, Fault: 1, n/a, 1 , DIAGNOSED ,Time Taken, 12, 
Time: 1212, Behaviour: 2, Fault: 1, n/a, 1 , DIAGNOSED ,Time Taken, 12, ELLIGIBLE
Time: 1966, Behaviour: 2, Fault: 1, n/a, 1 , DIAGNOSED ,Time Taken, 13, ELLIGIBLE
Time: 2962, Behaviour: 2, Fault: 6, n/a, 3 , DIAGNOSED ,Time Taken, 44, 
Time: 4594, Behaviour: 2, Fault: 6, 93.8369, 3 , CLASSIFIED ,
Time: 5207, Behaviour: 1, Fault: 2, n/a, 2 , DIAGNOSED ,Time Taken, 11, 
Time: 5906, Behaviour: 1, Fault: 4, 67.1408, FAILURE 1, n/a, 4 , DIAGNOSED ,Time Taken, 117, 
Time: 6690, Behaviour: 1, Fault: 5, 96.8365, 4 , CLASSIFIED ,
Time: 7421, Behaviour: 1, Fault: 1, n/a, 1 , DIAGNOSED ,Time Taken, 12, ELLIGIBLE
Time: 8185, Behaviour: 1, Fault: 6, n/a, 3 , DIAGNOSED ,Time Taken, 417, ELLIGIBLE
Time: 9202, Behaviour: 1, Fault: 2, 97.9162, 2 , CLASSIFIED ,
Time: 9837, Behaviour: 1, Fault: 5, 99.5001, 4 , CLASSIFIED ,
Time: 10977, Behaviour: 1, Fault: 4, n/a, 4 , DIAGNOSED ,Time Taken, 116, ELLIGIBLE
Time: 11693, Behaviour: 1, Fault: 3, 97.6287, 3 , CLASSIFIED ,
Time: 12301, Behaviour: 1, Fault: 2, 98.9247, 2 , CLASSIFIED ,
Time: 12905, Behaviour: 1, Fault: 5, 99.3333, 4 , CLASSIFIED ,
Time: 14045, Behaviour: 1, Fault: 5, 99.3333, 99.3333, 4 , CLASSIFIED ,
Time: 15011, Behaviour: 3, Fault: 1, 81.7903, 1 , CLASSIFIED ,
Time: 15651, Behaviour: 3, Fault: 6, 82.286, 3 , CLASSIFIED ,
Time: 16379, Behaviour: 3, Fault: 4, 93.7715, 4 , CLASSIFIED ,
Time: 17003, Behaviour: 3, Fault: 6, 81.2835, 3 , CLASSIFIED ,
Time: 17721, Behaviour: 3, Fault: 1, 76.2341, 1 , CLASSIFIED ,
Time: 18323, Behaviour: 3, Fault: 3, 99.6579, 3 , CLASSIFIED ,
Time: 20428, Behaviour: 3, Fault: 1, n/a, 1 , DIAGNOSED ,Time Taken, 13, ELLIGIBLE
Time: 21041, Behaviour: 3, Fault: 3, 85.3052, 3 , CLASSIFIED ,
Time: 21645, Behaviour: 3, Fault: 4, 100, 4 , CLASSIFIED ,
Time: 22246, Behaviour: 3, Fault: 2, 99.4585, 2 , CLASSIFIED ,
Time: 22848, Behaviour: 3, Fault: 3, 94.1707, 3 , CLASSIFIED ,
Time: 25568, Behaviour: 1, Fault: 4, 99.6672, 99.6672, 99.6672, 4 , CLASSIFIED ,
Time: 26171, Behaviour: 1, Fault: 4, 98.8368, 4 , CLASSIFIED ,
Time: 26772, Behaviour: 1, Fault: 2, 99.4633, 2 , CLASSIFIED ,
Time: 27374, Behaviour: 1, Fault: 2, 100, 2 , CLASSIFIED ,
Time: 28002, Behaviour: 1, Fault: 1, 70.9884, FAILURE 3, n/a, 1 , DIAGNOSED ,Time Taken, 12, ELLIGIBLE
Time: 28847, Behaviour: 1, Fault: 6, 99.6579, 3 , CLASSIFIED ,
Time: 29613, Behaviour: 1, Fault: 1, 67.9578, 1 , CLASSIFIED ,
Time: 30215, Behaviour: 2, Fault: 2, 75.6603, 2 , CLASSIFIED ,
Time: 32301, Behaviour: 2, Fault: 1, 68.196, 1 , CLASSIFIED ,
Time: 32903, Behaviour: 2, Fault: 3, 97.1668, 3 , CLASSIFIED ,
Time: 33505, Behaviour: 2, Fault: 3, 88.204, 3 , CLASSIFIED ,
Time: 34323, Behaviour: 2, Fault: 6, 82.7242, 3 , CLASSIFIED ,
Time: 34925, Behaviour: 2, Fault: 2, 99.4633, 2 , CLASSIFIED ,
Time: 35527, Behaviour: 3, Fault: 2, 90.2089, 2 , CLASSIFIED ,
Total Faults, 42, Elligible Total, 38, DiagTot, 9, Elligible DiagTot, 5, FailTot, 2, MemoryTot, 31, %Memory,0.815789, %Failure,0.0606061
Time: 797, Behaviour: 2, Fault: 1, n/a, 1 , DIAGNOSED ,Time Taken, 12, 
Time: 1409, Behaviour: 2, Fault: 2, n/a, 2 , DIAGNOSED ,Time Taken, 11, 
Time: 5217, Behaviour: 1, Fault: 4, n/a, 4 , DIAGNOSED ,Time Taken, 116, 
Time: 5933, Behaviour: 1, Fault: 3, n/a, 3 , DIAGNOSED ,Time Taken, 13, 
Time: 6546, Behaviour: 1, Fault: 2, 83.2735, 2 , CLASSIFIED ,
Time: 7386, Behaviour: 1, Fault: 5, n/a, 5 , DIAGNOSED ,Time Taken, 165, 
Time: 9326, Behaviour: 1, Fault: 6, 96.4701, 3 , CLASSIFIED ,
Time: 10288, Behaviour: 1, Fault: 6, 97.963, 3 , CLASSIFIED ,
Time: 11676, Behaviour: 1, Fault: 1, n/a, 1 , DIAGNOSED ,Time Taken, 12, ELLIGIBLE
Time: 12462, Behaviour: 1, Fault: 2, 98.9247, 2 , CLASSIFIED ,
Time: 13332, Behaviour: 1, Fault: 1, 100, 1 , CLASSIFIED ,
Time: 13934, Behaviour: 1, Fault: 2, 73.4625, 2 , CLASSIFIED ,
Time: 14538, Behaviour: 1, Fault: 4, 97.5034, 5 , CLASSIFIED ,
Time: 26037, Behaviour: 1, Fault: 3, 68.313, 3 , CLASSIFIED ,
Time: 28109, Behaviour: 1, Fault: 5, 99.5001, 5 , CLASSIFIED ,
Time: 28710, Behaviour: 1, Fault: 2, 100, 2 , CLASSIFIED ,
Time: 29627, Behaviour: 1, Fault: 6, 100, 3 , CLASSIFIED ,
Time: 30229, Behaviour: 2, Fault: 3, 99.3153, 99.3153, 3 , CLASSIFIED ,
Time: 30832, Behaviour: 2, Fault: 3, 97.6312, 3 , CLASSIFIED ,
Time: 31617, Behaviour: 2, Fault: 4, 78.6155, 4 , CLASSIFIED ,
Time: 32623, Behaviour: 2, Fault: 1, n/a, 1 , DIAGNOSED ,Time Taken, 12, ELLIGIBLE
Time: 33281, Behaviour: 2, Fault: 6, 96.2709, 3 , CLASSIFIED ,
Time: 33883, Behaviour: 2, Fault: 2, 98.9285, 98.9285, 2 , CLASSIFIED ,
Time: 34485, Behaviour: 2, Fault: 3, 75.3554, 3 , CLASSIFIED ,
Time: 35087, Behaviour: 3, Fault: 2, 90.2297, 2 , CLASSIFIED ,
Time: 35989, Behaviour: 3, Fault: 1, Total Faults, 25, Elligible Total, 20, DiagTot, 7, Elligible DiagTot, 2, FailTot, 0, MemoryTot, 18, %Memory,0.9, %Failure,0
Time: 653, Behaviour: 2, Fault: 1, n/a, 1 , DIAGNOSED ,Time Taken, 12, 
Time: 1527, Behaviour: 2, Fault: 6, n/a, 3 , DIAGNOSED ,Time Taken, 13, 
Time: 3051, Behaviour: 2, Fault: 6, 90.3471, 3 , CLASSIFIED ,
Time: 4560, Behaviour: 2, Fault: 1, n/a, 1 , DIAGNOSED ,Time Taken, 12, ELLIGIBLE
Time: 5172, Behaviour: 1, Fault: 2, n/a, 2 , DIAGNOSED ,Time Taken, 11, 
Time: 5943, Behaviour: 1, Fault: 5, n/a, 5 , DIAGNOSED ,Time Taken, 165, 
Time: 6775, Behaviour: 1, Fault: 4, n/a, 4 , DIAGNOSED ,Time Taken, 142, 
Time: 7519, Behaviour: 1, Fault: 5, 81.3949, 5 , CLASSIFIED ,
Time: 8504, Behaviour: 1, Fault: 1, n/a, 1 , DIAGNOSED ,Time Taken, 12, ELLIGIBLE
Time: 9212, Behaviour: 1, Fault: 5, 99.1668, 5 , CLASSIFIED ,
Time: 9955, Behaviour: 1, Fault: 4, 91.6933, 4 , CLASSIFIED ,
Time: 11685, Behaviour: 1, Fault: 6, n/a, 3 , DIAGNOSED ,Time Taken, 13, ELLIGIBLE
Time: 12298, Behaviour: 1, Fault: 3, 88.1194, 3 , CLASSIFIED ,
Time: 12902, Behaviour: 1, Fault: 4, 99.5001, 5 , CLASSIFIED ,
Time: 13505, Behaviour: 1, Fault: 4, 99.6667, 5 , CLASSIFIED ,
Time: 14108, Behaviour: 1, Fault: 4, 99.8335, 99.8335, 5 , CLASSIFIED ,
Time: 14999, Behaviour: 1, Fault: 1, 79.7726, 1 , CLASSIFIED ,
Time: 15790, Behaviour: 3, Fault: 4, n/a, 4 , DIAGNOSED ,Time Taken, 116, ELLIGIBLE
Time: 25634, Behaviour: 1, Fault: 1, 99.5575, 1 , CLASSIFIED ,
Time: 26932, Behaviour: 1, Fault: 3, 68.313, 3 , CLASSIFIED ,
Time: 27536, Behaviour: 1, Fault: 5, 99.6672, 5 , CLASSIFIED ,
Time: 28139, Behaviour: 1, Fault: 5, 99.5012, 5 , CLASSIFIED ,
Time: 29291, Behaviour: 1, Fault: 4, 80.0428, 4 , CLASSIFIED ,
Time: 29894, Behaviour: 1, Fault: 5, 99.005, 5 , CLASSIFIED ,
Time: 30495, Behaviour: 2, Fault: 3, 87.1888, 3 , CLASSIFIED ,
Time: 31216, Behaviour: 2, Fault: 4, 82.4837, 4 , CLASSIFIED ,
Time: 33410, Behaviour: 2, Fault: 4, 95.3127, 4 , CLASSIFIED ,
Time: 34012, Behaviour: 2, Fault: 3, 99.1449, 3 , CLASSIFIED ,
Time: 34616, Behaviour: 2, Fault: 4, 86.0078, 4 , CLASSIFIED ,
Time: 35219, Behaviour: 3, Fault: 4, 97.8345, 4 , CLASSIFIED ,
Total Faults, 30, Elligible Total, 25, DiagTot, 9, Elligible DiagTot, 4, FailTot, 0, MemoryTot, 21, %Memory,0.84, %Failure,0
Time: 993, Behaviour: 2, Fault: 1, n/a, 1 , DIAGNOSED ,Time Taken, 24, 
Time: 1617, Behaviour: 2, Fault: 2, n/a, 2 , DIAGNOSED ,Time Taken, 11, 
Time: 2737, Behaviour: 2, Fault: 6, n/a, 3 , DIAGNOSED ,Time Taken, 13, 
Time: 3705, Behaviour: 2, Fault: 4, n/a, 4 , DIAGNOSED ,Time Taken, 209, 
Time: 4514, Behaviour: 2, Fault: 3, 98.4706, 3 , CLASSIFIED ,
Time: 5161, Behaviour: 1, Fault: 6, n/a, 3 , DIAGNOSED ,Time Taken, 32, ELLIGIBLE
Time: 6115, Behaviour: 1, Fault: 4, n/a, 4 , DIAGNOSED ,Time Taken, 117, ELLIGIBLE
Time: 6832, Behaviour: 1, Fault: 2, 77.6012, 2 , CLASSIFIED ,
Time: 8220, Behaviour: 1, Fault: 1, n/a, 1 , DIAGNOSED ,Time Taken, 13, ELLIGIBLE
Time: 9351, Behaviour: 1, Fault: 4, 99.6667, 4 , CLASSIFIED ,
Time: 9952, Behaviour: 1, Fault: 3, 84.4449, 3 , CLASSIFIED ,
Time: 11021, Behaviour: 1, Fault: 4, 99.6667, 99.6667, 4 , CLASSIFIED ,
Time: 11693, Behaviour: 1, Fault: 5, 99.1679, 99.1679, 99.1679, 4 , CLASSIFIED ,
Time: 12377, Behaviour: 1, Fault: 1, n/a, 1 , DIAGNOSED ,Time Taken, 13, ELLIGIBLE
Time: 12990, Behaviour: 1, Fault: 2, 85.2512, 2 , CLASSIFIED ,
Time: 13833, Behaviour: 1, Fault: 5, 99.0022, 4 , CLASSIFIED ,
Time: 14543, Behaviour: 1, Fault: 1, n/a, 1 , DIAGNOSED ,Time Taken, 12, ELLIGIBLE
Time: 15363, Behaviour: 3, Fault: 2, 98.9247, 2 , CLASSIFIED ,
Time: 16505, Behaviour: 3, Fault: 4, 95.3756, 4 , CLASSIFIED ,
Time: 17106, Behaviour: 3, Fault: 2, 86.7247, 2 , CLASSIFIED ,
Time: 18200, Behaviour: 3, Fault: 4, 74.8426, 4 , CLASSIFIED ,
Time: 19277, Behaviour: 3, Fault: 4, 98.8771, 4 , CLASSIFIED ,
Time: 19887, Behaviour: 3, Fault: 4, 97.7911, 4 , CLASSIFIED ,
Time: 20488, Behaviour: 3, Fault: 2, 98.9285, 2 , CLASSIFIED ,
Time: 21090, Behaviour: 3, Fault: 2, 89.9876, 2 , CLASSIFIED ,
Time: 21693, Behaviour: 3, Fault: 2, 89.4631, 2 , CLASSIFIED ,
Time: 22313, Behaviour: 3, Fault: 4, 91.1889, 4 , CLASSIFIED ,
Time: 23109, Behaviour: 3, Fault: 6, n/a, 3 , DIAGNOSED ,Time Taken, 826, ELLIGIBLE
Time: 24549, Behaviour: 3, Fault: 4, 91.1646, 4 , CLASSIFIED ,
Time: 25150, Behaviour: 1, Fault: 3, n/a, 3 , DIAGNOSED ,Time Taken, 13, ELLIGIBLE
Time: 25763, Behaviour: 1, Fault: 2, 95.4666, 2 , CLASSIFIED ,
Time: 26365, Behaviour: 1, Fault: 3, 98.9784, 3 , CLASSIFIED ,
Time: 26968, Behaviour: 1, Fault: 3, 99.3174, 3 , CLASSIFIED ,
Time: 28296, Behaviour: 1, Fault: 2, 85.2512, 2 , CLASSIFIED ,
Time: 28898, Behaviour: 1, Fault: 2, 98.9285, 2 , CLASSIFIED ,
Time: 29500, Behaviour: 1, Fault: 3, 100, 3 , CLASSIFIED ,
Time: 30103, Behaviour: 2, Fault: 2, 100, 2 , CLASSIFIED ,
Time: 31000, Behaviour: 2, Fault: 1, n/a, 1 , DIAGNOSED ,Time Taken, 12, ELLIGIBLE
Time: 31996, Behaviour: 2, Fault: 6, 95.15, 95.15, 3 , CLASSIFIED ,
Time: 32611, Behaviour: 2, Fault: 3, 73.6395, 3 , CLASSIFIED ,
Time: 33213, Behaviour: 2, Fault: 3, 85.419, 3 , CLASSIFIED ,
Time: 34154, Behaviour: 2, Fault: 6, 70.1309, 3 , CLASSIFIED ,
Time: 35108, Behaviour: 3, Fault: 6, 68.437, 3 , CLASSIFIED ,
Time: 35771, Behaviour: 3, Fault: 3, 91.8701, 3 , CLASSIFIED ,
Total Faults, 44, Elligible Total, 40, DiagTot, 12, Elligible DiagTot, 8, FailTot, 0, MemoryTot, 32, %Memory,0.8, %Failure,0
Time: 609, Behaviour: 2, Fault: 1, n/a, 1 , DIAGNOSED ,Time Taken, 24, 
Time: 1240, Behaviour: 2, Fault: 4, n/a, 4 , DIAGNOSED ,Time Taken, 214, 
Time: 2123, Behaviour: 2, Fault: 6, n/a, 3 , DIAGNOSED ,Time Taken, 14, 
Time: 2829, Behaviour: 2, Fault: 4, 69.5326, 4 , CLASSIFIED ,
Time: 3844, Behaviour: 2, Fault: 6, 75.2813, 3 , CLASSIFIED ,
Time: 4446, Behaviour: 2, Fault: 3, 96.966, 3 , CLASSIFIED ,
Time: 20332, Behaviour: 3, Fault: 1, 96.749, 1 , CLASSIFIED ,
Time: 21054, Behaviour: 3, Fault: 4, 94.4516, 4 , CLASSIFIED ,
Time: 21658, Behaviour: 3, Fault: 2, n/a, 2 , DIAGNOSED ,Time Taken, 19, 
Time: 22277, Behaviour: 3, Fault: 2, 82.1163, 2 , CLASSIFIED ,
Time: 23045, Behaviour: 3, Fault: 1, 99.3358, 1 , CLASSIFIED ,
Time: 24194, Behaviour: 3, Fault: 1, n/a, 1 , DIAGNOSED ,Time Taken, 12, ELLIGIBLE
Time: 24806, Behaviour: 3, Fault: 6, 68.2949, 3 , CLASSIFIED ,
Time: 25419, Behaviour: 1, Fault: 3, 94.6866, 3 , CLASSIFIED ,
Time: 26272, Behaviour: 1, Fault: 5, n/a, 5 , DIAGNOSED ,Time Taken, 324, 
Time: 27994, Behaviour: 1, Fault: 2, 92.6125, 2 , CLASSIFIED ,
Time: 29371, Behaviour: 1, Fault: 6, 90.9231, 3 , CLASSIFIED ,
Time: 30849, Behaviour: 2, Fault: 6, 92.3603, 3 , CLASSIFIED ,
Time: 31453, Behaviour: 2, Fault: 4, 99.0697, 4 , CLASSIFIED ,
Time: 32054, Behaviour: 2, Fault: 2, 86.9572, 2 , CLASSIFIED ,
Time: 32680, Behaviour: 2, Fault: 3, 81.1569, 3 , CLASSIFIED ,
Time: 33282, Behaviour: 2, Fault: 6, 93.9273, 3 , CLASSIFIED ,
Time: 33884, Behaviour: 2, Fault: 3, 89.355, 3 , CLASSIFIED ,
Time: 34620, Behaviour: 2, Fault: 6, 94.2574, 3 , CLASSIFIED ,
Time: 35312, Behaviour: 3, Fault: 1, 99.7778, 1 , CLASSIFIED ,
Time: 35915, Behaviour: 3, Fault: 6, 94.6866, 3 , CLASSIFIED ,
Total Faults, 26, Elligible Total, 21, DiagTot, 6, Elligible DiagTot, 1, FailTot, 0, MemoryTot, 20, %Memory,0.952381, %Failure,0
Time: 600, Behaviour: 2, Fault: 1, n/a, 1 , DIAGNOSED ,Time Taken, 12, 
Time: 1384, Behaviour: 2, Fault: 1, n/a, 1 , DIAGNOSED ,Time Taken, 12, ELLIGIBLE
Time: 5287, Behaviour: 1, Fault: 1, 100, 1 , CLASSIFIED ,
Time: 5891, Behaviour: 1, Fault: 4, n/a, 4 , DIAGNOSED ,Time Taken, 235, 
Time: 6726, Behaviour: 1, Fault: 3, n/a, 3 , DIAGNOSED ,Time Taken, 14, 
Time: 7340, Behaviour: 1, Fault: 3, 99.8288, 3 , CLASSIFIED ,
Time: 8387, Behaviour: 1, Fault: 1, n/a, 1 , DIAGNOSED ,Time Taken, 33, ELLIGIBLE
Time: 9020, Behaviour: 1, Fault: 3, n/a, 3 , DIAGNOSED ,Time Taken, 13, ELLIGIBLE
Time: 9633, Behaviour: 1, Fault: 3, 91.1107, 3 , CLASSIFIED ,
Time: 10237, Behaviour: 1, Fault: 4, 99.8335, 4 , CLASSIFIED ,
Time: 10881, Behaviour: 1, Fault: 5, 99.005, 4 , CLASSIFIED ,
Time: 11484, Behaviour: 1, Fault: 4, 99.8335, 4 , CLASSIFIED ,
Time: 12329, Behaviour: 1, Fault: 3, 92.2008, 3 , CLASSIFIED ,
Time: 13190, Behaviour: 1, Fault: 6, 99.6579, 3 , CLASSIFIED ,
Time: 14488, Behaviour: 1, Fault: 6, 75.4937, 3 , CLASSIFIED ,
Time: 15090, Behaviour: 3, Fault: 3, 100, 3 , CLASSIFIED ,
Time: 15692, Behaviour: 3, Fault: 3, 98.8053, 98.8053, 3 , CLASSIFIED ,
Time: 16294, Behaviour: 3, Fault: 3, 100, 100, 3 , CLASSIFIED ,
Time: 16896, Behaviour: 3, Fault: 3, 99.486, 99.486, 99.486, 3 , CLASSIFIED ,
Time: 17498, Behaviour: 3, Fault: 3, 99.8288, 99.8288, 99.8288, 3 , CLASSIFIED ,
Time: 18150, Behaviour: 3, Fault: 4, n/a, 4 , DIAGNOSED ,Time Taken, 116, ELLIGIBLE
Time: 18933, Behaviour: 3, Fault: 1, n/a, 1 , DIAGNOSED ,Time Taken, 12, ELLIGIBLE
Time: 20095, Behaviour: 3, Fault: 1, 84.226, 1 , CLASSIFIED ,
Time: 20699, Behaviour: 3, Fault: 4, 85.88, 4 , CLASSIFIED ,
Time: 21300, Behaviour: 3, Fault: 2, n/a, 2 , DIAGNOSED ,Time Taken, 11, 
Time: 21994, Behaviour: 3, Fault: 4, 82.1686, 4 , CLASSIFIED ,
Time: 23095, Behaviour: 3, Fault: 4, 98.3355, 4 , CLASSIFIED ,
Time: 23696, Behaviour: 3, Fault: 3, 85.5671, 3 , CLASSIFIED ,
Time: 24298, Behaviour: 3, Fault: 3, 99.8288, 3 , CLASSIFIED ,
Time: 24901, Behaviour: 3, Fault: 3, 99.8288, 99.8288, 3 , CLASSIFIED ,
Time: 25575, Behaviour: 1, Fault: 3, 100, 100, 3 , CLASSIFIED ,
Time: 26179, Behaviour: 1, Fault: 4, n/a, 4 , DIAGNOSED ,Time Taken, 116, ELLIGIBLE
Time: 26895, Behaviour: 1, Fault: 3, 92.6558, 92.6558, 3 , CLASSIFIED ,
Time: 27499, Behaviour: 1, Fault: 1, 78.8069, 1 , CLASSIFIED ,
Time: 28103, Behaviour: 1, Fault: 5, 94.1177, 4 , CLASSIFIED ,
Time: 29199, Behaviour: 1, Fault: 4, 100, 4 , CLASSIFIED ,
Time: 29923, Behaviour: 1, Fault: 4, 100, 100, 4 , CLASSIFIED ,
Time: 30650, Behaviour: 2, Fault: 4, 82.186, 4 , CLASSIFIED ,
Time: 35763, Behaviour: 3, Fault: 1, n/a, 1 , DIAGNOSED ,Time Taken, 12, ELLIGIBLE
Total Faults, 39, Elligible Total, 35, DiagTot, 11, Elligible DiagTot, 7, FailTot, 0, MemoryTot, 28, %Memory,0.8, %Failure,0
Time: 1064, Behaviour: 2, Fault: 1, n/a, 1 , DIAGNOSED ,Time Taken, 12, 
Time: 1767, Behaviour: 2, Fault: 6, n/a, 3 , DIAGNOSED ,Time Taken, 13, 
Time: 2767, Behaviour: 2, Fault: 4, n/a, 4 , DIAGNOSED ,Time Taken, 165, 
Time: 4854, Behaviour: 2, Fault: 4, 76.0222, 4 , CLASSIFIED ,
Time: 5457, Behaviour: 1, Fault: 4, n/a, 4 , DIAGNOSED ,Time Taken, 177, ELLIGIBLE
Time: 6236, Behaviour: 1, Fault: 5, 98.8401, 4 , CLASSIFIED ,
Time: 7532, Behaviour: 1, Fault: 1, n/a, 1 , DIAGNOSED ,Time Taken, 13, ELLIGIBLE
Time: 8553, Behaviour: 1, Fault: 4, 99.5001, 4 , CLASSIFIED ,
Time: 9282, Behaviour: 1, Fault: 6, 98.1261, 3 , CLASSIFIED ,
Time: 10040, Behaviour: 1, Fault: 5, 99.5001, 4 , CLASSIFIED ,
Time: 10641, Behaviour: 1, Fault: 2, n/a, 2 , DIAGNOSED ,Time Taken, 11, 
Time: 11252, Behaviour: 1, Fault: 2, 98.4013, 2 , CLASSIFIED ,
Time: 11854, Behaviour: 1, Fault: 3, 99.486, 3 , CLASSIFIED ,
Time: 12462, Behaviour: 1, Fault: 2, 96.9166, 2 , CLASSIFIED ,
Time: 13779, Behaviour: 1, Fault: 6, 98.2873, 3 , CLASSIFIED ,
Time: 14387, Behaviour: 1, Fault: 6, n/a, 3 , DIAGNOSED ,Time Taken, 288, ELLIGIBLE
Time: 15441, Behaviour: 3, Fault: 4, 91.034, 4 , CLASSIFIED ,
Time: 16133, Behaviour: 3, Fault: 4, 86.1444, 4 , CLASSIFIED ,
Time: 16734, Behaviour: 3, Fault: 3, 93.2242, 3 , CLASSIFIED ,
Time: 17863, Behaviour: 3, Fault: 6, n/a, 3 , DIAGNOSED ,Time Taken, 13, ELLIGIBLE
Time: 18760, Behaviour: 3, Fault: 6, 92.5111, 3 , CLASSIFIED ,
Time: 19755, Behaviour: 3, Fault: 6, n/a, 3 , DIAGNOSED ,Time Taken, 13, ELLIGIBLE
Time: 20368, Behaviour: 3, Fault: 2, 99.4681, 2 , CLASSIFIED ,
Time: 20970, Behaviour: 3, Fault: 2, 76.3659, 2 , CLASSIFIED ,
Time: 21615, Behaviour: 3, Fault: 4, 92.6534, 4 , CLASSIFIED ,
Time: 22228, Behaviour: 3, Fault: 3, 99.486, 3 , CLASSIFIED ,
Time: 22869, Behaviour: 3, Fault: 4, 81.633, 4 , CLASSIFIED ,
Time: 23612, Behaviour: 3, Fault: 1, n/a, 1 , DIAGNOSED ,Time Taken, 12, ELLIGIBLE
Time: 26973, Behaviour: 1, Fault: 1, n/a, 1 , DIAGNOSED ,Time Taken, 12, ELLIGIBLE
Time: 27651, Behaviour: 1, Fault: 5, n/a, 5 , DIAGNOSED ,Time Taken, 165, ELLIGIBLE
Time: 28416, Behaviour: 1, Fault: 2, 97.8759, 2 , CLASSIFIED ,
Time: 29018, Behaviour: 1, Fault: 2, 87.8919, 2 , CLASSIFIED ,
Time: 29622, Behaviour: 1, Fault: 4, 99.3339, 5 , CLASSIFIED ,
Time: 30225, Behaviour: 2, Fault: 1, 70.372, FAILURE 5, 70.372, FAILURE 5, n/a, 1 , DIAGNOSED ,Time Taken, 20, ELLIGIBLE
Total Faults, 34, Elligible Total, 30, DiagTot, 11, Elligible DiagTot, 7, FailTot, 2, MemoryTot, 21, %Memory,0.7, %Failure,0.0869565
Time: 637, Behaviour: 2, Fault: 1, n/a, 1 , DIAGNOSED ,Time Taken, 12, 
Time: 1599, Behaviour: 2, Fault: 6, n/a, 3 , DIAGNOSED ,Time Taken, 13, 
Time: 2266, Behaviour: 2, Fault: 6, 93.4283, 3 , CLASSIFIED ,
Time: 2868, Behaviour: 2, Fault: 3, 78.3559, 3 , CLASSIFIED ,
Time: 4076, Behaviour: 2, Fault: 4, n/a, 4 , DIAGNOSED ,Time Taken, 228, 
Time: 7264, Behaviour: 1, Fault: 6, 99.486, 3 , CLASSIFIED ,
Time: 7961, Behaviour: 1, Fault: 4, n/a, 4 , DIAGNOSED ,Time Taken, 117, ELLIGIBLE
Time: 8804, Behaviour: 1, Fault: 6, 98.8053, 3 , CLASSIFIED ,
Time: 10572, Behaviour: 1, Fault: 3, 68.313, 3 , CLASSIFIED ,
Time: 11174, Behaviour: 1, Fault: 3, 95.8315, 3 , CLASSIFIED ,
Time: 12466, Behaviour: 1, Fault: 5, 99.6672, 4 , CLASSIFIED ,
Time: 13069, Behaviour: 1, Fault: 4, 99.8335, 4 , CLASSIFIED ,
Time: 13673, Behaviour: 1, Fault: 4, 100, 4 , CLASSIFIED ,
Time: 14274, Behaviour: 1, Fault: 3, 99.3178, 3 , CLASSIFIED ,
Time: 15578, Behaviour: 3, Fault: 1, 68.313, FAILURE 3, n/a, 1 , DIAGNOSED ,Time Taken, 12, ELLIGIBLE
Time: 16196, Behaviour: 3, Fault: 4, 69.6852, 4 , CLASSIFIED ,
Time: 16798, Behaviour: 3, Fault: 3, 83.5412, 3 , CLASSIFIED ,
Time: 17416, Behaviour: 3, Fault: 6, 85.8009, 3 , CLASSIFIED ,
Time: 18018, Behaviour: 3, Fault: 3, 100, 3 , CLASSIFIED ,
Time: 18900, Behaviour: 3, Fault: 6, n/a, 3 , DIAGNOSED ,Time Taken, 50, ELLIGIBLE
Time: 19550, Behaviour: 3, Fault: 3, 100, 3 , CLASSIFIED ,
Time: 20152, Behaviour: 3, Fault: 3, 95.9959, 95.9959, 3 , CLASSIFIED ,
Time: 20835, Behaviour: 3, Fault: 6, 82.1703, 3 , CLASSIFIED ,
Time: 21437, Behaviour: 3, Fault: 3, 83.7757, 3 , CLASSIFIED ,
Time: 22060, Behaviour: 3, Fault: 2, n/a, 2 , DIAGNOSED ,Time Taken, 11, 
Time: 22671, Behaviour: 3, Fault: 2, 74.4219, 2 , CLASSIFIED ,
Time: 23273, Behaviour: 3, Fault: 3, 95.9959, 3 , CLASSIFIED ,
Time: 24314, Behaviour: 3, Fault: 4, 74.4208, 4 , CLASSIFIED ,
Time: 24915, Behaviour: 3, Fault: 2, 100, 2 , CLASSIFIED ,
Time: 25810, Behaviour: 1, Fault: 4, 69, 4 , CLASSIFIED ,
Time: 26580, Behaviour: 1, Fault: 1, 69.0066, 1 , CLASSIFIED ,
Time: 27499, Behaviour: 1, Fault: 6, n/a, 3 , DIAGNOSED ,Time Taken, 13, ELLIGIBLE
Time: 28114, Behaviour: 1, Fault: 4, 69, 4 , CLASSIFIED ,
Time: 28715, Behaviour: 1, Fault: 2, 100, 100, 2 , CLASSIFIED ,
Time: 29512, Behaviour: 1, Fault: 5, 99.8335, 4 , CLASSIFIED ,
Time: 30113, Behaviour: 2, Fault: 2, 80.0421, 80.0421, 80.0421, 2 , CLASSIFIED ,
Time: 30791, Behaviour: 2, Fault: 4, 75.5265, 4 , CLASSIFIED ,
Time: 31393, Behaviour: 2, Fault: 6, 99.486, 3 , CLASSIFIED ,
Time: 31995, Behaviour: 2, Fault: 2, 86.9145, 2 , CLASSIFIED ,
Time: 33751, Behaviour: 2, Fault: 1, n/a, 1 , DIAGNOSED ,Time Taken, 21, ELLIGIBLE
Time: 34372, Behaviour: 2, Fault: 6, Total Faults, 40, Elligible Total, 36, DiagTot, 8, Elligible DiagTot, 4, FailTot, 1, MemoryTot, 31, %Memory,0.861111, %Failure,0.03125
Time: 638, Behaviour: 2, Fault: 1, n/a, 1 , DIAGNOSED ,Time Taken, 12, 
Time: 1250, Behaviour: 2, Fault: 3, n/a, 3 , DIAGNOSED ,Time Taken, 13, 
Time: 5424, Behaviour: 1, Fault: 1, n/a, 1 , DIAGNOSED ,Time Taken, 13, ELLIGIBLE
Time: 6037, Behaviour: 1, Fault: 3, 80.9028, 3 , CLASSIFIED ,
Time: 6863, Behaviour: 1, Fault: 3, 100, 3 , CLASSIFIED ,
Time: 8363, Behaviour: 1, Fault: 1, 67.9578, 1 , CLASSIFIED ,
Time: 9596, Behaviour: 1, Fault: 6, n/a, 3 , DIAGNOSED ,Time Taken, 13, 
Time: 10455, Behaviour: 1, Fault: 5, n/a, 5 , DIAGNOSED ,Time Taken, 165, 
Time: 11220, Behaviour: 1, Fault: 2, n/a, 2 , DIAGNOSED ,Time Taken, 11, 
Time: 11842, Behaviour: 1, Fault: 1, DECENTRALISED, 71.4286, 71.4286, FAILURE 3, n/a, 1 , DIAGNOSED ,Time Taken, 25, ELLIGIBLE
Time: 12862, Behaviour: 1, Fault: 3, 83.666, 83.666, 3 , CLASSIFIED ,
Time: 13575, Behaviour: 1, Fault: 4, 99.1679, 5 , CLASSIFIED ,
Time: 14288, Behaviour: 1, Fault: 5, 99.5001, 5 , CLASSIFIED ,
Time: 14889, Behaviour: 1, Fault: 2, 100, 2 , CLASSIFIED ,
Time: 15491, Behaviour: 3, Fault: 2, 71.9535, 71.9535, 2 , CLASSIFIED ,
Time: 17156, Behaviour: 3, Fault: 6, n/a, 3 , DIAGNOSED ,Time Taken, 165, ELLIGIBLE
Time: 17924, Behaviour: 3, Fault: 6, 90.9937, 3 , CLASSIFIED ,
Time: 18526, Behaviour: 3, Fault: 2, 78.5402, 78.5402, 2 , CLASSIFIED ,
Time: 19494, Behaviour: 3, Fault: 4, n/a, 4 , DIAGNOSED ,Time Taken, 116, ELLIGIBLE
Time: 20210, Behaviour: 3, Fault: 3, 89.4779, 3 , CLASSIFIED ,
Time: 21185, Behaviour: 3, Fault: 1, n/a, 1 , DIAGNOSED ,Time Taken, 12, ELLIGIBLE
Time: 21797, Behaviour: 3, Fault: 3, 99.3174, 99.3174, 3 , CLASSIFIED ,
Time: 22467, Behaviour: 3, Fault: 1, n/a, 1 , DIAGNOSED ,Time Taken, 12, ELLIGIBLE
Time: 23082, Behaviour: 3, Fault: 4, 91.7898, 4 , CLASSIFIED ,
Time: 24115, Behaviour: 3, Fault: 6, 89.3845, 3 , CLASSIFIED ,
Time: 25095, Behaviour: 1, Fault: 4, 93.5162, 5 , CLASSIFIED ,
Time: 25696, Behaviour: 1, Fault: 2, 86.7958, 2 , CLASSIFIED ,
Time: 26496, Behaviour: 1, Fault: 6, 91.9033, 3 , CLASSIFIED ,
Time: 27123, Behaviour: 1, Fault: 4, 99.6667, 5 , CLASSIFIED ,
Time: 27724, Behaviour: 1, Fault: 3, 92.4334, 3 , CLASSIFIED ,
Time: 28326, Behaviour: 1, Fault: 3, 87.7754, 3 , CLASSIFIED ,
Time: 29583, Behaviour: 1, Fault: 1, 72.0408, 1 , CLASSIFIED ,
Time: 30247, Behaviour: 2, Fault: 4, 95.0114, 4 , CLASSIFIED ,
Time: 31048, Behaviour: 2, Fault: 1, n/a, 1 , DIAGNOSED ,Time Taken, 12, ELLIGIBLE
Time: 31660, Behaviour: 2, Fault: 3, 96.9369, 3 , CLASSIFIED ,
Time: 35891, Behaviour: 3, Fault: 1, 99.5565, 1 , CLASSIFIED ,
Total Faults, 36, Elligible Total, 31, DiagTot, 11, Elligible DiagTot, 6, FailTot, 1, MemoryTot, 24, %Memory,0.774194, %Failure,0.04
Time: 4438, Behaviour: 2, Fault: 1, n/a, 1 , DIAGNOSED ,Time Taken, 14, 
Time: 5104, Behaviour: 1, Fault: 4, n/a, 4 , DIAGNOSED ,Time Taken, 116, 
Time: 5980, Behaviour: 1, Fault: 5, 95.3665, 4 , CLASSIFIED ,
Time: 6583, Behaviour: 1, Fault: 5, 95.3461, 4 , CLASSIFIED ,
Time: 8067, Behaviour: 1, Fault: 5, 98.1679, 4 , CLASSIFIED ,
Time: 8710, Behaviour: 1, Fault: 5, 99.1701, 4 , CLASSIFIED ,
Time: 9313, Behaviour: 1, Fault: 5, 99.8335, 4 , CLASSIFIED ,
Time: 10883, Behaviour: 1, Fault: 6, n/a, 3 , DIAGNOSED ,Time Taken, 257, 
Time: 12272, Behaviour: 1, Fault: 1, n/a, 1 , DIAGNOSED ,Time Taken, 12, ELLIGIBLE
Time: 12886, Behaviour: 1, Fault: 4, n/a, 4 , DIAGNOSED ,Time Taken, 224, ELLIGIBLE
Time: 13712, Behaviour: 1, Fault: 5, 100, 4 , CLASSIFIED ,
Time: 14314, Behaviour: 1, Fault: 3, 70.7927, 3 , CLASSIFIED ,
Time: 15845, Behaviour: 3, Fault: 1, 98.347, 1 , CLASSIFIED ,
Time: 16652, Behaviour: 3, Fault: 6, 92.0763, 3 , CLASSIFIED ,
Time: 25641, Behaviour: 1, Fault: 3, 68.313, 3 , CLASSIFIED ,
Time: 26368, Behaviour: 1, Fault: 4, 96.3467, 96.3467, 4 , CLASSIFIED ,
Time: 26969, Behaviour: 1, Fault: 2, n/a, 2 , DIAGNOSED ,Time Taken, 12, 
Time: 27581, Behaviour: 1, Fault: 3, 100, 3 , CLASSIFIED ,
Time: 28184, Behaviour: 1, Fault: 2, 89.3267, 2 , CLASSIFIED ,
Time: 29451, Behaviour: 1, Fault: 1, 85.5978, 1 , CLASSIFIED ,
Time: 30131, Behaviour: 2, Fault: 6, 96.2351, 96.2351, 3 , CLASSIFIED ,
Time: 30733, Behaviour: 2, Fault: 3, 95.0057, 95.0057, 3 , CLASSIFIED ,
Time: 31335, Behaviour: 2, Fault: 2, 88.9049, 2 , CLASSIFIED ,
Time: 31937, Behaviour: 2, Fault: 2, 92.9784, 2 , CLASSIFIED ,
Time: 32684, Behaviour: 2, Fault: 1, n/a, 1 , DIAGNOSED ,Time Taken, 12, ELLIGIBLE
Time: 33418, Behaviour: 2, Fault: 6, 91.401, 3 , CLASSIFIED ,
Time: 34020, Behaviour: 2, Fault: 3, 89.9354, 3 , CLASSIFIED ,
Time: 34683, Behaviour: 2, Fault: 6, n/a, 6 , DIAGNOSED ,Time Taken, 491, ELLIGIBLE
Time: 35791, Behaviour: 3, Fault: 1, 98.8401, 1 , CLASSIFIED ,
Total Faults, 29, Elligible Total, 25, DiagTot, 8, Elligible DiagTot, 4, FailTot, 0, MemoryTot, 21, %Memory,0.84, %Failure,0
