Time: 1099, Behaviour: 2, Fault: 1, n/a, 1 , DIAGNOSED ,Time Taken, 12, 
Time: 1711, Behaviour: 2, Fault: 6, n/a, 3 , DIAGNOSED ,Time Taken, 13, 
Time: 2324, Behaviour: 2, Fault: 3, 74.2818, 3 , CLASSIFIED ,
Time: 2926, Behaviour: 2, Fault: 2, n/a, 2 , DIAGNOSED ,Time Taken, 11, 
Time: 4284, Behaviour: 2, Fault: 6, 84.8776, 3 , CLASSIFIED ,
Time: 4982, Behaviour: 2, Fault: 1, n/a, 1 , DIAGNOSED ,Time Taken, 12, ELLIGIBLE
Time: 5594, Behaviour: 1, Fault: 2, 76.5842, 2 , CLASSIFIED ,
Time: 6196, Behaviour: 1, Fault: 3, 96.6865, 3 , CLASSIFIED ,
Time: 6954, Behaviour: 1, Fault: 1, n/a, 1 , DIAGNOSED ,Time Taken, 13, ELLIGIBLE
Time: 7687, Behaviour: 1, Fault: 6, 95.0057, 3 , CLASSIFIED ,
Time: 8848, Behaviour: 1, Fault: 6, 88.0806, 3 , CLASSIFIED ,
Time: 9491, Behaviour: 1, Fault: 3, DECENTRALISED, 68.313, 3 , CLASSIFIED ,
Time: 10093, Behaviour: 1, Fault: 3, 100, 3 , CLASSIFIED ,
Time: 11128, Behaviour: 1, Fault: 6, 95.8597, 3 , CLASSIFIED ,
Time: 12356, Behaviour: 1, Fault: 3, 100, 3 , CLASSIFIED ,
Time: 13045, Behaviour: 1, Fault: 2, 82.3005, 2 , CLASSIFIED ,
Time: 13647, Behaviour: 1, Fault: 2, 95.8745, 2 , CLASSIFIED ,
Time: 14249, Behaviour: 1, Fault: 2, 98.3985, 2 , CLASSIFIED ,
Time: 14851, Behaviour: 1, Fault: 3, 97.9705, 97.9705, 3 , CLASSIFIED ,
Time: 15524, Behaviour: 3, Fault: 4, n/a, 4 , DIAGNOSED ,Time Taken, 117, 
Time: 16751, Behaviour: 3, Fault: 2, DECENTRALISED, 100, 2 , CLASSIFIED ,
Time: 17353, Behaviour: 3, Fault: 3, 89.1516, 3 , CLASSIFIED ,
Time: 17955, Behaviour: 3, Fault: 3, 100, 100, 3 , CLASSIFIED ,
Time: 18558, Behaviour: 3, Fault: 6, n/a, 3 , DIAGNOSED ,Time Taken, 18, ELLIGIBLE
Time: 19176, Behaviour: 3, Fault: 2, 83.9648, 2 , CLASSIFIED ,
Time: 19783, Behaviour: 3, Fault: 4, 94.6683, 4 , CLASSIFIED ,
Time: 20399, Behaviour: 3, Fault: 6, 94.2216, 94.2216, 94.2216, 3 , CLASSIFIED ,
Time: 21002, Behaviour: 3, Fault: 6, 93.0296, 3 , CLASSIFIED ,
Time: 21604, Behaviour: 3, Fault: 2, 96.3954, 2 , CLASSIFIED ,
Time: 22206, Behaviour: 3, Fault: 2, 81.9679, 2 , CLASSIFIED ,
Time: 24473, Behaviour: 3, Fault: 1, n/a, 1 , DIAGNOSED ,Time Taken, 13, ELLIGIBLE
Time: 25255, Behaviour: 1, Fault: 6, n/a, 3 , DIAGNOSED ,Time Taken, 13, ELLIGIBLE
Time: 26550, Behaviour: 1, Fault: 2, 100, 100, 2 , CLASSIFIED ,
Time: 27152, Behaviour: 1, Fault: 2, 98.9247, 98.9247, 98.9247, 2 , CLASSIFIED ,
Time: 28297, Behaviour: 1, Fault: 1, n/a, 1 , DIAGNOSED ,Time Taken, 12, ELLIGIBLE
Time: 29767, Behaviour: 1, Fault: 6, 73.4649, 3 , CLASSIFIED ,
Time: 30625, Behaviour: 2, Fault: 1, 94.2375, 1 , CLASSIFIED ,
Time: 31228, Behaviour: 2, Fault: 3, 93.7234, 3 , CLASSIFIED ,
Time: 31830, Behaviour: 2, Fault: 2, 97.3514, 2 , CLASSIFIED ,
Time: 33005, Behaviour: 2, Fault: 6, n/a, 3 , DIAGNOSED ,Time Taken, 183, ELLIGIBLE
Time: 33796, Behaviour: 2, Fault: 6, n/a, 6 , DIAGNOSED ,Time Taken, 928, ELLIGIBLE
Time: 35324, Behaviour: 3, Fault: 3, 92.8483, 3 , CLASSIFIED ,
Time: 35926, Behaviour: 3, Fault: 2, 97.3688, 2 , CLASSIFIED ,
Total Faults, 43, Elligible Total, 39, DiagTot, 12, Elligible DiagTot, 8, FailTot, 0, MemoryTot, 31, %Memory,0.794872, %Failure,0
Time: 1519, Behaviour: 2, Fault: 1, n/a, 1 , DIAGNOSED ,Time Taken, 13, 
Time: 2158, Behaviour: 2, Fault: 6, n/a, 3 , DIAGNOSED ,Time Taken, 78, 
Time: 2836, Behaviour: 2, Fault: 2, n/a, 2 , DIAGNOSED ,Time Taken, 12, 
Time: 3448, Behaviour: 2, Fault: 2, 72.5242, 2 , CLASSIFIED ,
Time: 4051, Behaviour: 2, Fault: 3, 75.3291, 3 , CLASSIFIED ,
Time: 4684, Behaviour: 2, Fault: 6, 75.2661, 3 , CLASSIFIED ,
Time: 5288, Behaviour: 1, Fault: 5, n/a, 5 , DIAGNOSED ,Time Taken, 166, 
Time: 6205, Behaviour: 1, Fault: 5, 99.5012, 5 , CLASSIFIED ,
Time: 7302, Behaviour: 1, Fault: 6, 86.6899, 3 , CLASSIFIED ,
Time: 7904, Behaviour: 1, Fault: 2, 82.5253, 2 , CLASSIFIED ,
Time: 8508, Behaviour: 1, Fault: 5, 99.8335, 5 , CLASSIFIED ,
Time: 9109, Behaviour: 1, Fault: 2, 96.8417, 2 , CLASSIFIED ,
Time: 10381, Behaviour: 1, Fault: 1, n/a, 1 , DIAGNOSED ,Time Taken, 103, ELLIGIBLE
Time: 11289, Behaviour: 1, Fault: 6, 86.9902, 3 , CLASSIFIED ,
Time: 12142, Behaviour: 1, Fault: 6, 78.837, 3 , CLASSIFIED ,
Time: 12749, Behaviour: 1, Fault: 5, 95.5224, 5 , CLASSIFIED ,
Time: 13450, Behaviour: 1, Fault: 4, 99.6672, 5 , CLASSIFIED ,
Time: 14051, Behaviour: 1, Fault: 2, 98.9436, 2 , CLASSIFIED ,
Time: 25098, Behaviour: 1, Fault: 5, 99.5001, 5 , CLASSIFIED ,
Time: 26489, Behaviour: 1, Fault: 6, n/a, 6 , DIAGNOSED ,Time Taken, 246, ELLIGIBLE
Time: 27337, Behaviour: 1, Fault: 5, 99.5012, 5 , CLASSIFIED ,
Time: 27938, Behaviour: 1, Fault: 3, 86.0453, 3 , CLASSIFIED ,
Time: 28760, Behaviour: 1, Fault: 1, 74.7289, 1 , CLASSIFIED ,
Time: 29373, Behaviour: 1, Fault: 3, 94.4394, 3 , CLASSIFIED ,
Time: 29975, Behaviour: 1, Fault: 3, 90.195, 3 , CLASSIFIED ,
Time: 30578, Behaviour: 2, Fault: 3, 93.9442, 3 , CLASSIFIED ,
Time: 31502, Behaviour: 2, Fault: 4, n/a, 4 , DIAGNOSED ,Time Taken, 383, ELLIGIBLE
Time: 32487, Behaviour: 2, Fault: 4, 94.9989, 4 , CLASSIFIED ,
Time: 33625, Behaviour: 2, Fault: 6, n/a, 3 , DIAGNOSED ,Time Taken, 19, ELLIGIBLE
Time: 34244, Behaviour: 2, Fault: 2, 83.8392, 2 , CLASSIFIED ,
Time: 34846, Behaviour: 2, Fault: 2, 92.1606, 2 , CLASSIFIED ,
Time: 35516, Behaviour: 3, Fault: 4, 70.5876, 4 , CLASSIFIED ,
Total Faults, 32, Elligible Total, 28, DiagTot, 8, Elligible DiagTot, 4, FailTot, 0, MemoryTot, 24, %Memory,0.857143, %Failure,0
Time: 1344, Behaviour: 2, Fault: 1, n/a, 1 , DIAGNOSED ,Time Taken, 13, 
Time: 1957, Behaviour: 2, Fault: 6, n/a, 3 , DIAGNOSED ,Time Taken, 13, 
Time: 3594, Behaviour: 2, Fault: 4, n/a, 4 , DIAGNOSED ,Time Taken, 400, 
Time: 4876, Behaviour: 2, Fault: 6, 93.1068, 3 , CLASSIFIED ,
Time: 6194, Behaviour: 1, Fault: 6, n/a, 3 , DIAGNOSED ,Time Taken, 529, ELLIGIBLE
Time: 8212, Behaviour: 1, Fault: 2, n/a, 2 , DIAGNOSED ,Time Taken, 19, 
Time: 9278, Behaviour: 1, Fault: 5, n/a, 5 , DIAGNOSED ,Time Taken, 436, 
Time: 10316, Behaviour: 1, Fault: 5, 99.1668, 5 , CLASSIFIED ,
Time: 10917, Behaviour: 1, Fault: 3, 74.1008, 3 , CLASSIFIED ,
Time: 11744, Behaviour: 1, Fault: 6, 96.4772, 3 , CLASSIFIED ,
Time: 12383, Behaviour: 1, Fault: 1, 71.4286, FAILURE 3, n/a, 1 , DIAGNOSED ,Time Taken, 12, ELLIGIBLE
Time: 13714, Behaviour: 1, Fault: 1, n/a, 1 , DIAGNOSED ,Time Taken, 12, ELLIGIBLE
Time: 14474, Behaviour: 1, Fault: 4, 72.4801, 4 , CLASSIFIED ,
Time: 15299, Behaviour: 3, Fault: 1, 95.278, 1 , CLASSIFIED ,
Time: 16075, Behaviour: 3, Fault: 1, 100, 1 , CLASSIFIED ,
Time: 16815, Behaviour: 3, Fault: 6, 77.1279, 3 , CLASSIFIED ,
Time: 17432, Behaviour: 3, Fault: 3, 86.3676, 3 , CLASSIFIED ,
Time: 18034, Behaviour: 3, Fault: 3, 93.4107, 3 , CLASSIFIED ,
Time: 18636, Behaviour: 3, Fault: 3, 99.6579, 3 , CLASSIFIED ,
Time: 19265, Behaviour: 3, Fault: 4, 95.5731, 4 , CLASSIFIED ,
Time: 19866, Behaviour: 3, Fault: 3, 91.9706, 3 , CLASSIFIED ,
Time: 20528, Behaviour: 3, Fault: 4, 81.3974, 4 , CLASSIFIED ,
Time: 21864, Behaviour: 3, Fault: 1, n/a, 1 , DIAGNOSED ,Time Taken, 12, ELLIGIBLE
Time: 23042, Behaviour: 3, Fault: 6, 93.0319, 3 , CLASSIFIED ,
Time: 23814, Behaviour: 3, Fault: 4, 84.1494, 4 , CLASSIFIED ,
Time: 24415, Behaviour: 3, Fault: 3, 77.8055, 3 , CLASSIFIED ,
Time: 26106, Behaviour: 1, Fault: 6, 100, 3 , CLASSIFIED ,
Time: 26710, Behaviour: 1, Fault: 5, n/a, 5 , DIAGNOSED ,Time Taken, 169, ELLIGIBLE
Time: 28100, Behaviour: 1, Fault: 1, 99.8335, 99.8335, 1 , CLASSIFIED ,
Time: 28869, Behaviour: 1, Fault: 2, n/a, 2 , DIAGNOSED ,Time Taken, 11, ELLIGIBLE
Time: 29480, Behaviour: 1, Fault: 2, 98.9247, 2 , CLASSIFIED ,
Time: 30489, Behaviour: 2, Fault: 6, 77.4531, 3 , CLASSIFIED ,
Time: 31124, Behaviour: 2, Fault: 4, 98.3172, 4 , CLASSIFIED ,
Time: 31725, Behaviour: 2, Fault: 3, 99.6571, 3 , CLASSIFIED ,
Time: 32327, Behaviour: 2, Fault: 2, 78.2881, 2 , CLASSIFIED ,
Time: 32929, Behaviour: 2, Fault: 3, 95.0078, 3 , CLASSIFIED ,
Time: 34550, Behaviour: 2, Fault: 1, n/a, 1 , DIAGNOSED ,Time Taken, 12, ELLIGIBLE
Time: 35162, Behaviour: 3, Fault: 3, 95.1852, 3 , CLASSIFIED ,
Total Faults, 38, Elligible Total, 33, DiagTot, 11, Elligible DiagTot, 6, FailTot, 1, MemoryTot, 26, %Memory,0.787879, %Failure,0.037037
Time: 1355, Behaviour: 2, Fault: 1, n/a, 1 , DIAGNOSED ,Time Taken, 18, 
Time: 2063, Behaviour: 2, Fault: 4, n/a, 4 , DIAGNOSED ,Time Taken, 406, 
Time: 3069, Behaviour: 2, Fault: 2, n/a, 2 , DIAGNOSED ,Time Taken, 17, 
Time: 3918, Behaviour: 2, Fault: 4, 81.2309, 4 , CLASSIFIED ,
Time: 5182, Behaviour: 1, Fault: 1, n/a, 1 , DIAGNOSED ,Time Taken, 13, ELLIGIBLE
Time: 5953, Behaviour: 1, Fault: 2, 71.7741, 2 , CLASSIFIED ,
Time: 8004, Behaviour: 1, Fault: 5, n/a, 5 , DIAGNOSED ,Time Taken, 347, 
Time: 8951, Behaviour: 1, Fault: 2, 97.8796, 2 , CLASSIFIED ,
Time: 10913, Behaviour: 1, Fault: 1, n/a, 1 , DIAGNOSED ,Time Taken, 12, ELLIGIBLE
Time: 11525, Behaviour: 1, Fault: 2, 98.9436, 2 , CLASSIFIED ,
Time: 12127, Behaviour: 1, Fault: 2, 83.8664, 2 , CLASSIFIED ,
Time: 13343, Behaviour: 1, Fault: 6, n/a, 3 , DIAGNOSED ,Time Taken, 13, 
Time: 16133, Behaviour: 3, Fault: 1, 96.7733, 1 , CLASSIFIED ,
Time: 16828, Behaviour: 3, Fault: 3, 74.1317, 3 , CLASSIFIED ,
Time: 17551, Behaviour: 3, Fault: 1, 95.9471, 1 , CLASSIFIED ,
Time: 18551, Behaviour: 3, Fault: 1, 99.7783, 1 , CLASSIFIED ,
Time: 19248, Behaviour: 3, Fault: 4, 86.3452, 4 , CLASSIFIED ,
Time: 19849, Behaviour: 3, Fault: 3, 93.6694, 3 , CLASSIFIED ,
Time: 20453, Behaviour: 3, Fault: 4, 83.2658, 4 , CLASSIFIED ,
Time: 21154, Behaviour: 3, Fault: 4, 99.438, 4 , CLASSIFIED ,
Time: 23915, Behaviour: 3, Fault: 6, 89.2659, 3 , CLASSIFIED ,
Time: 25167, Behaviour: 1, Fault: 6, 82.2582, 3 , CLASSIFIED ,
Time: 25769, Behaviour: 1, Fault: 2, 100, 2 , CLASSIFIED ,
Time: 26719, Behaviour: 1, Fault: 2, 100, 2 , CLASSIFIED ,
Time: 27324, Behaviour: 1, Fault: 4, 98.6716, 5 , CLASSIFIED ,
Time: 27925, Behaviour: 1, Fault: 2, 95.5404, 2 , CLASSIFIED ,
Time: 28583, Behaviour: 1, Fault: 3, 95.4908, 3 , CLASSIFIED ,
Time: 29319, Behaviour: 1, Fault: 4, 99, 5 , CLASSIFIED ,
Time: 30095, Behaviour: 2, Fault: 3, 100, 3 , CLASSIFIED ,
Time: 30697, Behaviour: 2, Fault: 2, 68.8715, 2 , CLASSIFIED ,
Time: 31299, Behaviour: 2, Fault: 2, 86.1305, 2 , CLASSIFIED ,
Time: 31901, Behaviour: 2, Fault: 3, 89.4953, 3 , CLASSIFIED ,
Time: 32751, Behaviour: 2, Fault: 6, 85.2788, 3 , CLASSIFIED ,
Time: 33353, Behaviour: 2, Fault: 6, 98.8053, 98.8053, 3 , CLASSIFIED ,
Time: 34024, Behaviour: 2, Fault: 2, 99.4633, 2 , CLASSIFIED ,
Time: 34763, Behaviour: 2, Fault: 6, n/a, 3 , DIAGNOSED ,Time Taken, 268, ELLIGIBLE
Time: 35631, Behaviour: 3, Fault: 2, 89.6103, 2 , CLASSIFIED ,
Total Faults, 37, Elligible Total, 32, DiagTot, 8, Elligible DiagTot, 3, FailTot, 0, MemoryTot, 29, %Memory,0.90625, %Failure,0
Time: 756, Behaviour: 2, Fault: 1, n/a, 1 , DIAGNOSED ,Time Taken, 13, 
Time: 1708, Behaviour: 2, Fault: 4, n/a, 4 , DIAGNOSED ,Time Taken, 116, 
Time: 2424, Behaviour: 2, Fault: 3, n/a, 3 , DIAGNOSED ,Time Taken, 16, 
Time: 3040, Behaviour: 2, Fault: 2, n/a, 2 , DIAGNOSED ,Time Taken, 11, 
Time: 3651, Behaviour: 2, Fault: 3, 81.2046, 3 , CLASSIFIED ,
Time: 4253, Behaviour: 2, Fault: 2, 89.4186, 2 , CLASSIFIED ,
Time: 5654, Behaviour: 1, Fault: 6, 69.6575, 3 , CLASSIFIED ,
Time: 6376, Behaviour: 1, Fault: 4, n/a, 4 , DIAGNOSED ,Time Taken, 116, ELLIGIBLE
Time: 7092, Behaviour: 1, Fault: 2, 72.6732, 2 , CLASSIFIED ,
Time: 7706, Behaviour: 1, Fault: 3, 98.2988, 3 , CLASSIFIED ,
Time: 8308, Behaviour: 1, Fault: 3, 76.6127, 3 , CLASSIFIED ,
Time: 15080, Behaviour: 3, Fault: 1, n/a, 1 , DIAGNOSED ,Time Taken, 107, ELLIGIBLE
Time: 26043, Behaviour: 1, Fault: 1, n/a, 1 , DIAGNOSED ,Time Taken, 12, ELLIGIBLE
Time: 26655, Behaviour: 1, Fault: 3, 96.1567, 3 , CLASSIFIED ,
Time: 27368, Behaviour: 1, Fault: 1, 100, 1 , CLASSIFIED ,
Time: 27984, Behaviour: 1, Fault: 2, 98.9247, 2 , CLASSIFIED ,
Time: 28866, Behaviour: 1, Fault: 5, 97.6933, 4 , CLASSIFIED ,
Time: 30654, Behaviour: 2, Fault: 1, 90.9948, 1 , CLASSIFIED ,
Time: 31257, Behaviour: 2, Fault: 3, 90.1149, 3 , CLASSIFIED ,
Time: 32280, Behaviour: 2, Fault: 6, 82.3013, 3 , CLASSIFIED ,
Time: 33731, Behaviour: 2, Fault: 6, 98.4664, 3 , CLASSIFIED ,
Time: 34333, Behaviour: 2, Fault: 3, 99.1449, 3 , CLASSIFIED ,
Time: 34935, Behaviour: 2, Fault: 3, 99.6571, 3 , CLASSIFIED ,
Total Faults, 23, Elligible Total, 19, DiagTot, 7, Elligible DiagTot, 3, FailTot, 0, MemoryTot, 16, %Memory,0.842105, %Failure,0
Time: 1915, Behaviour: 2, Fault: 1, n/a, 1 , DIAGNOSED ,Time Taken, 41, 
Time: 2556, Behaviour: 2, Fault: 3, n/a, 3 , DIAGNOSED ,Time Taken, 13, 
Time: 4143, Behaviour: 2, Fault: 6, 79.4095, 3 , CLASSIFIED ,
Time: 4745, Behaviour: 2, Fault: 3, 94.4678, 3 , CLASSIFIED ,
Time: 5349, Behaviour: 1, Fault: 5, n/a, 5 , DIAGNOSED ,Time Taken, 166, 
Time: 6162, Behaviour: 1, Fault: 1, n/a, 1 , DIAGNOSED ,Time Taken, 12, ELLIGIBLE
Time: 7074, Behaviour: 1, Fault: 1, 84.5154, 1 , CLASSIFIED ,
Time: 7676, Behaviour: 1, Fault: 3, 88.8113, 3 , CLASSIFIED ,
Time: 8278, Behaviour: 1, Fault: 3, 96.4833, 3 , CLASSIFIED ,
Time: 9375, Behaviour: 1, Fault: 6, 100, 3 , CLASSIFIED ,
Time: 10125, Behaviour: 1, Fault: 5, 98.3471, 5 , CLASSIFIED ,
Time: 10726, Behaviour: 1, Fault: 3, 99.6579, 99.6579, 3 , CLASSIFIED ,
Time: 11489, Behaviour: 1, Fault: 6, n/a, 6 , DIAGNOSED ,Time Taken, 254, ELLIGIBLE
Time: 12656, Behaviour: 1, Fault: 6, 100, 100, 3 , CLASSIFIED ,
Time: 13258, Behaviour: 1, Fault: 3, 100, 100, 100, 3 , CLASSIFIED ,
Time: 13877, Behaviour: 1, Fault: 2, n/a, 2 , DIAGNOSED ,Time Taken, 12, 
Time: 14489, Behaviour: 1, Fault: 3, 88.1003, 88.1003, 88.1003, 88.1003, 3 , CLASSIFIED ,
Time: 25350, Behaviour: 1, Fault: 5, 99.1677, 5 , CLASSIFIED ,
Time: 25951, Behaviour: 1, Fault: 3, 99.6579, 99.6579, 99.6579, 99.6579, 3 , CLASSIFIED ,
Time: 26977, Behaviour: 1, Fault: 1, 84.5154, 1 , CLASSIFIED ,
Time: 27903, Behaviour: 1, Fault: 1, 100, 1 , CLASSIFIED ,
Time: 28726, Behaviour: 1, Fault: 5, 98.0005, 5 , CLASSIFIED ,
Time: 29634, Behaviour: 1, Fault: 6, 100, 100, 100, 100, 3 , CLASSIFIED ,
Time: 31370, Behaviour: 2, Fault: 1, n/a, 1 , DIAGNOSED ,Time Taken, 12, ELLIGIBLE
Time: 33099, Behaviour: 2, Fault: 6, 96.3097, 3 , CLASSIFIED ,
Time: 33701, Behaviour: 2, Fault: 2, 80.0778, 2 , CLASSIFIED ,
Time: 34997, Behaviour: 2, Fault: 1, 99.7783, 1 , CLASSIFIED ,
Time: 35600, Behaviour: 3, Fault: 3, 96.4521, 3 , CLASSIFIED ,
Total Faults, 28, Elligible Total, 24, DiagTot, 7, Elligible DiagTot, 3, FailTot, 0, MemoryTot, 21, %Memory,0.875, %Failure,0
Time: 941, Behaviour: 2, Fault: 1, n/a, 1 , DIAGNOSED ,Time Taken, 12, 
Time: 1553, Behaviour: 2, Fault: 2, n/a, 2 , DIAGNOSED ,Time Taken, 12, 
Time: 2165, Behaviour: 2, Fault: 3, n/a, 3 , DIAGNOSED ,Time Taken, 13, 
Time: 2778, Behaviour: 2, Fault: 2, 87.721, 2 , CLASSIFIED ,
Time: 3492, Behaviour: 2, Fault: 4, n/a, 4 , DIAGNOSED ,Time Taken, 172, 
Time: 4264, Behaviour: 2, Fault: 2, 87.3381, 2 , CLASSIFIED ,
Time: 6099, Behaviour: 1, Fault: 6, n/a, 3 , DIAGNOSED ,Time Taken, 14, 
Time: 6812, Behaviour: 1, Fault: 5, n/a, 5 , DIAGNOSED ,Time Taken, 165, 
Time: 7620, Behaviour: 1, Fault: 4, 99.5001, 5 , CLASSIFIED ,
Time: 8446, Behaviour: 1, Fault: 6, 78.3164, 3 , CLASSIFIED ,
Time: 9237, Behaviour: 1, Fault: 5, 99.6672, 5 , CLASSIFIED ,
Time: 9838, Behaviour: 1, Fault: 2, 77.672, 2 , CLASSIFIED ,
Time: 10470, Behaviour: 1, Fault: 2, 98.9247, 2 , CLASSIFIED ,
Time: 11073, Behaviour: 1, Fault: 2, 87.2142, 2 , CLASSIFIED ,
Time: 11677, Behaviour: 1, Fault: 4, 99.8335, 5 , CLASSIFIED ,
Time: 12423, Behaviour: 1, Fault: 3, 96.6471, 3 , CLASSIFIED ,
Time: 13150, Behaviour: 1, Fault: 5, 98.347, 5 , CLASSIFIED ,
Time: 14494, Behaviour: 1, Fault: 6, 91.7088, 3 , CLASSIFIED ,
Time: 26472, Behaviour: 1, Fault: 1, n/a, 1 , DIAGNOSED ,Time Taken, 13, ELLIGIBLE
Time: 27310, Behaviour: 1, Fault: 4, 70.4754, 4 , CLASSIFIED ,
Time: 28717, Behaviour: 1, Fault: 5, 99.8335, 5 , CLASSIFIED ,
Time: 29632, Behaviour: 1, Fault: 6, 100, 3 , CLASSIFIED ,
Time: 30234, Behaviour: 2, Fault: 2, 98.9285, 2 , CLASSIFIED ,
Time: 31407, Behaviour: 2, Fault: 4, 72.0191, 4 , CLASSIFIED ,
Time: 32008, Behaviour: 2, Fault: 3, 95.0475, 3 , CLASSIFIED ,
Time: 32610, Behaviour: 2, Fault: 2, 91.5095, 2 , CLASSIFIED ,
Time: 34097, Behaviour: 2, Fault: 1, n/a, 1 , DIAGNOSED ,Time Taken, 12, ELLIGIBLE
Total Faults, 27, Elligible Total, 21, DiagTot, 8, Elligible DiagTot, 2, FailTot, 0, MemoryTot, 19, %Memory,0.904762, %Failure,0
Total Faults, 0, Elligible Total, 0, DiagTot, 0, Elligible DiagTot, 0, FailTot, 0, MemoryTot, 0, %Memory,-nan, %Failure,-nan
Time: 637, Behaviour: 2, Fault: 1, n/a, 1 , DIAGNOSED ,Time Taken, 12, 
Time: 1342, Behaviour: 2, Fault: 6, n/a, 3 , DIAGNOSED ,Time Taken, 13, 
Time: 1955, Behaviour: 2, Fault: 2, n/a, 2 , DIAGNOSED ,Time Taken, 11, 
Time: 3809, Behaviour: 2, Fault: 4, n/a, 4 , DIAGNOSED ,Time Taken, 170, 
Time: 5161, Behaviour: 1, Fault: 6, 78.446, 3 , CLASSIFIED ,
Time: 5766, Behaviour: 1, Fault: 5, n/a, 5 , DIAGNOSED ,Time Taken, 211, 
Time: 6901, Behaviour: 1, Fault: 3, 94.8447, 3 , CLASSIFIED ,
Time: 7584, Behaviour: 1, Fault: 1, 67.9578, 1 , CLASSIFIED ,
Time: 8186, Behaviour: 1, Fault: 2, 88.4034, 2 , CLASSIFIED ,
Time: 8788, Behaviour: 1, Fault: 3, 100, 3 , CLASSIFIED ,
Time: 9826, Behaviour: 1, Fault: 6, 96.7627, 96.7627, 3 , CLASSIFIED ,
Time: 10429, Behaviour: 1, Fault: 3, 100, 100, 3 , CLASSIFIED ,
Time: 11446, Behaviour: 1, Fault: 1, n/a, 1 , DIAGNOSED ,Time Taken, 12, ELLIGIBLE
Time: 12060, Behaviour: 1, Fault: 5, 99.1668, 5 , CLASSIFIED ,
Time: 12832, Behaviour: 1, Fault: 1, 99.8288, 1 , CLASSIFIED ,
Time: 13474, Behaviour: 1, Fault: 4, n/a, 4 , DIAGNOSED ,Time Taken, 116, ELLIGIBLE
Time: 14691, Behaviour: 1, Fault: 1, 84.5154, 1 , CLASSIFIED ,
Time: 20465, Behaviour: 3, Fault: 6, 92.8148, 3 , CLASSIFIED ,
Time: 31518, Behaviour: 2, Fault: 1, n/a, 1 , DIAGNOSED ,Time Taken, 12, ELLIGIBLE
Time: 35788, Behaviour: 3, Fault: 1, 68.313, 1 , CLASSIFIED ,
Total Faults, 20, Elligible Total, 15, DiagTot, 8, Elligible DiagTot, 3, FailTot, 0, MemoryTot, 12, %Memory,0.8, %Failure,0
Time: 9667, Behaviour: 1, Fault: 1, n/a, 1 , DIAGNOSED ,Time Taken, 154, 
Time: 10598, Behaviour: 1, Fault: 3, n/a, 3 , DIAGNOSED ,Time Taken, 13, 
Time: 11211, Behaviour: 1, Fault: 6, 84.4516, 3 , CLASSIFIED ,
Time: 11888, Behaviour: 1, Fault: 3, 100, 3 , CLASSIFIED ,
Time: 12902, Behaviour: 1, Fault: 3, 100, 100, 3 , CLASSIFIED ,
Time: 13530, Behaviour: 1, Fault: 4, n/a, 4 , DIAGNOSED ,Time Taken, 116, 
Time: 14312, Behaviour: 1, Fault: 4, 69.5046, FAILURE 3, n/a, 4 , DIAGNOSED ,Time Taken, 116, ELLIGIBLE
Time: 16248, Behaviour: 3, Fault: 2, n/a, 2 , DIAGNOSED ,Time Taken, 11, 
Time: 19247, Behaviour: 3, Fault: 6, n/a, 3 , DIAGNOSED ,Time Taken, 13, ELLIGIBLE
Time: 19866, Behaviour: 3, Fault: 4, 68.9757, 4 , CLASSIFIED ,
Time: 20467, Behaviour: 3, Fault: 2, 98.9247, 2 , CLASSIFIED ,
Time: 21069, Behaviour: 3, Fault: 3, 99.486, 99.486, 99.486, 3 , CLASSIFIED ,
Time: 22241, Behaviour: 3, Fault: 4, 98.3158, 4 , CLASSIFIED ,
Time: 22844, Behaviour: 3, Fault: 4, 90.5988, 4 , CLASSIFIED ,
Time: 28248, Behaviour: 1, Fault: 1, 100, 1 , CLASSIFIED ,
Time: 28926, Behaviour: 1, Fault: 6, 93.7736, 3 , CLASSIFIED ,
Time: 29546, Behaviour: 1, Fault: 6, 100, 100, 100, 3 , CLASSIFIED ,
Time: 30149, Behaviour: 2, Fault: 2, 98.9285, 2 , CLASSIFIED ,
Time: 30751, Behaviour: 2, Fault: 6, 84.8623, 3 , CLASSIFIED ,
Time: 31367, Behaviour: 2, Fault: 4, 97.8345, 4 , CLASSIFIED ,
Time: 31968, Behaviour: 2, Fault: 3, 77.4832, 77.4832, 77.4832, 77.4832, 3 , CLASSIFIED ,
Time: 32570, Behaviour: 2, Fault: 3, 87.372, 3 , CLASSIFIED ,
Time: 33172, Behaviour: 2, Fault: 3, 93.3418, 3 , CLASSIFIED ,
Time: 34536, Behaviour: 2, Fault: 1, n/a, 1 , DIAGNOSED ,Time Taken, 12, ELLIGIBLE
Time: 35311, Behaviour: 3, Fault: 4, 97.9573, 4 , CLASSIFIED ,
Time: 35912, Behaviour: 3, Fault: 3, 86.8344, 3 , CLASSIFIED ,
Total Faults, 26, Elligible Total, 22, DiagTot, 6, Elligible DiagTot, 2, FailTot, 1, MemoryTot, 19, %Memory,0.863636, %Failure,0.05
Time: 1532, Behaviour: 2, Fault: 1, n/a, 1 , DIAGNOSED ,Time Taken, 12, 
Time: 2144, Behaviour: 2, Fault: 3, n/a, 3 , DIAGNOSED ,Time Taken, 13, 
Time: 2757, Behaviour: 2, Fault: 2, n/a, 2 , DIAGNOSED ,Time Taken, 44, 
Time: 4409, Behaviour: 2, Fault: 4, n/a, 4 , DIAGNOSED ,Time Taken, 116, 
Time: 5702, Behaviour: 1, Fault: 1, 99.7783, 1 , CLASSIFIED ,
Time: 6327, Behaviour: 1, Fault: 2, 68.6597, 2 , CLASSIFIED ,
Time: 6999, Behaviour: 1, Fault: 1, n/a, 1 , DIAGNOSED ,Time Taken, 279, ELLIGIBLE
Time: 7880, Behaviour: 1, Fault: 4, n/a, 4 , DIAGNOSED ,Time Taken, 116, ELLIGIBLE
Time: 9371, Behaviour: 1, Fault: 5, 99.6672, 4 , CLASSIFIED ,
Time: 9973, Behaviour: 1, Fault: 2, 98.9247, 2 , CLASSIFIED ,
Time: 10982, Behaviour: 1, Fault: 2, 100, 2 , CLASSIFIED ,
Time: 12061, Behaviour: 1, Fault: 6, n/a, 6 , DIAGNOSED ,Time Taken, 280, 
Time: 12952, Behaviour: 1, Fault: 6, 87.9664, 3 , CLASSIFIED ,
Time: 13555, Behaviour: 1, Fault: 2, 97.413, 2 , CLASSIFIED ,
Time: 14157, Behaviour: 1, Fault: 3, 94.3638, 3 , CLASSIFIED ,
Time: 15324, Behaviour: 3, Fault: 1, n/a, 1 , DIAGNOSED ,Time Taken, 12, ELLIGIBLE
Time: 15936, Behaviour: 3, Fault: 3, 93.7289, 3 , CLASSIFIED ,
Time: 16566, Behaviour: 3, Fault: 2, 100, 2 , CLASSIFIED ,
Time: 17168, Behaviour: 3, Fault: 3, 97.3059, 3 , CLASSIFIED ,
Time: 17970, Behaviour: 3, Fault: 4, 73.8132, 4 , CLASSIFIED ,
Time: 19933, Behaviour: 3, Fault: 1, n/a, 1 , DIAGNOSED ,Time Taken, 12, ELLIGIBLE
Time: 20675, Behaviour: 3, Fault: 1, 100, 1 , CLASSIFIED ,
Time: 21277, Behaviour: 3, Fault: 3, 82.6789, 3 , CLASSIFIED ,
Time: 22226, Behaviour: 3, Fault: 4, 93.9739, 4 , CLASSIFIED ,
Time: 23024, Behaviour: 3, Fault: 6, 98.2988, 3 , CLASSIFIED ,
Time: 23627, Behaviour: 3, Fault: 2, 84.3345, 2 , CLASSIFIED ,
Time: 24230, Behaviour: 3, Fault: 3, 99.486, 3 , CLASSIFIED ,
Time: 24832, Behaviour: 3, Fault: 2, 85.7635, 2 , CLASSIFIED ,
Time: 25434, Behaviour: 1, Fault: 6, 70.8326, 6 , CLASSIFIED ,
Time: 26066, Behaviour: 1, Fault: 2, 98.9285, 2 , CLASSIFIED ,
Time: 27232, Behaviour: 1, Fault: 2, 98.9247, 98.9247, 2 , CLASSIFIED ,
Time: 27836, Behaviour: 1, Fault: 4, n/a, 4 , DIAGNOSED ,Time Taken, 117, ELLIGIBLE
Time: 28758, Behaviour: 1, Fault: 5, 99.6667, 4 , CLASSIFIED ,
Time: 29974, Behaviour: 1, Fault: 1, 89.2028, 1 , CLASSIFIED ,
Time: 30581, Behaviour: 2, Fault: 2, 78.6076, 2 , CLASSIFIED ,
Time: 31184, Behaviour: 2, Fault: 3, 82.8508, 3 , CLASSIFIED ,
Time: 31786, Behaviour: 2, Fault: 3, 91.5833, 3 , CLASSIFIED ,
Time: 32857, Behaviour: 2, Fault: 4, 70.1207, 4 , CLASSIFIED ,
Time: 33552, Behaviour: 2, Fault: 4, 82.0303, 4 , CLASSIFIED ,
Time: 34183, Behaviour: 2, Fault: 6, n/a, 3 , DIAGNOSED ,Time Taken, 17, ELLIGIBLE
Time: 34800, Behaviour: 2, Fault: 2, 98.9285, 2 , CLASSIFIED ,
Time: 35416, Behaviour: 3, Fault: 2, 87.9179, 2 , CLASSIFIED ,
Total Faults, 42, Elligible Total, 37, DiagTot, 11, Elligible DiagTot, 6, FailTot, 0, MemoryTot, 31, %Memory,0.837838, %Failure,0
Time: 6244, Behaviour: 1, Fault: 1, n/a, 1 , DIAGNOSED ,Time Taken, 18, 
Time: 6862, Behaviour: 1, Fault: 2, n/a, 2 , DIAGNOSED ,Time Taken, 12, 
Time: 8537, Behaviour: 1, Fault: 6, n/a, 3 , DIAGNOSED ,Time Taken, 13, 
Time: 9358, Behaviour: 1, Fault: 1, n/a, 1 , DIAGNOSED ,Time Taken, 12, ELLIGIBLE
Time: 10004, Behaviour: 1, Fault: 6, n/a, 3 , DIAGNOSED ,Time Taken, 13, ELLIGIBLE
Time: 10742, Behaviour: 1, Fault: 4, DECENTRALISED, n/a, 4 , DIAGNOSED ,Time Taken, 116, 
Time: 11662, Behaviour: 1, Fault: 2, 98.9247, 2 , CLASSIFIED ,
Time: 12266, Behaviour: 1, Fault: 4, n/a, 4 , DIAGNOSED ,Time Taken, 116, ELLIGIBLE
Time: 12984, Behaviour: 1, Fault: 5, 99.6667, 4 , CLASSIFIED ,
Time: 13776, Behaviour: 1, Fault: 2, 100, 2 , CLASSIFIED ,
Time: 14379, Behaviour: 1, Fault: 3, 74.6202, 3 , CLASSIFIED ,
Time: 14982, Behaviour: 1, Fault: 5, 99.5001, 99.5001, 4 , CLASSIFIED ,
Time: 15583, Behaviour: 3, Fault: 6, 94.2223, 3 , CLASSIFIED ,
Time: 16185, Behaviour: 3, Fault: 2, 75.5148, 75.5148, 2 , CLASSIFIED ,
Time: 17313, Behaviour: 3, Fault: 1, 82.102, 1 , CLASSIFIED ,
Time: 18446, Behaviour: 3, Fault: 2, 100, 100, 2 , CLASSIFIED ,
Time: 19048, Behaviour: 3, Fault: 3, 96.2711, 3 , CLASSIFIED ,
Time: 19650, Behaviour: 3, Fault: 2, 86.321, 2 , CLASSIFIED ,
Time: 20629, Behaviour: 3, Fault: 1, 100, 1 , CLASSIFIED ,
Time: 22058, Behaviour: 3, Fault: 6, 88.6376, 3 , CLASSIFIED ,
Time: 22660, Behaviour: 3, Fault: 3, 92.5681, 3 , CLASSIFIED ,
Time: 23463, Behaviour: 3, Fault: 4, 73.3671, 4 , CLASSIFIED ,
Time: 24072, Behaviour: 3, Fault: 2, 98.3985, 98.3985, 98.3985, 2 , CLASSIFIED ,
Time: 24674, Behaviour: 3, Fault: 2, 100, 2 , CLASSIFIED ,
Time: 25276, Behaviour: 1, Fault: 3, 97.8038, 3 , CLASSIFIED ,
Time: 25878, Behaviour: 1, Fault: 2, 98.9247, 98.9247, 2 , CLASSIFIED ,
Time: 26480, Behaviour: 1, Fault: 3, 98.6409, 3 , CLASSIFIED ,
Time: 27536, Behaviour: 1, Fault: 6, 98.8095, 3 , CLASSIFIED ,
Time: 28529, Behaviour: 1, Fault: 1, 100, 100, 1 , CLASSIFIED ,
Time: 29170, Behaviour: 1, Fault: 3, 100, 3 , CLASSIFIED ,
Time: 29902, Behaviour: 1, Fault: 4, n/a, 4 , DIAGNOSED ,Time Taken, 116, ELLIGIBLE
Time: 30618, Behaviour: 2, Fault: 3, 89.673, 3 , CLASSIFIED ,
Time: 31248, Behaviour: 2, Fault: 1, n/a, 1 , DIAGNOSED ,Time Taken, 12, ELLIGIBLE
Time: 31860, Behaviour: 2, Fault: 2, 100, 2 , CLASSIFIED ,
Time: 32640, Behaviour: 2, Fault: 6, n/a, 3 , DIAGNOSED ,Time Taken, 168, ELLIGIBLE
Time: 33408, Behaviour: 2, Fault: 3, 99.1449, 3 , CLASSIFIED ,
Time: 34229, Behaviour: 2, Fault: 1, 100, 1 , CLASSIFIED ,
Time: 34831, Behaviour: 2, Fault: 3, 93.9962, 3 , CLASSIFIED ,
Time: 35476, Behaviour: 3, Fault: 1, n/a, 1 , DIAGNOSED ,Time Taken, 12, ELLIGIBLE
Total Faults, 39, Elligible Total, 35, DiagTot, 11, Elligible DiagTot, 7, FailTot, 0, MemoryTot, 28, %Memory,0.8, %Failure,0
Time: 28531, Behaviour: 1, Fault: 1, n/a, 1 , DIAGNOSED ,Time Taken, 13, 
Time: 29441, Behaviour: 1, Fault: 2, n/a, 2 , DIAGNOSED ,Time Taken, 11, 
Time: 30263, Behaviour: 2, Fault: 6, n/a, 3 , DIAGNOSED ,Time Taken, 13, 
Time: 31564, Behaviour: 2, Fault: 4, n/a, 4 , DIAGNOSED ,Time Taken, 130, 
Time: 32599, Behaviour: 2, Fault: 6, n/a, 3 , DIAGNOSED ,Time Taken, 13, ELLIGIBLE
Total Faults, 5, Elligible Total, 1, DiagTot, 5, Elligible DiagTot, 1, FailTot, 0, MemoryTot, 0, %Memory,0, %Failure,-nan
Time: 600, Behaviour: 2, Fault: 1, n/a, 1 , DIAGNOSED ,Time Taken, 12, 
Time: 1311, Behaviour: 2, Fault: 1, n/a, 1 , DIAGNOSED ,Time Taken, 12, ELLIGIBLE
Time: 1923, Behaviour: 2, Fault: 3, n/a, 3 , DIAGNOSED ,Time Taken, 14, 
Time: 2705, Behaviour: 2, Fault: 6, 81.0279, 3 , CLASSIFIED ,
Time: 3307, Behaviour: 2, Fault: 6, 94.0263, 3 , CLASSIFIED ,
Time: 5765, Behaviour: 1, Fault: 3, 68.196, 3 , CLASSIFIED ,
Time: 6526, Behaviour: 1, Fault: 4, n/a, 4 , DIAGNOSED ,Time Taken, 116, 
Time: 7352, Behaviour: 1, Fault: 5, 99.6672, 4 , CLASSIFIED ,
Time: 8092, Behaviour: 1, Fault: 3, 99.486, 3 , CLASSIFIED ,
Time: 8695, Behaviour: 1, Fault: 2, n/a, 2 , DIAGNOSED ,Time Taken, 11, 
Time: 9350, Behaviour: 1, Fault: 6, n/a, 3 , DIAGNOSED ,Time Taken, 13, ELLIGIBLE
Time: 9963, Behaviour: 1, Fault: 2, 80.6235, 2 , CLASSIFIED ,
Time: 10566, Behaviour: 1, Fault: 3, 100, 3 , CLASSIFIED ,
Time: 11448, Behaviour: 1, Fault: 6, 100, 3 , CLASSIFIED ,
Time: 12213, Behaviour: 1, Fault: 2, 96.8633, 2 , CLASSIFIED ,
Time: 12817, Behaviour: 1, Fault: 4, 99.8335, 4 , CLASSIFIED ,
Time: 13446, Behaviour: 1, Fault: 1, 99.5565, 1 , CLASSIFIED ,
Time: 14530, Behaviour: 1, Fault: 4, n/a, 4 , DIAGNOSED ,Time Taken, 116, ELLIGIBLE
Time: 15246, Behaviour: 3, Fault: 2, 97.8796, 2 , CLASSIFIED ,
Time: 15848, Behaviour: 3, Fault: 3, 100, 100, 3 , CLASSIFIED ,
Time: 16807, Behaviour: 3, Fault: 4, 84.1814, 4 , CLASSIFIED ,
Time: 17408, Behaviour: 3, Fault: 3, 80.6717, 3 , CLASSIFIED ,
Time: 18362, Behaviour: 3, Fault: 1, n/a, 1 , DIAGNOSED ,Time Taken, 27, ELLIGIBLE
Time: 19372, Behaviour: 3, Fault: 6, n/a, 6 , DIAGNOSED ,Time Taken, 502, ELLIGIBLE
Time: 20474, Behaviour: 3, Fault: 3, 81.6828, 3 , CLASSIFIED ,
Time: 22041, Behaviour: 3, Fault: 1, 90.1553, 1 , CLASSIFIED ,
Time: 22643, Behaviour: 3, Fault: 2, 98.9436, 2 , CLASSIFIED ,
Time: 23245, Behaviour: 3, Fault: 3, 77.0866, 3 , CLASSIFIED ,
Time: 23848, Behaviour: 3, Fault: 3, 90.2436, 3 , CLASSIFIED ,
Time: 24451, Behaviour: 3, Fault: 4, 79.6265, 4 , CLASSIFIED ,
Time: 25052, Behaviour: 1, Fault: 3, 97.6387, 3 , CLASSIFIED ,
Time: 25683, Behaviour: 1, Fault: 1, 99.5565, 1 , CLASSIFIED ,
Time: 26491, Behaviour: 1, Fault: 4, 99.8335, 4 , CLASSIFIED ,
Time: 27094, Behaviour: 1, Fault: 4, 100, 4 , CLASSIFIED ,
Time: 27697, Behaviour: 1, Fault: 5, 99.8335, 99.8335, 4 , CLASSIFIED ,
Time: 28316, Behaviour: 1, Fault: 4, 99.1668, 99.1668, 4 , CLASSIFIED ,
Time: 28979, Behaviour: 1, Fault: 1, 70.3321, FAILURE 3, n/a, 1 , DIAGNOSED ,Time Taken, 85, ELLIGIBLE
Time: 29666, Behaviour: 1, Fault: 4, 99.8335, 99.8335, 4 , CLASSIFIED ,
Time: 30267, Behaviour: 2, Fault: 2, 80.3338, 2 , CLASSIFIED ,
Time: 30877, Behaviour: 2, Fault: 4, 82.474, 4 , CLASSIFIED ,
Time: 31627, Behaviour: 2, Fault: 6, n/a, 3 , DIAGNOSED ,Time Taken, 16, ELLIGIBLE
Time: 32243, Behaviour: 2, Fault: 3, 82.8509, 3 , CLASSIFIED ,
Time: 33227, Behaviour: 2, Fault: 1, 99.7783, 1 , CLASSIFIED ,
Time: 34686, Behaviour: 2, Fault: 1, 98.4715, 1 , CLASSIFIED ,
Time: 35376, Behaviour: 3, Fault: 4, 86.4089, 4 , CLASSIFIED ,
Time: 35977, Behaviour: 3, Fault: 1, n/a, 1 , DIAGNOSED ,Time Taken, 13, ELLIGIBLE
Total Faults, 46, Elligible Total, 42, DiagTot, 11, Elligible DiagTot, 7, FailTot, 1, MemoryTot, 34, %Memory,0.809524, %Failure,0.0285714
Time: 911, Behaviour: 2, Fault: 1, n/a, 1 , DIAGNOSED ,Time Taken, 13, 
Time: 1535, Behaviour: 2, Fault: 6, n/a, 3 , DIAGNOSED ,Time Taken, 14, 
Time: 2149, Behaviour: 2, Fault: 2, n/a, 2 , DIAGNOSED ,Time Taken, 11, 
Time: 2958, Behaviour: 2, Fault: 6, 87.9974, 3 , CLASSIFIED ,
Time: 3889, Behaviour: 2, Fault: 4, n/a, 4 , DIAGNOSED ,Time Taken, 117, 
Time: 4606, Behaviour: 2, Fault: 2, 79.9939, 2 , CLASSIFIED ,
Time: 5208, Behaviour: 1, Fault: 6, 76.5514, 3 , CLASSIFIED ,
Time: 5864, Behaviour: 1, Fault: 1, n/a, 1 , DIAGNOSED ,Time Taken, 12, ELLIGIBLE
Time: 6476, Behaviour: 1, Fault: 3, 94.6841, 3 , CLASSIFIED ,
Time: 7090, Behaviour: 1, Fault: 4, n/a, 4 , DIAGNOSED ,Time Taken, 116, ELLIGIBLE
Time: 7806, Behaviour: 1, Fault: 3, 96.1567, 3 , CLASSIFIED ,
Time: 8538, Behaviour: 1, Fault: 5, 99.8335, 4 , CLASSIFIED ,
Time: 9139, Behaviour: 1, Fault: 6, 99.486, 3 , CLASSIFIED ,
Time: 10021, Behaviour: 1, Fault: 6, 97.2685, 3 , CLASSIFIED ,
Time: 10625, Behaviour: 1, Fault: 4, 100, 4 , CLASSIFIED ,
Time: 11362, Behaviour: 1, Fault: 2, 80.0778, 2 , CLASSIFIED ,
Time: 12141, Behaviour: 1, Fault: 5, 99.8335, 99.8335, 4 , CLASSIFIED ,
Time: 12770, Behaviour: 1, Fault: 5, 97.8346, 97.8346, 4 , CLASSIFIED ,
Time: 13439, Behaviour: 1, Fault: 6, 100, 3 , CLASSIFIED ,
Time: 14045, Behaviour: 1, Fault: 3, 100, 100, 3 , CLASSIFIED ,
Time: 14702, Behaviour: 1, Fault: 4, 99.8335, 99.8335, 4 , CLASSIFIED ,
Time: 15303, Behaviour: 3, Fault: 3, 82.8969, 3 , CLASSIFIED ,
Time: 15930, Behaviour: 3, Fault: 4, 91.7993, 4 , CLASSIFIED ,
Time: 16625, Behaviour: 3, Fault: 4, 92.2589, 4 , CLASSIFIED ,
Time: 17249, Behaviour: 3, Fault: 2, 98.9247, 2 , CLASSIFIED ,
Time: 17902, Behaviour: 3, Fault: 1, 76.2947, 1 , CLASSIFIED ,
Time: 18504, Behaviour: 3, Fault: 3, 89.7563, 3 , CLASSIFIED ,
Time: 19106, Behaviour: 3, Fault: 2, 98.9285, 2 , CLASSIFIED ,
Time: 21102, Behaviour: 3, Fault: 6, 80.9966, 3 , CLASSIFIED ,
Time: 22321, Behaviour: 3, Fault: 4, 89.3234, 4 , CLASSIFIED ,
Time: 23474, Behaviour: 3, Fault: 6, n/a, 3 , DIAGNOSED ,Time Taken, 1006, ELLIGIBLE
Time: 25080, Behaviour: 1, Fault: 3, 88.8911, 3 , CLASSIFIED ,
Time: 25682, Behaviour: 1, Fault: 6, 100, 100, 3 , CLASSIFIED ,
Time: 26284, Behaviour: 1, Fault: 3, 94.1124, 94.1124, 94.1124, 3 , CLASSIFIED ,
Time: 27044, Behaviour: 1, Fault: 2, 98.9247, 98.9247, 2 , CLASSIFIED ,
Time: 27808, Behaviour: 1, Fault: 3, 99.8288, 99.8288, 99.8288, 3 , CLASSIFIED ,
Time: 28410, Behaviour: 1, Fault: 3, 100, 100, 100, 3 , CLASSIFIED ,
Time: 29013, Behaviour: 1, Fault: 2, 100, 2 , CLASSIFIED ,
Time: 29787, Behaviour: 1, Fault: 5, 99.5001, 4 , CLASSIFIED ,
Time: 30388, Behaviour: 2, Fault: 3, 92.4986, 3 , CLASSIFIED ,
Time: 30990, Behaviour: 2, Fault: 2, 75.5412, 2 , CLASSIFIED ,
Time: 31592, Behaviour: 2, Fault: 2, 83.5424, 2 , CLASSIFIED ,
Time: 32942, Behaviour: 2, Fault: 6, 75.8355, 3 , CLASSIFIED ,
Time: 33718, Behaviour: 2, Fault: 1, n/a, 1 , DIAGNOSED ,Time Taken, 15, ELLIGIBLE
Time: 34333, Behaviour: 2, Fault: 3, 94.6062, 3 , CLASSIFIED ,
Time: 34969, Behaviour: 2, Fault: 1, n/a, 1 , DIAGNOSED ,Time Taken, 12, ELLIGIBLE
Total Faults, 46, Elligible Total, 42, DiagTot, 9, Elligible DiagTot, 5, FailTot, 0, MemoryTot, 37, %Memory,0.880952, %Failure,0
Time: 30200, Behaviour: 2, Fault: 1, n/a, 1 , DIAGNOSED ,Time Taken, 12, 
Time: 30989, Behaviour: 2, Fault: 6, n/a, 3 , DIAGNOSED ,Time Taken, 13, 
Time: 31665, Behaviour: 2, Fault: 1, 93.3858, 1 , CLASSIFIED ,
Time: 32344, Behaviour: 2, Fault: 4, n/a, 4 , DIAGNOSED ,Time Taken, 436, 
Time: 33380, Behaviour: 2, Fault: 2, n/a, 2 , DIAGNOSED ,Time Taken, 11, 
Time: 34213, Behaviour: 2, Fault: 6, n/a, 3 , DIAGNOSED ,Time Taken, 853, ELLIGIBLE
Total Faults, 6, Elligible Total, 2, DiagTot, 5, Elligible DiagTot, 1, FailTot, 0, MemoryTot, 1, %Memory,0.5, %Failure,0
Time: 2452, Behaviour: 2, Fault: 1, n/a, 1 , DIAGNOSED ,Time Taken, 12, 
Time: 3657, Behaviour: 2, Fault: 6, n/a, 3 , DIAGNOSED ,Time Taken, 13, 
Time: 4270, Behaviour: 2, Fault: 6, n/a, 3 , DIAGNOSED ,Time Taken, 14, ELLIGIBLE
Time: 5124, Behaviour: 1, Fault: 1, 99.5565, 1 , CLASSIFIED ,
Time: 5726, Behaviour: 1, Fault: 2, n/a, 2 , DIAGNOSED ,Time Taken, 12, 
Time: 6736, Behaviour: 1, Fault: 2, 97.8796, 2 , CLASSIFIED ,
Time: 7338, Behaviour: 1, Fault: 2, 98.9436, 2 , CLASSIFIED ,
Time: 8225, Behaviour: 1, Fault: 3, 68.4498, 3 , CLASSIFIED ,
Time: 9366, Behaviour: 1, Fault: 6, 99.1447, 3 , CLASSIFIED ,
Time: 11226, Behaviour: 1, Fault: 6, 98.9749, 3 , CLASSIFIED ,
Time: 12556, Behaviour: 1, Fault: 5, n/a, 5 , DIAGNOSED ,Time Taken, 165, 
Time: 13544, Behaviour: 1, Fault: 1, n/a, 1 , DIAGNOSED ,Time Taken, 252, ELLIGIBLE
Time: 14778, Behaviour: 1, Fault: 6, 100, 3 , CLASSIFIED ,
Time: 15380, Behaviour: 3, Fault: 3, 89.5596, 89.5596, 3 , CLASSIFIED ,
Time: 16981, Behaviour: 3, Fault: 6, n/a, 3 , DIAGNOSED ,Time Taken, 147, ELLIGIBLE
Time: 17730, Behaviour: 3, Fault: 4, n/a, 4 , DIAGNOSED ,Time Taken, 238, 
Time: 20481, Behaviour: 3, Fault: 1, 99.5565, 1 , CLASSIFIED ,
Time: 21084, Behaviour: 3, Fault: 2, 98.9285, 2 , CLASSIFIED ,
Time: 21687, Behaviour: 3, Fault: 2, 85.2512, 2 , CLASSIFIED ,
Time: 22289, Behaviour: 3, Fault: 3, 80.6948, 3 , CLASSIFIED ,
Time: 22891, Behaviour: 3, Fault: 2, 75.0067, 2 , CLASSIFIED ,
Time: 23611, Behaviour: 3, Fault: 4, n/a, 4 , DIAGNOSED ,Time Taken, 117, ELLIGIBLE
Time: 24328, Behaviour: 3, Fault: 2, 85.3895, 2 , CLASSIFIED ,
Time: 24930, Behaviour: 3, Fault: 3, 94.9891, 3 , CLASSIFIED ,
Time: 25629, Behaviour: 1, Fault: 4, 96.2151, 5 , CLASSIFIED ,
Time: 26977, Behaviour: 1, Fault: 6, 100, 100, 3 , CLASSIFIED ,
Time: 28014, Behaviour: 1, Fault: 1, 68.1612, 1 , CLASSIFIED ,
Time: 29767, Behaviour: 1, Fault: 3, 68.313, 68.313, 68.313, 3 , CLASSIFIED ,
Time: 34107, Behaviour: 2, Fault: 1, n/a, 1 , DIAGNOSED ,Time Taken, 12, ELLIGIBLE
Time: 35506, Behaviour: 3, Fault: 4, 90.2879, 4 , CLASSIFIED ,
Total Faults, 30, Elligible Total, 25, DiagTot, 10, Elligible DiagTot, 5, FailTot, 0, MemoryTot, 20, %Memory,0.8, %Failure,0
Time: 763, Behaviour: 2, Fault: 1, n/a, 1 , DIAGNOSED ,Time Taken, 12, 
Time: 1375, Behaviour: 2, Fault: 2, n/a, 2 , DIAGNOSED ,Time Taken, 11, 
Time: 1986, Behaviour: 2, Fault: 2, 82.3689, 2 , CLASSIFIED ,
Time: 2588, Behaviour: 2, Fault: 2, 87.8068, 2 , CLASSIFIED ,
Time: 3190, Behaviour: 2, Fault: 2, 87.013, 2 , CLASSIFIED ,
Time: 5069, Behaviour: 1, Fault: 1, 99.5565, 1 , CLASSIFIED ,
Time: 5671, Behaviour: 1, Fault: 3, n/a, 3 , DIAGNOSED ,Time Taken, 13, 
Time: 6931, Behaviour: 1, Fault: 1, n/a, 1 , DIAGNOSED ,Time Taken, 13, ELLIGIBLE
Time: 8167, Behaviour: 1, Fault: 1, 84.7427, 1 , CLASSIFIED ,
Time: 8769, Behaviour: 1, Fault: 2, 82.9345, 2 , CLASSIFIED ,
Time: 9371, Behaviour: 1, Fault: 2, 90.934, 2 , CLASSIFIED ,
Time: 9974, Behaviour: 1, Fault: 6, 100, 3 , CLASSIFIED ,
Time: 10577, Behaviour: 1, Fault: 6, 100, 100, 3 , CLASSIFIED ,
Time: 11232, Behaviour: 1, Fault: 5, n/a, 5 , DIAGNOSED ,Time Taken, 164, 
Time: 12170, Behaviour: 1, Fault: 4, 99.5001, 5 , CLASSIFIED ,
Time: 12771, Behaviour: 1, Fault: 2, 98.938, 2 , CLASSIFIED ,
Time: 13392, Behaviour: 1, Fault: 2, 98.3985, 98.3985, 2 , CLASSIFIED ,
Time: 14505, Behaviour: 1, Fault: 1, 97.6187, 1 , CLASSIFIED ,
Time: 15107, Behaviour: 3, Fault: 2, 98.9247, 2 , CLASSIFIED ,
Time: 15908, Behaviour: 3, Fault: 6, n/a, 3 , DIAGNOSED ,Time Taken, 13, ELLIGIBLE
Time: 17504, Behaviour: 3, Fault: 6, n/a, 3 , DIAGNOSED ,Time Taken, 13, ELLIGIBLE
Time: 18117, Behaviour: 3, Fault: 3, 99.486, 99.486, 99.486, 3 , CLASSIFIED ,
Time: 18720, Behaviour: 3, Fault: 2, 99.4681, 2 , CLASSIFIED ,
Time: 19378, Behaviour: 3, Fault: 4, n/a, 4 , DIAGNOSED ,Time Taken, 116, ELLIGIBLE
Time: 20128, Behaviour: 3, Fault: 3, 100, 100, 100, 3 , CLASSIFIED ,
Time: 20734, Behaviour: 3, Fault: 2, 99.4633, 2 , CLASSIFIED ,
Time: 21336, Behaviour: 3, Fault: 3, 86.8344, 3 , CLASSIFIED ,
Time: 24206, Behaviour: 3, Fault: 6, n/a, 3 , DIAGNOSED ,Time Taken, 180, ELLIGIBLE
Time: 25001, Behaviour: 1, Fault: 4, 98.1347, 4 , CLASSIFIED ,
Time: 25604, Behaviour: 1, Fault: 5, 99.6667, 5 , CLASSIFIED ,
Time: 26340, Behaviour: 1, Fault: 6, n/a, 3 , DIAGNOSED ,Time Taken, 299, ELLIGIBLE
Time: 27448, Behaviour: 1, Fault: 6, 100, 3 , CLASSIFIED ,
Time: 28250, Behaviour: 1, Fault: 3, 96.9388, 3 , CLASSIFIED ,
Time: 28853, Behaviour: 1, Fault: 3, 96.1567, 96.1567, 3 , CLASSIFIED ,
Time: 29714, Behaviour: 1, Fault: 4, 99.6667, 5 , CLASSIFIED ,
Time: 30392, Behaviour: 2, Fault: 6, 95.1565, 3 , CLASSIFIED ,
Time: 30994, Behaviour: 2, Fault: 3, 100, 100, 3 , CLASSIFIED ,
Time: 31596, Behaviour: 2, Fault: 2, 74.6582, 2 , CLASSIFIED ,
Time: 33099, Behaviour: 2, Fault: 4, 92.5714, 4 , CLASSIFIED ,
Total Faults, 39, Elligible Total, 35, DiagTot, 10, Elligible DiagTot, 6, FailTot, 0, MemoryTot, 29, %Memory,0.828571, %Failure,0
Time: 674, Behaviour: 2, Fault: 1, n/a, 1 , DIAGNOSED ,Time Taken, 13, 
Time: 1287, Behaviour: 2, Fault: 1, n/a, 1 , DIAGNOSED ,Time Taken, 12, ELLIGIBLE
Time: 1901, Behaviour: 2, Fault: 4, n/a, 4 , DIAGNOSED ,Time Taken, 259, 
Time: 2760, Behaviour: 2, Fault: 6, n/a, 3 , DIAGNOSED ,Time Taken, 14, 
Time: 3374, Behaviour: 2, Fault: 2, n/a, 2 , DIAGNOSED ,Time Taken, 11, 
Time: 3985, Behaviour: 2, Fault: 3, n/a, 3 , DIAGNOSED ,Time Taken, 14, 
Time: 4599, Behaviour: 2, Fault: 3, 94.0697, 3 , CLASSIFIED ,
Time: 5710, Behaviour: 1, Fault: 6, 99.486, 3 , CLASSIFIED ,
Time: 7487, Behaviour: 1, Fault: 1, n/a, 1 , DIAGNOSED ,Time Taken, 13, ELLIGIBLE
Time: 8100, Behaviour: 1, Fault: 2, 91.2809, 2 , CLASSIFIED ,
Time: 8702, Behaviour: 1, Fault: 6, 100, 3 , CLASSIFIED ,
Time: 9304, Behaviour: 1, Fault: 3, 100, 100, 3 , CLASSIFIED ,
Time: 10251, Behaviour: 1, Fault: 1, 70.7107, 1 , CLASSIFIED ,
Time: 11033, Behaviour: 1, Fault: 5, n/a, 5 , DIAGNOSED ,Time Taken, 165, 
Time: 11798, Behaviour: 1, Fault: 3, 100, 100, 100, 3 , CLASSIFIED ,
Time: 12400, Behaviour: 1, Fault: 2, 79.8341, 2 , CLASSIFIED ,
Time: 13415, Behaviour: 1, Fault: 1, 84.5154, 1 , CLASSIFIED ,
Time: 14032, Behaviour: 1, Fault: 4, 99.3339, 5 , CLASSIFIED ,
Time: 14747, Behaviour: 1, Fault: 5, 98.0022, 5 , CLASSIFIED ,
Time: 15348, Behaviour: 3, Fault: 2, 94.018, 2 , CLASSIFIED ,
Time: 17002, Behaviour: 3, Fault: 6, 92.1407, 3 , CLASSIFIED ,
Time: 17635, Behaviour: 3, Fault: 1, n/a, 1 , DIAGNOSED ,Time Taken, 20, ELLIGIBLE
Time: 18255, Behaviour: 3, Fault: 3, 100, 3 , CLASSIFIED ,
Time: 18857, Behaviour: 3, Fault: 6, 100, 100, 3 , CLASSIFIED ,
Time: 21605, Behaviour: 3, Fault: 6, 84.2337, 84.2337, 3 , CLASSIFIED ,
Time: 22544, Behaviour: 3, Fault: 6, 87.9388, 3 , CLASSIFIED ,
Time: 23752, Behaviour: 3, Fault: 1, n/a, 1 , DIAGNOSED ,Time Taken, 12, ELLIGIBLE
Time: 24364, Behaviour: 3, Fault: 2, 83.6601, 2 , CLASSIFIED ,
Time: 24966, Behaviour: 3, Fault: 3, 94.2284, 94.2284, 3 , CLASSIFIED ,
Time: 25998, Behaviour: 1, Fault: 1, 71.7516, 1 , CLASSIFIED ,
Time: 26602, Behaviour: 1, Fault: 4, 99.6667, 5 , CLASSIFIED ,
Time: 27237, Behaviour: 1, Fault: 3, 98.4728, 3 , CLASSIFIED ,
Time: 28054, Behaviour: 1, Fault: 5, 95.0531, 95.0531, 5 , CLASSIFIED ,
Time: 28759, Behaviour: 1, Fault: 5, 97.3529, 97.3529, 5 , CLASSIFIED ,
Time: 29360, Behaviour: 1, Fault: 2, 99.4681, 2 , CLASSIFIED ,
Time: 29962, Behaviour: 1, Fault: 2, 100, 2 , CLASSIFIED ,
Time: 30566, Behaviour: 2, Fault: 4, n/a, 4 , DIAGNOSED ,Time Taken, 221, ELLIGIBLE
Time: 31611, Behaviour: 2, Fault: 4, 92.9168, 4 , CLASSIFIED ,
Time: 32215, Behaviour: 2, Fault: 4, 84.8933, 4 , CLASSIFIED ,
Time: 32956, Behaviour: 2, Fault: 1, 95.1144, 1 , CLASSIFIED ,
Time: 33560, Behaviour: 2, Fault: 4, 87.1511, 4 , CLASSIFIED ,
Time: 34166, Behaviour: 2, Fault: 2, 97.9093, 2 , CLASSIFIED ,
Time: 34875, Behaviour: 2, Fault: 4, 93.9548, 4 , CLASSIFIED ,
Time: 35478, Behaviour: 3, Fault: 4, 96.1006, 4 , CLASSIFIED ,
Total Faults, 44, Elligible Total, 38, DiagTot, 11, Elligible DiagTot, 5, FailTot, 0, MemoryTot, 33, %Memory,0.868421, %Failure,0
Time: 737, Behaviour: 2, Fault: 1, n/a, 1 , DIAGNOSED ,Time Taken, 12, 
Time: 1349, Behaviour: 2, Fault: 3, n/a, 3 , DIAGNOSED ,Time Taken, 13, 
Time: 1962, Behaviour: 2, Fault: 2, n/a, 2 , DIAGNOSED ,Time Taken, 12, 
Time: 2574, Behaviour: 2, Fault: 6, 98.1414, 3 , CLASSIFIED ,
Time: 3183, Behaviour: 2, Fault: 4, n/a, 4 , DIAGNOSED ,Time Taken, 116, 
Time: 3899, Behaviour: 2, Fault: 2, 73.4851, 2 , CLASSIFIED ,
Time: 4592, Behaviour: 2, Fault: 6, 79.6814, 3 , CLASSIFIED ,
Time: 5418, Behaviour: 1, Fault: 1, n/a, 1 , DIAGNOSED ,Time Taken, 12, ELLIGIBLE
Time: 6061, Behaviour: 1, Fault: 5, n/a, 5 , DIAGNOSED ,Time Taken, 165, 
Time: 6852, Behaviour: 1, Fault: 1, 99.7783, 1 , CLASSIFIED ,
Time: 7469, Behaviour: 1, Fault: 6, 98.9749, 3 , CLASSIFIED ,
Time: 8541, Behaviour: 1, Fault: 1, n/a, 1 , DIAGNOSED ,Time Taken, 13, ELLIGIBLE
Time: 10174, Behaviour: 1, Fault: 6, 90.8, 3 , CLASSIFIED ,
Time: 10776, Behaviour: 1, Fault: 3, 87.6869, 3 , CLASSIFIED ,
Time: 11458, Behaviour: 1, Fault: 2, 79.4328, 2 , CLASSIFIED ,
Time: 12509, Behaviour: 1, Fault: 3, 83.666, 3 , CLASSIFIED ,
Time: 13111, Behaviour: 1, Fault: 3, 98.9772, 3 , CLASSIFIED ,
Time: 13767, Behaviour: 1, Fault: 1, n/a, 1 , DIAGNOSED ,Time Taken, 12, ELLIGIBLE
Time: 14379, Behaviour: 1, Fault: 3, 94.452, 3 , CLASSIFIED ,
Time: 18556, Behaviour: 3, Fault: 5, 67.4669, 5 , CLASSIFIED ,
Time: 19157, Behaviour: 3, Fault: 2, 98.9285, 2 , CLASSIFIED ,
Time: 19759, Behaviour: 3, Fault: 2, 85.4485, 2 , CLASSIFIED ,
Time: 23210, Behaviour: 3, Fault: 6, 89.0434, 3 , CLASSIFIED ,
Time: 23856, Behaviour: 3, Fault: 1, n/a, 1 , DIAGNOSED ,Time Taken, 12, ELLIGIBLE
Time: 24468, Behaviour: 3, Fault: 2, 87.0685, 2 , CLASSIFIED ,
Time: 25070, Behaviour: 1, Fault: 3, 97.6469, 3 , CLASSIFIED ,
Time: 25676, Behaviour: 1, Fault: 4, n/a, 4 , DIAGNOSED ,Time Taken, 116, ELLIGIBLE
Time: 27127, Behaviour: 1, Fault: 3, 81.6497, 3 , CLASSIFIED ,
Time: 28419, Behaviour: 1, Fault: 6, n/a, 3 , DIAGNOSED ,Time Taken, 24, ELLIGIBLE
Time: 29043, Behaviour: 1, Fault: 3, 98.2988, 3 , CLASSIFIED ,
Time: 29817, Behaviour: 1, Fault: 4, 89.8647, 4 , CLASSIFIED ,
Time: 30424, Behaviour: 2, Fault: 2, 91.7777, 2 , CLASSIFIED ,
Time: 31128, Behaviour: 2, Fault: 6, 79.6165, 3 , CLASSIFIED ,
Time: 32022, Behaviour: 2, Fault: 6, 75.3255, 3 , CLASSIFIED ,
Time: 32647, Behaviour: 2, Fault: 4, 66.55, 5 , CLASSIFIED ,
Time: 33249, Behaviour: 2, Fault: 3, 87.0179, 3 , CLASSIFIED ,
Time: 33861, Behaviour: 2, Fault: 3, 89.4066, 3 , CLASSIFIED ,
Time: 34463, Behaviour: 2, Fault: 3, 92.6797, 3 , CLASSIFIED ,
Time: 35065, Behaviour: 3, Fault: 3, 92.8326, 3 , CLASSIFIED ,
Time: 35667, Behaviour: 3, Fault: 1, n/a, 1 , DIAGNOSED ,Time Taken, 23, ELLIGIBLE
Total Faults, 40, Elligible Total, 35, DiagTot, 12, Elligible DiagTot, 7, FailTot, 0, MemoryTot, 28, %Memory,0.8, %Failure,0
Time: 711, Behaviour: 2, Fault: 1, n/a, 1 , DIAGNOSED ,Time Taken, 13, 
Time: 1326, Behaviour: 2, Fault: 4, n/a, 4 , DIAGNOSED ,Time Taken, 293, 
Time: 2219, Behaviour: 2, Fault: 3, n/a, 3 , DIAGNOSED ,Time Taken, 13, 
Time: 5734, Behaviour: 1, Fault: 1, n/a, 1 , DIAGNOSED ,Time Taken, 12, ELLIGIBLE
Time: 6348, Behaviour: 1, Fault: 5, n/a, 5 , DIAGNOSED ,Time Taken, 166, 
Time: 7114, Behaviour: 1, Fault: 2, n/a, 2 , DIAGNOSED ,Time Taken, 12, 
Time: 7726, Behaviour: 1, Fault: 2, 100, 2 , CLASSIFIED ,
Time: 8328, Behaviour: 1, Fault: 2, 91.2901, 91.2901, 2 , CLASSIFIED ,
Time: 8941, Behaviour: 1, Fault: 5, 99.6672, 5 , CLASSIFIED ,
Time: 9542, Behaviour: 1, Fault: 1, n/a, 1 , DIAGNOSED ,Time Taken, 12, ELLIGIBLE
Time: 10313, Behaviour: 1, Fault: 4, 100, 5 , CLASSIFIED ,
Time: 11058, Behaviour: 1, Fault: 5, 97.8499, 5 , CLASSIFIED ,
Time: 12238, Behaviour: 1, Fault: 1, n/a, 1 , DIAGNOSED ,Time Taken, 13, ELLIGIBLE
Time: 12893, Behaviour: 1, Fault: 5, 98.8368, 98.8368, 5 , CLASSIFIED ,
Time: 13494, Behaviour: 1, Fault: 2, 100, 100, 2 , CLASSIFIED ,
Time: 16145, Behaviour: 3, Fault: 6, 88.054, 3 , CLASSIFIED ,
Time: 16747, Behaviour: 3, Fault: 2, 98.9285, 98.9285, 98.9285, 2 , CLASSIFIED ,
Time: 17695, Behaviour: 3, Fault: 1, 99.5565, 1 , CLASSIFIED ,
Time: 18297, Behaviour: 3, Fault: 3, 93.6285, 3 , CLASSIFIED ,
Time: 18984, Behaviour: 3, Fault: 4, 99.8128, 4 , CLASSIFIED ,
Time: 19691, Behaviour: 3, Fault: 6, n/a, 3 , DIAGNOSED ,Time Taken, 13, ELLIGIBLE
Time: 25259, Behaviour: 1, Fault: 1, n/a, 1 , DIAGNOSED ,Time Taken, 12, ELLIGIBLE
Time: 26110, Behaviour: 1, Fault: 1, 77.7435, 1 , CLASSIFIED ,
Time: 26737, Behaviour: 1, Fault: 4, 100, 5 , CLASSIFIED ,
Time: 27338, Behaviour: 1, Fault: 2, 72.3181, 72.3181, 2 , CLASSIFIED ,
Time: 27942, Behaviour: 1, Fault: 2, 100, 2 , CLASSIFIED ,
Time: 29215, Behaviour: 1, Fault: 6, n/a, 3 , DIAGNOSED ,Time Taken, 102, ELLIGIBLE
Time: 29964, Behaviour: 1, Fault: 2, 98.9247, 98.9247, 98.9247, 2 , CLASSIFIED ,
Time: 30998, Behaviour: 2, Fault: 6, 75.0107, 3 , CLASSIFIED ,
Time: 31600, Behaviour: 2, Fault: 3, 85.8729, 3 , CLASSIFIED ,
Time: 32367, Behaviour: 2, Fault: 4, 100, 4 , CLASSIFIED ,
Total Faults, 31, Elligible Total, 26, DiagTot, 11, Elligible DiagTot, 6, FailTot, 0, MemoryTot, 20, %Memory,0.769231, %Failure,0
