Time: 1098, Behaviour: 2, Fault: 1, n/a, 1 , DIAGNOSED ,Time Taken, 49, 
Time: 2533, Behaviour: 2, Fault: 1, 96.1101, 1 , CLASSIFIED ,
Time: 3575, Behaviour: 2, Fault: 4, n/a, 4 , DIAGNOSED ,Time Taken, 260, 
Time: 4435, Behaviour: 2, Fault: 2, n/a, 2 , DIAGNOSED ,Time Taken, 43, 
Time: 5078, Behaviour: 1, Fault: 2, 92.8917, 2 , CLASSIFIED ,
Time: 5684, Behaviour: 1, Fault: 4, n/a, 4 , DIAGNOSED ,Time Taken, 116, ELLIGIBLE
Time: 6462, Behaviour: 1, Fault: 1, n/a, 1 , DIAGNOSED ,Time Taken, 12, ELLIGIBLE
Time: 7074, Behaviour: 1, Fault: 3, n/a, 3 , DIAGNOSED ,Time Taken, 13, 
Time: 8312, Behaviour: 1, Fault: 1, n/a, 1 , DIAGNOSED ,Time Taken, 35, ELLIGIBLE
Time: 9522, Behaviour: 1, Fault: 6, 86.9226, 3 , CLASSIFIED ,
Time: 10124, Behaviour: 1, Fault: 2, 74.4958, 2 , CLASSIFIED ,
Time: 10726, Behaviour: 1, Fault: 3, 99.6579, 3 , CLASSIFIED ,
Time: 11328, Behaviour: 1, Fault: 6, 100, 3 , CLASSIFIED ,
Time: 12085, Behaviour: 1, Fault: 4, 100, 4 , CLASSIFIED ,
Time: 12844, Behaviour: 1, Fault: 6, 67.1514, 67.1514, 3 , CLASSIFIED ,
Time: 13487, Behaviour: 1, Fault: 6, 100, 100, 3 , CLASSIFIED ,
Time: 14516, Behaviour: 1, Fault: 6, 97.2959, 97.2959, 97.2959, 3 , CLASSIFIED ,
Time: 15212, Behaviour: 3, Fault: 4, 86.7766, 4 , CLASSIFIED ,
Time: 21437, Behaviour: 3, Fault: 1, 97.8172, 1 , CLASSIFIED ,
Time: 26105, Behaviour: 1, Fault: 1, 71.5077, 1 , CLASSIFIED ,
Time: 26976, Behaviour: 1, Fault: 5, 99.8335, 99.8335, 4 , CLASSIFIED ,
Time: 27579, Behaviour: 1, Fault: 4, 99.6667, 99.6667, 4 , CLASSIFIED ,
Time: 28287, Behaviour: 1, Fault: 1, 78.0346, 1 , CLASSIFIED ,
Time: 29542, Behaviour: 1, Fault: 6, 78.8502, 3 , CLASSIFIED ,
Total Faults, 24, Elligible Total, 20, DiagTot, 7, Elligible DiagTot, 3, FailTot, 0, MemoryTot, 17, %Memory,0.85, %Failure,0
Time: 6547, Behaviour: 1, Fault: 1, n/a, 1 , DIAGNOSED ,Time Taken, 12, 
Time: 7161, Behaviour: 1, Fault: 5, n/a, 5 , DIAGNOSED ,Time Taken, 164, 
Time: 8050, Behaviour: 1, Fault: 1, n/a, 1 , DIAGNOSED ,Time Taken, 12, ELLIGIBLE
Time: 8900, Behaviour: 1, Fault: 4, 99.3339, 5 , CLASSIFIED ,
Time: 9503, Behaviour: 1, Fault: 5, 99.8335, 5 , CLASSIFIED ,
Time: 10889, Behaviour: 1, Fault: 6, n/a, 3 , DIAGNOSED ,Time Taken, 558, 
Time: 12047, Behaviour: 1, Fault: 6, n/a, 3 , DIAGNOSED ,Time Taken, 83, ELLIGIBLE
Time: 12732, Behaviour: 1, Fault: 4, 74.3335, 5 , CLASSIFIED ,
Time: 13403, Behaviour: 1, Fault: 4, 99.1668, 5 , CLASSIFIED ,
Time: 14005, Behaviour: 1, Fault: 3, 100, 3 , CLASSIFIED ,
Time: 14607, Behaviour: 1, Fault: 6, 79.8404, 79.8404, 3 , CLASSIFIED ,
Time: 15262, Behaviour: 3, Fault: 6, 94.6841, 94.6841, 3 , CLASSIFIED ,
Time: 15865, Behaviour: 3, Fault: 3, 97.4715, 97.4715, 3 , CLASSIFIED ,
Time: 17248, Behaviour: 3, Fault: 6, n/a, 3 , DIAGNOSED ,Time Taken, 149, ELLIGIBLE
Time: 18037, Behaviour: 3, Fault: 4, n/a, 4 , DIAGNOSED ,Time Taken, 116, ELLIGIBLE
Time: 19077, Behaviour: 3, Fault: 6, n/a, 3 , DIAGNOSED ,Time Taken, 13, ELLIGIBLE
Time: 19692, Behaviour: 3, Fault: 4, 78.4269, 4 , CLASSIFIED ,
Time: 20293, Behaviour: 3, Fault: 3, 92.8367, 3 , CLASSIFIED ,
Time: 21554, Behaviour: 3, Fault: 6, 72.4581, 3 , CLASSIFIED ,
Time: 22156, Behaviour: 3, Fault: 3, 100, 100, 3 , CLASSIFIED ,
Time: 22758, Behaviour: 3, Fault: 3, 72.756, 3 , CLASSIFIED ,
Time: 23360, Behaviour: 3, Fault: 3, 81.8629, 81.8629, 81.8629, 3 , CLASSIFIED ,
Time: 23978, Behaviour: 3, Fault: 1, n/a, 1 , DIAGNOSED ,Time Taken, 12, ELLIGIBLE
Time: 24590, Behaviour: 3, Fault: 3, 89.6169, 3 , CLASSIFIED ,
Time: 25571, Behaviour: 1, Fault: 5, 99.1668, 5 , CLASSIFIED ,
Time: 27057, Behaviour: 1, Fault: 1, n/a, 1 , DIAGNOSED ,Time Taken, 13, ELLIGIBLE
Time: 27764, Behaviour: 1, Fault: 1, 71.4286, 71.4286, FAILURE 3, n/a, 1 , DIAGNOSED ,Time Taken, 12, ELLIGIBLE
Time: 28376, Behaviour: 1, Fault: 3, 92.1702, 92.1702, 3 , CLASSIFIED ,
Time: 28978, Behaviour: 1, Fault: 2, n/a, 2 , DIAGNOSED ,Time Taken, 11, 
Time: 29589, Behaviour: 1, Fault: 3, 97.13, 3 , CLASSIFIED ,
Time: 30247, Behaviour: 2, Fault: 4, 95.7582, 4 , CLASSIFIED ,
Time: 30961, Behaviour: 2, Fault: 4, 90.0832, 4 , CLASSIFIED ,
Time: 31686, Behaviour: 2, Fault: 6, 96.9645, 3 , CLASSIFIED ,
Time: 33685, Behaviour: 2, Fault: 6, 88.6301, 3 , CLASSIFIED ,
Time: 34288, Behaviour: 2, Fault: 1, n/a, 1 , DIAGNOSED ,Time Taken, 12, ELLIGIBLE
Total Faults, 35, Elligible Total, 31, DiagTot, 12, Elligible DiagTot, 8, FailTot, 1, MemoryTot, 22, %Memory,0.709677, %Failure,0.0434783
Time: 940, Behaviour: 2, Fault: 1, n/a, 1 , DIAGNOSED ,Time Taken, 20, 
Time: 1560, Behaviour: 2, Fault: 2, n/a, 2 , DIAGNOSED ,Time Taken, 11, 
Time: 2171, Behaviour: 2, Fault: 3, n/a, 3 , DIAGNOSED ,Time Taken, 13, 
Time: 3472, Behaviour: 2, Fault: 1, 99.7783, 1 , CLASSIFIED ,
Time: 4074, Behaviour: 2, Fault: 3, 81.4514, 3 , CLASSIFIED ,
Time: 4676, Behaviour: 2, Fault: 2, 83.4666, 2 , CLASSIFIED ,
Time: 5283, Behaviour: 1, Fault: 2, 84.7528, 2 , CLASSIFIED ,
Time: 5916, Behaviour: 1, Fault: 3, 84.1774, 3 , CLASSIFIED ,
Time: 7149, Behaviour: 1, Fault: 3, 70.5881, 3 , CLASSIFIED ,
Time: 7829, Behaviour: 1, Fault: 2, 82.9646, 2 , CLASSIFIED ,
Time: 8479, Behaviour: 1, Fault: 3, 100, 3 , CLASSIFIED ,
Time: 9081, Behaviour: 1, Fault: 3, 94.8641, 94.8641, 3 , CLASSIFIED ,
Time: 9889, Behaviour: 1, Fault: 6, 87.2184, 87.2184, 3 , CLASSIFIED ,
Time: 10915, Behaviour: 1, Fault: 6, 97.6375, 97.6375, 3 , CLASSIFIED ,
Time: 11518, Behaviour: 1, Fault: 6, 100, 100, 3 , CLASSIFIED ,
Time: 12646, Behaviour: 1, Fault: 1, n/a, 1 , DIAGNOSED ,Time Taken, 12, ELLIGIBLE
Time: 13258, Behaviour: 1, Fault: 3, 100, 100, 100, 3 , CLASSIFIED ,
Time: 13860, Behaviour: 1, Fault: 2, 86.8767, 2 , CLASSIFIED ,
Time: 14536, Behaviour: 1, Fault: 4, n/a, 4 , DIAGNOSED ,Time Taken, 116, 
Time: 15252, Behaviour: 3, Fault: 2, 88.9478, 2 , CLASSIFIED ,
Time: 15855, Behaviour: 3, Fault: 6, 99.4875, 99.4875, 99.4875, 99.4875, 3 , CLASSIFIED ,
Time: 16458, Behaviour: 3, Fault: 3, 94.1713, 3 , CLASSIFIED ,
Time: 17063, Behaviour: 3, Fault: 1, 71.3506, 1 , CLASSIFIED ,
Time: 18236, Behaviour: 3, Fault: 6, 66.4613, 3 , CLASSIFIED ,
Time: 18872, Behaviour: 3, Fault: 4, n/a, 4 , DIAGNOSED ,Time Taken, 117, ELLIGIBLE
Time: 19589, Behaviour: 3, Fault: 2, 78.9873, 2 , CLASSIFIED ,
Time: 20192, Behaviour: 3, Fault: 2, 87.6456, 2 , CLASSIFIED ,
Time: 21472, Behaviour: 3, Fault: 6, n/a, 3 , DIAGNOSED ,Time Taken, 13, ELLIGIBLE
Time: 22085, Behaviour: 3, Fault: 2, 87.8211, 2 , CLASSIFIED ,
Time: 24875, Behaviour: 3, Fault: 6, 97.13, 97.13, 3 , CLASSIFIED ,
Time: 25479, Behaviour: 1, Fault: 5, 98.8401, 4 , CLASSIFIED ,
Time: 26103, Behaviour: 1, Fault: 1, n/a, 1 , DIAGNOSED ,Time Taken, 12, ELLIGIBLE
Time: 26987, Behaviour: 1, Fault: 5, 98.6688, 4 , CLASSIFIED ,
Time: 27590, Behaviour: 1, Fault: 4, 99.8335, 4 , CLASSIFIED ,
Time: 28443, Behaviour: 1, Fault: 1, n/a, 1 , DIAGNOSED ,Time Taken, 13, ELLIGIBLE
Time: 29585, Behaviour: 1, Fault: 1, 84.5154, 1 , CLASSIFIED ,
Time: 32158, Behaviour: 2, Fault: 6, 82.0552, 3 , CLASSIFIED ,
Time: 32760, Behaviour: 2, Fault: 2, 91.237, 2 , CLASSIFIED ,
Time: 33384, Behaviour: 2, Fault: 4, 70.7107, 4 , CLASSIFIED ,
Time: 34004, Behaviour: 2, Fault: 3, 87.6284, 3 , CLASSIFIED ,
Time: 34606, Behaviour: 2, Fault: 3, 70.3018, 3 , CLASSIFIED ,
Time: 35351, Behaviour: 3, Fault: 6, 97.6189, 3 , CLASSIFIED ,
Total Faults, 42, Elligible Total, 38, DiagTot, 9, Elligible DiagTot, 5, FailTot, 0, MemoryTot, 33, %Memory,0.868421, %Failure,0
Time: 828, Behaviour: 2, Fault: 1, n/a, 1 , DIAGNOSED ,Time Taken, 12, 
Time: 1651, Behaviour: 2, Fault: 6, n/a, 6 , DIAGNOSED ,Time Taken, 441, 
Time: 2967, Behaviour: 2, Fault: 6, n/a, 3 , DIAGNOSED ,Time Taken, 613, ELLIGIBLE
Time: 4180, Behaviour: 2, Fault: 2, n/a, 2 , DIAGNOSED ,Time Taken, 12, 
Time: 5036, Behaviour: 1, Fault: 4, n/a, 4 , DIAGNOSED ,Time Taken, 116, 
Time: 6165, Behaviour: 1, Fault: 1, n/a, 1 , DIAGNOSED ,Time Taken, 12, ELLIGIBLE
Time: 6777, Behaviour: 1, Fault: 3, n/a, 3 , DIAGNOSED ,Time Taken, 13, 
Time: 7968, Behaviour: 1, Fault: 5, n/a, 5 , DIAGNOSED ,Time Taken, 165, 
Time: 8733, Behaviour: 1, Fault: 3, 78.5896, 3 , CLASSIFIED ,
Time: 9439, Behaviour: 1, Fault: 3, 100, 3 , CLASSIFIED ,
Time: 10085, Behaviour: 1, Fault: 2, n/a, 2 , DIAGNOSED ,Time Taken, 11, ELLIGIBLE
Time: 10841, Behaviour: 1, Fault: 5, 99.6672, 5 , CLASSIFIED ,
Time: 11442, Behaviour: 1, Fault: 6, 99.8288, 99.8288, 3 , CLASSIFIED ,
Time: 12044, Behaviour: 1, Fault: 2, 98.9247, 2 , CLASSIFIED ,
Time: 12958, Behaviour: 1, Fault: 6, n/a, 3 , DIAGNOSED ,Time Taken, 13, ELLIGIBLE
Time: 13923, Behaviour: 1, Fault: 6, 98.9784, 98.9784, 3 , CLASSIFIED ,
Time: 14527, Behaviour: 1, Fault: 4, 100, 5 , CLASSIFIED ,
Time: 15128, Behaviour: 3, Fault: 3, 96.9369, 96.9369, 3 , CLASSIFIED ,
Time: 15731, Behaviour: 3, Fault: 3, 98.4681, 3 , CLASSIFIED ,
Time: 16333, Behaviour: 3, Fault: 3, 82.2778, 3 , CLASSIFIED ,
Time: 16975, Behaviour: 3, Fault: 4, n/a, 4 , DIAGNOSED ,Time Taken, 521, ELLIGIBLE
Time: 18096, Behaviour: 3, Fault: 2, 83.7503, 2 , CLASSIFIED ,
Time: 19280, Behaviour: 3, Fault: 6, 94.6841, 94.6841, 3 , CLASSIFIED ,
Time: 19882, Behaviour: 3, Fault: 3, 85.0971, 3 , CLASSIFIED ,
Time: 20486, Behaviour: 3, Fault: 4, 83.0745, 4 , CLASSIFIED ,
Time: 21087, Behaviour: 3, Fault: 3, 78.4862, 3 , CLASSIFIED ,
Time: 21689, Behaviour: 3, Fault: 2, 87.7623, 2 , CLASSIFIED ,
Time: 22677, Behaviour: 3, Fault: 1, n/a, 1 , DIAGNOSED ,Time Taken, 12, ELLIGIBLE
Time: 23291, Behaviour: 3, Fault: 4, 91.5182, 4 , CLASSIFIED ,
Time: 23892, Behaviour: 3, Fault: 3, 93.5142, 3 , CLASSIFIED ,
Time: 24494, Behaviour: 3, Fault: 6, 99.3147, 3 , CLASSIFIED ,
Time: 25096, Behaviour: 1, Fault: 1, n/a, 1 , DIAGNOSED ,Time Taken, 12, ELLIGIBLE
Time: 25708, Behaviour: 1, Fault: 3, 94.4044, 3 , CLASSIFIED ,
Time: 26389, Behaviour: 1, Fault: 6, 99.486, 3 , CLASSIFIED ,
Time: 26991, Behaviour: 1, Fault: 3, 91.9006, 3 , CLASSIFIED ,
Time: 28319, Behaviour: 1, Fault: 1, n/a, 1 , DIAGNOSED ,Time Taken, 17, ELLIGIBLE
Time: 29425, Behaviour: 1, Fault: 1, 93.2287, 1 , CLASSIFIED ,
Time: 30097, Behaviour: 2, Fault: 4, 92.2145, 4 , CLASSIFIED ,
Time: 30729, Behaviour: 2, Fault: 6, n/a, 3 , DIAGNOSED ,Time Taken, 91, ELLIGIBLE
Time: 32344, Behaviour: 2, Fault: 6, 84.3451, 3 , CLASSIFIED ,
Time: 33689, Behaviour: 2, Fault: 4, 81.0277, 4 , CLASSIFIED ,
Time: 35564, Behaviour: 3, Fault: 1, 99.5565, 1 , CLASSIFIED ,
Total Faults, 42, Elligible Total, 36, DiagTot, 15, Elligible DiagTot, 9, FailTot, 0, MemoryTot, 27, %Memory,0.75, %Failure,0
Time: 693, Behaviour: 2, Fault: 1, n/a, 1 , DIAGNOSED ,Time Taken, 13, 
Time: 1306, Behaviour: 2, Fault: 2, n/a, 2 , DIAGNOSED ,Time Taken, 11, 
Time: 1933, Behaviour: 2, Fault: 6, n/a, 3 , DIAGNOSED ,Time Taken, 14, 
Time: 2547, Behaviour: 2, Fault: 2, 67.351, 2 , CLASSIFIED ,
Time: 3283, Behaviour: 2, Fault: 4, n/a, 4 , DIAGNOSED ,Time Taken, 171, 
Time: 4778, Behaviour: 2, Fault: 6, 78.6149, 3 , CLASSIFIED ,
Time: 5614, Behaviour: 1, Fault: 2, 98.9247, 2 , CLASSIFIED ,
Time: 6216, Behaviour: 1, Fault: 3, n/a, 3 , DIAGNOSED ,Time Taken, 13, 
Time: 7702, Behaviour: 1, Fault: 5, n/a, 5 , DIAGNOSED ,Time Taken, 322, 
Time: 17613, Behaviour: 3, Fault: 1, n/a, 1 , DIAGNOSED ,Time Taken, 20, ELLIGIBLE
Time: 18233, Behaviour: 3, Fault: 3, 81.8156, 3 , CLASSIFIED ,
Time: 18905, Behaviour: 3, Fault: 1, 82.599, 1 , CLASSIFIED ,
Time: 19507, Behaviour: 3, Fault: 3, 85.1692, 3 , CLASSIFIED ,
Time: 20122, Behaviour: 3, Fault: 1, n/a, 1 , DIAGNOSED ,Time Taken, 12, ELLIGIBLE
Time: 20734, Behaviour: 3, Fault: 2, 91.7329, 2 , CLASSIFIED ,
Time: 21336, Behaviour: 3, Fault: 3, 93.7271, 3 , CLASSIFIED ,
Time: 22057, Behaviour: 3, Fault: 6, 87.8537, 3 , CLASSIFIED ,
Time: 22659, Behaviour: 3, Fault: 2, 97.0743, 2 , CLASSIFIED ,
Time: 25001, Behaviour: 1, Fault: 1, n/a, 1 , DIAGNOSED ,Time Taken, 12, ELLIGIBLE
Time: 25613, Behaviour: 1, Fault: 2, 98.9436, 2 , CLASSIFIED ,
Time: 26218, Behaviour: 1, Fault: 4, 99.8335, 5 , CLASSIFIED ,
Time: 27048, Behaviour: 1, Fault: 6, 94.6841, 3 , CLASSIFIED ,
Time: 27652, Behaviour: 1, Fault: 5, 99.5012, 5 , CLASSIFIED ,
Time: 28255, Behaviour: 1, Fault: 4, 99.8335, 5 , CLASSIFIED ,
Time: 29227, Behaviour: 1, Fault: 2, 100, 2 , CLASSIFIED ,
Time: 30775, Behaviour: 2, Fault: 4, n/a, 4 , DIAGNOSED ,Time Taken, 195, ELLIGIBLE
Total Faults, 26, Elligible Total, 20, DiagTot, 10, Elligible DiagTot, 4, FailTot, 0, MemoryTot, 16, %Memory,0.8, %Failure,0
Time: 1457, Behaviour: 2, Fault: 1, n/a, 1 , DIAGNOSED ,Time Taken, 12, 
Time: 14384, Behaviour: 1, Fault: 1, n/a, 1 , DIAGNOSED ,Time Taken, 12, ELLIGIBLE
Time: 15165, Behaviour: 3, Fault: 1, n/a, 1 , DIAGNOSED ,Time Taken, 13, ELLIGIBLE
Time: 15778, Behaviour: 3, Fault: 3, n/a, 3 , DIAGNOSED ,Time Taken, 13, 
Time: 18182, Behaviour: 3, Fault: 6, 70.4793, 3 , CLASSIFIED ,
Time: 18784, Behaviour: 3, Fault: 2, n/a, 2 , DIAGNOSED ,Time Taken, 11, 
Time: 19875, Behaviour: 3, Fault: 1, n/a, 1 , DIAGNOSED ,Time Taken, 13, ELLIGIBLE
Time: 20488, Behaviour: 3, Fault: 2, 81.6176, 2 , CLASSIFIED ,
Time: 21090, Behaviour: 3, Fault: 2, 99.4681, 2 , CLASSIFIED ,
Time: 21703, Behaviour: 3, Fault: 4, n/a, 4 , DIAGNOSED ,Time Taken, 116, 
Time: 22419, Behaviour: 3, Fault: 3, 86.2803, 3 , CLASSIFIED ,
Time: 23021, Behaviour: 3, Fault: 6, 94.6841, 3 , CLASSIFIED ,
Time: 23623, Behaviour: 3, Fault: 2, 76.1486, 2 , CLASSIFIED ,
Time: 24225, Behaviour: 3, Fault: 2, 84.4145, 2 , CLASSIFIED ,
Time: 24827, Behaviour: 3, Fault: 3, 92.3419, 3 , CLASSIFIED ,
Time: 25622, Behaviour: 1, Fault: 6, n/a, 3 , DIAGNOSED ,Time Taken, 13, ELLIGIBLE
Time: 26366, Behaviour: 1, Fault: 1, 87.7483, 1 , CLASSIFIED ,
Time: 27483, Behaviour: 1, Fault: 2, 98.9247, 2 , CLASSIFIED ,
Time: 28088, Behaviour: 1, Fault: 4, n/a, 4 , DIAGNOSED ,Time Taken, 116, ELLIGIBLE
Time: 28806, Behaviour: 1, Fault: 5, 99.8335, 4 , CLASSIFIED ,
Time: 29702, Behaviour: 1, Fault: 2, 100, 2 , CLASSIFIED ,
Time: 30461, Behaviour: 2, Fault: 6, n/a, 6 , DIAGNOSED ,Time Taken, 276, ELLIGIBLE
Time: 31424, Behaviour: 2, Fault: 6, 89.6589, 3 , CLASSIFIED ,
Time: 32140, Behaviour: 2, Fault: 4, 76.7995, 4 , CLASSIFIED ,
Time: 32741, Behaviour: 2, Fault: 2, 86.1558, 2 , CLASSIFIED ,
Time: 33366, Behaviour: 2, Fault: 4, 97.044, 4 , CLASSIFIED ,
Time: 34612, Behaviour: 2, Fault: 1, n/a, 1 , DIAGNOSED ,Time Taken, 12, ELLIGIBLE
Total Faults, 27, Elligible Total, 23, DiagTot, 11, Elligible DiagTot, 7, FailTot, 0, MemoryTot, 16, %Memory,0.695652, %Failure,0
Time: 5686, Behaviour: 1, Fault: 1, n/a, 1 , DIAGNOSED ,Time Taken, 12, 
Time: 6439, Behaviour: 1, Fault: 2, n/a, 2 , DIAGNOSED ,Time Taken, 12, 
Time: 7051, Behaviour: 1, Fault: 3, n/a, 3 , DIAGNOSED ,Time Taken, 14, 
Time: 7665, Behaviour: 1, Fault: 3, 100, 3 , CLASSIFIED ,
Time: 8267, Behaviour: 1, Fault: 3, 95.3463, 95.3463, 3 , CLASSIFIED ,
Time: 9097, Behaviour: 1, Fault: 6, n/a, 3 , DIAGNOSED ,Time Taken, 20, 
Time: 10515, Behaviour: 1, Fault: 1, 100, 1 , CLASSIFIED ,
Time: 11163, Behaviour: 1, Fault: 6, 93.7506, 93.7506, 3 , CLASSIFIED ,
Time: 24240, Behaviour: 3, Fault: 1, n/a, 1 , DIAGNOSED ,Time Taken, 13, ELLIGIBLE
Time: 25170, Behaviour: 1, Fault: 1, n/a, 1 , DIAGNOSED ,Time Taken, 69, ELLIGIBLE
Time: 26220, Behaviour: 1, Fault: 1, 88.1135, 1 , CLASSIFIED ,
Time: 26823, Behaviour: 1, Fault: 3, 99.1477, 99.1477, 3 , CLASSIFIED ,
Time: 27521, Behaviour: 1, Fault: 6, 100, 100, 3 , CLASSIFIED ,
Time: 28125, Behaviour: 1, Fault: 4, n/a, 4 , DIAGNOSED ,Time Taken, 111, 
Time: 28836, Behaviour: 1, Fault: 2, 95.39, 2 , CLASSIFIED ,
Time: 29477, Behaviour: 1, Fault: 3, 100, 100, 100, 3 , CLASSIFIED ,
Time: 30148, Behaviour: 2, Fault: 2, 100, 2 , CLASSIFIED ,
Time: 30750, Behaviour: 2, Fault: 3, 99.3153, 99.3153, 99.3153, 99.3153, 3 , CLASSIFIED ,
Time: 31352, Behaviour: 2, Fault: 2, 79.7724, 79.7724, 2 , CLASSIFIED ,
Time: 31954, Behaviour: 2, Fault: 1, n/a, 1 , DIAGNOSED ,Time Taken, 12, ELLIGIBLE
Time: 32566, Behaviour: 2, Fault: 2, 83.4992, 2 , CLASSIFIED ,
Time: 33168, Behaviour: 2, Fault: 3, 88.3048, 3 , CLASSIFIED ,
Time: 34113, Behaviour: 2, Fault: 6, 76.9163, 3 , CLASSIFIED ,
Time: 34745, Behaviour: 2, Fault: 3, 96.8335, 3 , CLASSIFIED ,
Time: 35350, Behaviour: 3, Fault: 3, 83.7358, 3 , CLASSIFIED ,
Time: 35953, Behaviour: 3, Fault: 2, 98.9247, 2 , CLASSIFIED ,
Total Faults, 26, Elligible Total, 21, DiagTot, 8, Elligible DiagTot, 3, FailTot, 0, MemoryTot, 18, %Memory,0.857143, %Failure,0
Time: 659, Behaviour: 2, Fault: 1, n/a, 1 , DIAGNOSED ,Time Taken, 33, 
Time: 1336, Behaviour: 2, Fault: 4, n/a, 4 , DIAGNOSED ,Time Taken, 116, 
Time: 2414, Behaviour: 2, Fault: 4, 96.015, 4 , CLASSIFIED ,
Time: 3015, Behaviour: 2, Fault: 2, n/a, 2 , DIAGNOSED ,Time Taken, 11, 
Time: 4128, Behaviour: 2, Fault: 4, 98.1559, 4 , CLASSIFIED ,
Time: 4729, Behaviour: 2, Fault: 3, n/a, 3 , DIAGNOSED ,Time Taken, 13, 
Time: 5344, Behaviour: 1, Fault: 4, n/a, 4 , DIAGNOSED ,Time Taken, 116, ELLIGIBLE
Time: 6062, Behaviour: 1, Fault: 5, 99.6672, 4 , CLASSIFIED ,
Time: 6663, Behaviour: 1, Fault: 2, 71.8512, 2 , CLASSIFIED ,
Time: 7817, Behaviour: 1, Fault: 1, n/a, 1 , DIAGNOSED ,Time Taken, 12, ELLIGIBLE
Time: 9353, Behaviour: 1, Fault: 6, n/a, 3 , DIAGNOSED ,Time Taken, 13, 
Time: 9966, Behaviour: 1, Fault: 2, 98.9285, 2 , CLASSIFIED ,
Time: 10580, Behaviour: 1, Fault: 6, 72.5032, 3 , CLASSIFIED ,
Time: 11729, Behaviour: 1, Fault: 6, 100, 3 , CLASSIFIED ,
Time: 12331, Behaviour: 1, Fault: 3, 100, 100, 3 , CLASSIFIED ,
Time: 13931, Behaviour: 1, Fault: 1, 84.5154, 1 , CLASSIFIED ,
Time: 14533, Behaviour: 1, Fault: 3, 91.8818, 3 , CLASSIFIED ,
Time: 15161, Behaviour: 3, Fault: 2, 91.8625, 2 , CLASSIFIED ,
Time: 15763, Behaviour: 3, Fault: 3, 92.6221, 92.6221, 92.6221, 3 , CLASSIFIED ,
Time: 17418, Behaviour: 3, Fault: 4, 82.3192, 4 , CLASSIFIED ,
Time: 18363, Behaviour: 3, Fault: 1, n/a, 1 , DIAGNOSED ,Time Taken, 13, ELLIGIBLE
Time: 19039, Behaviour: 3, Fault: 6, 96.1422, 96.1422, 96.1422, 3 , CLASSIFIED ,
Time: 19798, Behaviour: 3, Fault: 4, 97.2215, 4 , CLASSIFIED ,
Time: 20490, Behaviour: 3, Fault: 4, 98.6933, 4 , CLASSIFIED ,
Time: 21091, Behaviour: 3, Fault: 6, n/a, 3 , DIAGNOSED ,Time Taken, 13, ELLIGIBLE
Time: 22673, Behaviour: 3, Fault: 4, 99.4401, 4 , CLASSIFIED ,
Time: 23482, Behaviour: 3, Fault: 6, n/a, 3 , DIAGNOSED ,Time Taken, 13, ELLIGIBLE
Time: 24095, Behaviour: 3, Fault: 6, 100, 100, 100, 3 , CLASSIFIED ,
Time: 24969, Behaviour: 3, Fault: 6, 81.3979, 3 , CLASSIFIED ,
Time: 25708, Behaviour: 1, Fault: 6, 96.7627, 96.7627, 96.7627, 96.7627, 3 , CLASSIFIED ,
Time: 26805, Behaviour: 1, Fault: 1, 84.5154, 1 , CLASSIFIED ,
Time: 27707, Behaviour: 1, Fault: 6, 86.4622, 3 , CLASSIFIED ,
Time: 28386, Behaviour: 1, Fault: 6, 100, 100, 3 , CLASSIFIED ,
Time: 28991, Behaviour: 1, Fault: 5, n/a, 5 , DIAGNOSED ,Time Taken, 165, ELLIGIBLE
Time: 29756, Behaviour: 1, Fault: 3, 94.704, 94.704, 3 , CLASSIFIED ,
Time: 30510, Behaviour: 2, Fault: 1, n/a, 1 , DIAGNOSED ,Time Taken, 45, ELLIGIBLE
Time: 31155, Behaviour: 2, Fault: 3, 88.3588, 88.3588, 3 , CLASSIFIED ,
Time: 32326, Behaviour: 2, Fault: 1, 99.3377, 1 , CLASSIFIED ,
Time: 32928, Behaviour: 2, Fault: 2, n/a, 2 , DIAGNOSED ,Time Taken, 12, ELLIGIBLE
Time: 33540, Behaviour: 2, Fault: 2, 80.6395, 2 , CLASSIFIED ,
Time: 34151, Behaviour: 2, Fault: 1, n/a, 1 , DIAGNOSED ,Time Taken, 12, ELLIGIBLE
Time: 34763, Behaviour: 2, Fault: 2, 80.1621, 2 , CLASSIFIED ,
Time: 35365, Behaviour: 3, Fault: 2, 84.3205, 2 , CLASSIFIED ,
Total Faults, 43, Elligible Total, 38, DiagTot, 14, Elligible DiagTot, 9, FailTot, 0, MemoryTot, 29, %Memory,0.763158, %Failure,0
Time: 739, Behaviour: 2, Fault: 1, n/a, 1 , DIAGNOSED ,Time Taken, 12, 
Time: 1551, Behaviour: 2, Fault: 6, n/a, 3 , DIAGNOSED ,Time Taken, 38, 
Time: 2191, Behaviour: 2, Fault: 4, n/a, 4 , DIAGNOSED ,Time Taken, 116, 
Time: 2907, Behaviour: 2, Fault: 2, n/a, 2 , DIAGNOSED ,Time Taken, 11, 
Time: 3632, Behaviour: 2, Fault: 4, 99.5001, 4 , CLASSIFIED ,
Time: 4233, Behaviour: 2, Fault: 3, n/a, 3 , DIAGNOSED ,Time Taken, 13, 
Time: 5484, Behaviour: 1, Fault: 1, 100, 1 , CLASSIFIED ,
Time: 6086, Behaviour: 1, Fault: 3, 77.8481, 3 , CLASSIFIED ,
Time: 6804, Behaviour: 1, Fault: 6, 81.0259, 3 , CLASSIFIED ,
Time: 7592, Behaviour: 1, Fault: 3, 68.313, 3 , CLASSIFIED ,
Time: 8194, Behaviour: 1, Fault: 3, 92.0323, 3 , CLASSIFIED ,
Time: 9240, Behaviour: 1, Fault: 1, n/a, 1 , DIAGNOSED ,Time Taken, 13, ELLIGIBLE
Time: 9853, Behaviour: 1, Fault: 3, 100, 3 , CLASSIFIED ,
Time: 11562, Behaviour: 1, Fault: 5, 70.9468, 4 , CLASSIFIED ,
Time: 12201, Behaviour: 1, Fault: 6, 100, 3 , CLASSIFIED ,
Time: 12803, Behaviour: 1, Fault: 3, 92.8563, 3 , CLASSIFIED ,
Time: 13682, Behaviour: 1, Fault: 6, n/a, 3 , DIAGNOSED ,Time Taken, 252, ELLIGIBLE
Time: 14609, Behaviour: 1, Fault: 2, 86.8767, 2 , CLASSIFIED ,
Time: 15212, Behaviour: 3, Fault: 2, 92.1699, 2 , CLASSIFIED ,
Time: 15891, Behaviour: 3, Fault: 1, 69.1254, 1 , CLASSIFIED ,
Time: 16493, Behaviour: 3, Fault: 2, 97.8796, 2 , CLASSIFIED ,
Time: 17122, Behaviour: 3, Fault: 4, 99.8128, 4 , CLASSIFIED ,
Time: 17723, Behaviour: 3, Fault: 6, 97.2959, 97.2959, 3 , CLASSIFIED ,
Time: 18325, Behaviour: 3, Fault: 2, 74.2806, 2 , CLASSIFIED ,
Time: 18958, Behaviour: 3, Fault: 2, 83.3017, 2 , CLASSIFIED ,
Time: 25814, Behaviour: 1, Fault: 1, 100, 1 , CLASSIFIED ,
Time: 26655, Behaviour: 1, Fault: 6, 85.2924, 3 , CLASSIFIED ,
Time: 27258, Behaviour: 1, Fault: 2, 98.9247, 2 , CLASSIFIED ,
Time: 28399, Behaviour: 1, Fault: 4, n/a, 4 , DIAGNOSED ,Time Taken, 217, ELLIGIBLE
Time: 29740, Behaviour: 1, Fault: 6, 88.3587, 3 , CLASSIFIED ,
Time: 30342, Behaviour: 2, Fault: 3, 98.1307, 3 , CLASSIFIED ,
Time: 30944, Behaviour: 2, Fault: 3, 98.8019, 3 , CLASSIFIED ,
Time: 31546, Behaviour: 2, Fault: 3, 91.2447, 3 , CLASSIFIED ,
Time: 32157, Behaviour: 2, Fault: 3, 88.7921, 3 , CLASSIFIED ,
Time: 33376, Behaviour: 2, Fault: 6, 79.9594, 3 , CLASSIFIED ,
Time: 33980, Behaviour: 2, Fault: 4, 99.8128, 4 , CLASSIFIED ,
Time: 34592, Behaviour: 2, Fault: 2, 87.9963, 2 , CLASSIFIED ,
Time: 35198, Behaviour: 3, Fault: 4, 100, 4 , CLASSIFIED ,
Time: 35806, Behaviour: 3, Fault: 1, n/a, 1 , DIAGNOSED ,Time Taken, 12, ELLIGIBLE
Total Faults, 39, Elligible Total, 34, DiagTot, 9, Elligible DiagTot, 4, FailTot, 0, MemoryTot, 30, %Memory,0.882353, %Failure,0
Time: 662, Behaviour: 2, Fault: 1, n/a, 1 , DIAGNOSED ,Time Taken, 12, 
Time: 1523, Behaviour: 2, Fault: 6, n/a, 3 , DIAGNOSED ,Time Taken, 13, 
Time: 2136, Behaviour: 2, Fault: 2, n/a, 2 , DIAGNOSED ,Time Taken, 11, 
Time: 2942, Behaviour: 2, Fault: 6, 81.0409, 3 , CLASSIFIED ,
Time: 3544, Behaviour: 2, Fault: 3, n/a, 3 , DIAGNOSED ,Time Taken, 13, 
Time: 4523, Behaviour: 2, Fault: 4, n/a, 4 , DIAGNOSED ,Time Taken, 179, 
Time: 5304, Behaviour: 1, Fault: 1, n/a, 1 , DIAGNOSED ,Time Taken, 12, ELLIGIBLE
Time: 6012, Behaviour: 1, Fault: 6, n/a, 3 , DIAGNOSED ,Time Taken, 356, ELLIGIBLE
Time: 7045, Behaviour: 1, Fault: 6, 84.3183, 3 , CLASSIFIED ,
Time: 7903, Behaviour: 1, Fault: 1, 68.6477, FAILURE 3, n/a, 1 , DIAGNOSED ,Time Taken, 30, ELLIGIBLE
Time: 8565, Behaviour: 1, Fault: 6, 90.0208, 3 , CLASSIFIED ,
Time: 9198, Behaviour: 1, Fault: 5, n/a, 5 , DIAGNOSED ,Time Taken, 166, 
Time: 9964, Behaviour: 1, Fault: 3, 100, 3 , CLASSIFIED ,
Time: 11544, Behaviour: 1, Fault: 3, 68.313, 68.313, 3 , CLASSIFIED ,
Time: 12353, Behaviour: 1, Fault: 4, 82.5289, 4 , CLASSIFIED ,
Time: 12954, Behaviour: 1, Fault: 3, 100, 100, 3 , CLASSIFIED ,
Time: 13793, Behaviour: 1, Fault: 5, 97.8335, 5 , CLASSIFIED ,
Time: 14936, Behaviour: 1, Fault: 1, n/a, 1 , DIAGNOSED ,Time Taken, 47, ELLIGIBLE
Time: 16318, Behaviour: 3, Fault: 6, 91.2907, 3 , CLASSIFIED ,
Time: 17043, Behaviour: 3, Fault: 1, 70.6181, 1 , CLASSIFIED ,
Time: 17645, Behaviour: 3, Fault: 2, 84.2416, 2 , CLASSIFIED ,
Time: 18442, Behaviour: 3, Fault: 6, 80.371, 3 , CLASSIFIED ,
Time: 19217, Behaviour: 3, Fault: 4, 98.8854, 4 , CLASSIFIED ,
Time: 19818, Behaviour: 3, Fault: 3, 86.8115, 3 , CLASSIFIED ,
Time: 20420, Behaviour: 3, Fault: 2, 72.5919, 2 , CLASSIFIED ,
Time: 21022, Behaviour: 3, Fault: 2, 91.7336, 2 , CLASSIFIED ,
Time: 22099, Behaviour: 3, Fault: 1, n/a, 1 , DIAGNOSED ,Time Taken, 12, ELLIGIBLE
Time: 22711, Behaviour: 3, Fault: 1, n/a, 1 , DIAGNOSED ,Time Taken, 12, ELLIGIBLE
Time: 23864, Behaviour: 3, Fault: 1, n/a, 1 , DIAGNOSED ,Time Taken, 12, ELLIGIBLE
Time: 24702, Behaviour: 3, Fault: 4, 71.1837, 4 , CLASSIFIED ,
Time: 25577, Behaviour: 1, Fault: 1, 99.5565, 1 , CLASSIFIED ,
Time: 26229, Behaviour: 1, Fault: 2, 96.8633, 2 , CLASSIFIED ,
Time: 27001, Behaviour: 1, Fault: 3, 86.8115, 3 , CLASSIFIED ,
Time: 28016, Behaviour: 1, Fault: 6, 100, 3 , CLASSIFIED ,
Time: 29027, Behaviour: 1, Fault: 5, 97.8335, 5 , CLASSIFIED ,
Time: 30106, Behaviour: 2, Fault: 2, 100, 2 , CLASSIFIED ,
Time: 30708, Behaviour: 2, Fault: 2, 82.3319, 2 , CLASSIFIED ,
Time: 31310, Behaviour: 2, Fault: 2, 84.4447, 2 , CLASSIFIED ,
Time: 32434, Behaviour: 2, Fault: 6, 66.802, 3 , CLASSIFIED ,
Time: 33036, Behaviour: 2, Fault: 3, 85.6378, 3 , CLASSIFIED ,
Time: 35306, Behaviour: 3, Fault: 4, 93.3135, 4 , CLASSIFIED ,
Total Faults, 41, Elligible Total, 35, DiagTot, 12, Elligible DiagTot, 6, FailTot, 1, MemoryTot, 28, %Memory,0.8, %Failure,0.0344828
Time: 627, Behaviour: 2, Fault: 1, n/a, 1 , DIAGNOSED ,Time Taken, 13, 
Time: 16956, Behaviour: 3, Fault: 1, n/a, 1 , DIAGNOSED ,Time Taken, 12, ELLIGIBLE
Time: 17584, Behaviour: 3, Fault: 4, n/a, 4 , DIAGNOSED ,Time Taken, 116, 
Time: 18300, Behaviour: 3, Fault: 6, n/a, 3 , DIAGNOSED ,Time Taken, 33, 
Time: 19006, Behaviour: 3, Fault: 6, 96.1018, 3 , CLASSIFIED ,
Time: 19665, Behaviour: 3, Fault: 4, 93.6164, 4 , CLASSIFIED ,
Time: 20266, Behaviour: 3, Fault: 2, n/a, 2 , DIAGNOSED ,Time Taken, 11, 
Time: 20879, Behaviour: 3, Fault: 4, 74.338, 4 , CLASSIFIED ,
Time: 21480, Behaviour: 3, Fault: 3, 86.7683, 3 , CLASSIFIED ,
Time: 22690, Behaviour: 3, Fault: 1, n/a, 1 , DIAGNOSED ,Time Taken, 12, ELLIGIBLE
Time: 23310, Behaviour: 3, Fault: 4, 99.2519, 4 , CLASSIFIED ,
Time: 23911, Behaviour: 3, Fault: 2, 75.5772, 2 , CLASSIFIED ,
Time: 25037, Behaviour: 1, Fault: 6, 91.7507, 3 , CLASSIFIED ,
Time: 25878, Behaviour: 1, Fault: 6, 97.7911, 3 , CLASSIFIED ,
Time: 26481, Behaviour: 1, Fault: 2, 90.6, 2 , CLASSIFIED ,
Time: 27083, Behaviour: 1, Fault: 2, 100, 2 , CLASSIFIED ,
Time: 27774, Behaviour: 1, Fault: 5, n/a, 5 , DIAGNOSED ,Time Taken, 165, 
Time: 28539, Behaviour: 1, Fault: 2, 82.5308, 2 , CLASSIFIED ,
Time: 29526, Behaviour: 1, Fault: 5, 99.5001, 5 , CLASSIFIED ,
Time: 30134, Behaviour: 2, Fault: 4, 99.6262, 4 , CLASSIFIED ,
Time: 30735, Behaviour: 2, Fault: 6, 99.1437, 3 , CLASSIFIED ,
Time: 31360, Behaviour: 2, Fault: 2, 88.223, 2 , CLASSIFIED ,
Time: 31962, Behaviour: 2, Fault: 1, n/a, 1 , DIAGNOSED ,Time Taken, 12, ELLIGIBLE
Time: 33528, Behaviour: 2, Fault: 1, n/a, 1 , DIAGNOSED ,Time Taken, 12, ELLIGIBLE
Time: 34476, Behaviour: 2, Fault: 6, 92.9084, 3 , CLASSIFIED ,
Time: 35078, Behaviour: 3, Fault: 3, 89.2005, 3 , CLASSIFIED ,
Time: 35681, Behaviour: 3, Fault: 2, 98.9285, 98.9285, 2 , CLASSIFIED ,
Total Faults, 27, Elligible Total, 22, DiagTot, 9, Elligible DiagTot, 4, FailTot, 0, MemoryTot, 18, %Memory,0.818182, %Failure,0
Time: 843, Behaviour: 2, Fault: 1, n/a, 1 , DIAGNOSED ,Time Taken, 12, 
Time: 5398, Behaviour: 1, Fault: 1, n/a, 1 , DIAGNOSED ,Time Taken, 12, ELLIGIBLE
Time: 6012, Behaviour: 1, Fault: 5, n/a, 5 , DIAGNOSED ,Time Taken, 165, 
Time: 6777, Behaviour: 1, Fault: 3, n/a, 3 , DIAGNOSED ,Time Taken, 13, 
Time: 9181, Behaviour: 1, Fault: 5, 97.5001, 5 , CLASSIFIED ,
Time: 10571, Behaviour: 1, Fault: 1, n/a, 1 , DIAGNOSED ,Time Taken, 12, ELLIGIBLE
Time: 11592, Behaviour: 1, Fault: 6, n/a, 3 , DIAGNOSED ,Time Taken, 401, 
Time: 12593, Behaviour: 1, Fault: 6, 100, 3 , CLASSIFIED ,
Time: 13835, Behaviour: 1, Fault: 1, 100, 1 , CLASSIFIED ,
Time: 14437, Behaviour: 1, Fault: 2, n/a, 2 , DIAGNOSED ,Time Taken, 65, 
Time: 16082, Behaviour: 3, Fault: 6, 88.1748, 88.1748, 3 , CLASSIFIED ,
Time: 16685, Behaviour: 3, Fault: 3, 89.1498, 89.1498, 3 , CLASSIFIED ,
Time: 17287, Behaviour: 3, Fault: 3, 99.8288, 99.8288, 3 , CLASSIFIED ,
Time: 17890, Behaviour: 3, Fault: 3, 76.3808, 3 , CLASSIFIED ,
Time: 18724, Behaviour: 3, Fault: 4, n/a, 4 , DIAGNOSED ,Time Taken, 116, 
Time: 19440, Behaviour: 3, Fault: 2, 79.4627, 2 , CLASSIFIED ,
Time: 20647, Behaviour: 3, Fault: 6, 94.0741, 3 , CLASSIFIED ,
Time: 21731, Behaviour: 3, Fault: 1, 99.7783, 1 , CLASSIFIED ,
Time: 22333, Behaviour: 3, Fault: 2, 78.1365, 2 , CLASSIFIED ,
Time: 22935, Behaviour: 3, Fault: 2, 91.939, 2 , CLASSIFIED ,
Time: 25825, Behaviour: 1, Fault: 6, 100, 100, 3 , CLASSIFIED ,
Time: 26427, Behaviour: 1, Fault: 6, n/a, 3 , DIAGNOSED ,Time Taken, 13, ELLIGIBLE
Time: 28062, Behaviour: 1, Fault: 4, 97.5001, 5 , CLASSIFIED ,
Time: 28663, Behaviour: 1, Fault: 2, 99.4633, 2 , CLASSIFIED ,
Total Faults, 24, Elligible Total, 18, DiagTot, 9, Elligible DiagTot, 3, FailTot, 0, MemoryTot, 15, %Memory,0.833333, %Failure,0
Time: 611, Behaviour: 2, Fault: 1, n/a, 1 , DIAGNOSED ,Time Taken, 94, 
Time: 1305, Behaviour: 2, Fault: 6, n/a, 3 , DIAGNOSED ,Time Taken, 13, 
Time: 1918, Behaviour: 2, Fault: 6, n/a, 3 , DIAGNOSED ,Time Taken, 13, ELLIGIBLE
Time: 2531, Behaviour: 2, Fault: 3, 92.6826, 3 , CLASSIFIED ,
Time: 3133, Behaviour: 2, Fault: 6, 100, 3 , CLASSIFIED ,
Time: 3735, Behaviour: 2, Fault: 3, 93.2811, 93.2811, 3 , CLASSIFIED ,
Time: 4337, Behaviour: 2, Fault: 3, 99.4878, 99.4878, 3 , CLASSIFIED ,
Time: 5259, Behaviour: 1, Fault: 1, n/a, 1 , DIAGNOSED ,Time Taken, 12, ELLIGIBLE
Time: 5873, Behaviour: 1, Fault: 4, n/a, 4 , DIAGNOSED ,Time Taken, 359, 
Time: 6832, Behaviour: 1, Fault: 2, n/a, 2 , DIAGNOSED ,Time Taken, 11, 
Time: 7491, Behaviour: 1, Fault: 4, 99.3339, 4 , CLASSIFIED ,
Total Faults, 11, Elligible Total, 7, DiagTot, 6, Elligible DiagTot, 2, FailTot, 0, MemoryTot, 5, %Memory,0.714286, %Failure,0
Time: 21190, Behaviour: 3, Fault: 1, n/a, 1 , DIAGNOSED ,Time Taken, 53, 
Time: 22255, Behaviour: 3, Fault: 6, n/a, 3 , DIAGNOSED ,Time Taken, 13, 
Time: 24194, Behaviour: 3, Fault: 6, 66.0727, 3 , CLASSIFIED ,
Time: 25383, Behaviour: 1, Fault: 1, n/a, 1 , DIAGNOSED ,Time Taken, 12, ELLIGIBLE
Time: 26211, Behaviour: 1, Fault: 6, n/a, 3 , DIAGNOSED ,Time Taken, 172, ELLIGIBLE
Time: 28805, Behaviour: 1, Fault: 3, n/a, 3 , DIAGNOSED ,Time Taken, 13, 
Time: 29683, Behaviour: 1, Fault: 5, n/a, 5 , DIAGNOSED ,Time Taken, 166, 
Time: 35768, Behaviour: 3, Fault: 1, n/a, 1 , DIAGNOSED ,Time Taken, 12, ELLIGIBLE
Total Faults, 8, Elligible Total, 4, DiagTot, 7, Elligible DiagTot, 3, FailTot, 0, MemoryTot, 1, %Memory,0.25, %Failure,0
Time: 26061, Behaviour: 1, Fault: 1, n/a, 1 , DIAGNOSED ,Time Taken, 16, 
Time: 26761, Behaviour: 1, Fault: 4, n/a, 4 , DIAGNOSED ,Time Taken, 116, 
Time: 27477, Behaviour: 1, Fault: 2, n/a, 2 , DIAGNOSED ,Time Taken, 14, 
Time: 28587, Behaviour: 1, Fault: 6, n/a, 6 , DIAGNOSED ,Time Taken, 632, 
Total Faults, 4, Elligible Total, 0, DiagTot, 4, Elligible DiagTot, 0, FailTot, 0, MemoryTot, 0, %Memory,-nan, %Failure,-nan
Time: 1118, Behaviour: 2, Fault: 1, n/a, 1 , DIAGNOSED ,Time Taken, 31, 
Time: 2376, Behaviour: 2, Fault: 4, n/a, 4 , DIAGNOSED ,Time Taken, 381, 
Time: 4281, Behaviour: 2, Fault: 1, n/a, 1 , DIAGNOSED ,Time Taken, 12, ELLIGIBLE
Time: 4893, Behaviour: 2, Fault: 2, n/a, 2 , DIAGNOSED ,Time Taken, 11, 
Time: 5506, Behaviour: 1, Fault: 4, n/a, 4 , DIAGNOSED ,Time Taken, 116, ELLIGIBLE
Time: 6222, Behaviour: 1, Fault: 6, n/a, 3 , DIAGNOSED ,Time Taken, 14, 
Time: 6898, Behaviour: 1, Fault: 1, 71.184, FAILURE 3, 71.184, FAILURE 3, n/a, 1 , DIAGNOSED ,Time Taken, 22, ELLIGIBLE
Time: 7520, Behaviour: 1, Fault: 3, 93.253, 3 , CLASSIFIED ,
Time: 8280, Behaviour: 1, Fault: 3, 100, 3 , CLASSIFIED ,
Time: 8884, Behaviour: 1, Fault: 5, 100, 4 , CLASSIFIED ,
Time: 9487, Behaviour: 1, Fault: 4, 100, 100, 4 , CLASSIFIED ,
Time: 10119, Behaviour: 1, Fault: 1, 99.5565, 1 , CLASSIFIED ,
Time: 10721, Behaviour: 1, Fault: 2, 73.1626, 2 , CLASSIFIED ,
Time: 11325, Behaviour: 1, Fault: 4, 100, 100, 100, 4 , CLASSIFIED ,
Time: 12082, Behaviour: 1, Fault: 5, 99.8335, 99.8335, 99.8335, 99.8335, 4 , CLASSIFIED ,
Time: 12896, Behaviour: 1, Fault: 6, n/a, 3 , DIAGNOSED ,Time Taken, 131, ELLIGIBLE
Time: 13627, Behaviour: 1, Fault: 2, 80.0421, 2 , CLASSIFIED ,
Time: 15118, Behaviour: 3, Fault: 2, 98.9247, 2 , CLASSIFIED ,
Time: 15722, Behaviour: 3, Fault: 4, 79.9355, 4 , CLASSIFIED ,
Time: 16334, Behaviour: 3, Fault: 3, 96.1422, 96.1422, 3 , CLASSIFIED ,
Time: 17859, Behaviour: 3, Fault: 1, 99.3377, 1 , CLASSIFIED ,
Time: 19716, Behaviour: 3, Fault: 1, 99.7783, 1 , CLASSIFIED ,
Time: 20318, Behaviour: 3, Fault: 2, 87.6346, 2 , CLASSIFIED ,
Time: 20920, Behaviour: 3, Fault: 2, 87.6399, 2 , CLASSIFIED ,
Time: 21522, Behaviour: 3, Fault: 2, 83.6247, 2 , CLASSIFIED ,
Time: 22125, Behaviour: 3, Fault: 3, 99.486, 3 , CLASSIFIED ,
Time: 22728, Behaviour: 3, Fault: 6, 100, 3 , CLASSIFIED ,
Time: 23330, Behaviour: 3, Fault: 2, 92.805, 2 , CLASSIFIED ,
Time: 23933, Behaviour: 3, Fault: 3, 100, 3 , CLASSIFIED ,
Time: 24619, Behaviour: 3, Fault: 4, 72.0955, 4 , CLASSIFIED ,
Time: 25599, Behaviour: 1, Fault: 5, 98.6754, 4 , CLASSIFIED ,
Time: 27182, Behaviour: 1, Fault: 6, n/a, 3 , DIAGNOSED ,Time Taken, 19, ELLIGIBLE
Time: 27801, Behaviour: 1, Fault: 3, 100, 100, 3 , CLASSIFIED ,
Time: 29119, Behaviour: 1, Fault: 4, 98.5111, 4 , CLASSIFIED ,
Time: 29828, Behaviour: 1, Fault: 5, 97.8399, 4 , CLASSIFIED ,
Time: 30429, Behaviour: 2, Fault: 2, 88.8511, 2 , CLASSIFIED ,
Time: 31031, Behaviour: 2, Fault: 3, 99.8289, 3 , CLASSIFIED ,
Time: 31633, Behaviour: 2, Fault: 2, 82.6417, 2 , CLASSIFIED ,
Time: 32235, Behaviour: 2, Fault: 3, 91.2703, 3 , CLASSIFIED ,
Time: 32837, Behaviour: 2, Fault: 2, 85.3196, 2 , CLASSIFIED ,
Time: 35556, Behaviour: 3, Fault: 1, n/a, 1 , DIAGNOSED ,Time Taken, 12, ELLIGIBLE
Total Faults, 41, Elligible Total, 37, DiagTot, 8, Elligible DiagTot, 4, FailTot, 2, MemoryTot, 31, %Memory,0.837838, %Failure,0.0606061
Time: 5821, Behaviour: 1, Fault: 1, n/a, 1 , DIAGNOSED ,Time Taken, 12, 
Time: 6433, Behaviour: 1, Fault: 3, n/a, 3 , DIAGNOSED ,Time Taken, 13, 
Time: 7360, Behaviour: 1, Fault: 1, n/a, 1 , DIAGNOSED ,Time Taken, 259, ELLIGIBLE
Time: 8221, Behaviour: 1, Fault: 4, n/a, 4 , DIAGNOSED ,Time Taken, 208, 
Time: 9031, Behaviour: 1, Fault: 4, n/a, 4 , DIAGNOSED ,Time Taken, 116, ELLIGIBLE
Time: 10065, Behaviour: 1, Fault: 1, n/a, 1 , DIAGNOSED ,Time Taken, 12, ELLIGIBLE
Time: 10679, Behaviour: 1, Fault: 4, 89.3446, 4 , CLASSIFIED ,
Time: 12122, Behaviour: 1, Fault: 5, 99.5012, 4 , CLASSIFIED ,
Time: 12830, Behaviour: 1, Fault: 5, 98.1832, 4 , CLASSIFIED ,
Time: 13433, Behaviour: 1, Fault: 4, 99.8335, 4 , CLASSIFIED ,
Time: 14127, Behaviour: 1, Fault: 4, 99.8128, 4 , CLASSIFIED ,
Time: 14730, Behaviour: 1, Fault: 4, 99.8335, 4 , CLASSIFIED ,
Time: 15800, Behaviour: 3, Fault: 1, 88.7905, 1 , CLASSIFIED ,
Time: 17360, Behaviour: 3, Fault: 6, 97.9632, 3 , CLASSIFIED ,
Time: 17962, Behaviour: 3, Fault: 2, n/a, 2 , DIAGNOSED ,Time Taken, 13, 
Time: 18575, Behaviour: 3, Fault: 2, 82.0861, 2 , CLASSIFIED ,
Time: 21792, Behaviour: 3, Fault: 6, n/a, 3 , DIAGNOSED ,Time Taken, 13, ELLIGIBLE
Time: 22939, Behaviour: 3, Fault: 6, n/a, 3 , DIAGNOSED ,Time Taken, 13, ELLIGIBLE
Time: 23552, Behaviour: 3, Fault: 2, 88.8094, 2 , CLASSIFIED ,
Time: 24349, Behaviour: 3, Fault: 4, 100, 4 , CLASSIFIED ,
Time: 24950, Behaviour: 3, Fault: 2, 96.1815, 2 , CLASSIFIED ,
Time: 26145, Behaviour: 1, Fault: 6, 96.9329, 3 , CLASSIFIED ,
Time: 27680, Behaviour: 1, Fault: 1, 100, 1 , CLASSIFIED ,
Time: 28283, Behaviour: 1, Fault: 3, 99.1477, 3 , CLASSIFIED ,
Time: 28885, Behaviour: 1, Fault: 2, 91.5425, 2 , CLASSIFIED ,
Time: 29487, Behaviour: 1, Fault: 3, 95.3463, 3 , CLASSIFIED ,
Time: 30089, Behaviour: 2, Fault: 2, 83.529, 2 , CLASSIFIED ,
Time: 30691, Behaviour: 2, Fault: 3, 90.8783, 3 , CLASSIFIED ,
Time: 31293, Behaviour: 2, Fault: 6, 85.2329, 3 , CLASSIFIED ,
Time: 32885, Behaviour: 2, Fault: 6, n/a, 3 , DIAGNOSED ,Time Taken, 278, ELLIGIBLE
Time: 33818, Behaviour: 2, Fault: 1, n/a, 1 , DIAGNOSED ,Time Taken, 12, ELLIGIBLE
Time: 34579, Behaviour: 2, Fault: 1, 100, 1 , CLASSIFIED ,
Time: 35395, Behaviour: 3, Fault: 6, 74.2082, FAILURE 4, 74.2082, FAILURE 4, 74.2082, FAILURE 4, 74.2082, FAILURE 4, 74.2082, FAILURE 4, 74.2082, FAILURE 4, n/a, 6 , DIAGNOSED ,Time Taken, 569, ELLIGIBLE
Total Faults, 33, Elligible Total, 29, DiagTot, 6, Elligible DiagTot, 2, FailTot, 6, MemoryTot, 21, %Memory,0.724138, %Failure,0.222222
Time: 2691, Behaviour: 2, Fault: 1, n/a, 1 , DIAGNOSED ,Time Taken, 16, 
Time: 3332, Behaviour: 2, Fault: 6, n/a, 3 , DIAGNOSED ,Time Taken, 13, 
Time: 3945, Behaviour: 2, Fault: 6, 80.5567, 3 , CLASSIFIED ,
Time: 5409, Behaviour: 1, Fault: 1, n/a, 1 , DIAGNOSED ,Time Taken, 12, ELLIGIBLE
Time: 6023, Behaviour: 1, Fault: 4, n/a, 4 , DIAGNOSED ,Time Taken, 543, 
Time: 7216, Behaviour: 1, Fault: 5, 99.8335, 4 , CLASSIFIED ,
Time: 8256, Behaviour: 1, Fault: 1, n/a, 1 , DIAGNOSED ,Time Taken, 12, ELLIGIBLE
Time: 8936, Behaviour: 1, Fault: 4, 98.5067, 4 , CLASSIFIED ,
Time: 9538, Behaviour: 1, Fault: 3, 93.8632, 3 , CLASSIFIED ,
Time: 10195, Behaviour: 1, Fault: 3, 89.5328, 3 , CLASSIFIED ,
Time: 10799, Behaviour: 1, Fault: 5, 99.8335, 4 , CLASSIFIED ,
Time: 11427, Behaviour: 1, Fault: 6, 99.486, 3 , CLASSIFIED ,
Time: 15882, Behaviour: 3, Fault: 1, 99.3358, 1 , CLASSIFIED ,
Time: 17266, Behaviour: 3, Fault: 6, n/a, 6 , DIAGNOSED ,Time Taken, 533, ELLIGIBLE
Time: 18580, Behaviour: 3, Fault: 6, 82.336, 3 , CLASSIFIED ,
Time: 19418, Behaviour: 3, Fault: 4, n/a, 4 , DIAGNOSED ,Time Taken, 143, ELLIGIBLE
Time: 20362, Behaviour: 3, Fault: 1, 98.9035, 1 , CLASSIFIED ,
Time: 21050, Behaviour: 3, Fault: 2, n/a, 2 , DIAGNOSED ,Time Taken, 12, 
Time: 21662, Behaviour: 3, Fault: 3, 88.2372, 3 , CLASSIFIED ,
Time: 22264, Behaviour: 3, Fault: 2, 91.3279, 2 , CLASSIFIED ,
Time: 22866, Behaviour: 3, Fault: 2, 87.5434, 2 , CLASSIFIED ,
Time: 25412, Behaviour: 1, Fault: 6, 69.3036, 3 , CLASSIFIED ,
Time: 26035, Behaviour: 1, Fault: 3, 98.305, 3 , CLASSIFIED ,
Time: 26637, Behaviour: 1, Fault: 2, 76.0855, 2 , CLASSIFIED ,
Time: 27399, Behaviour: 1, Fault: 6, 100, 3 , CLASSIFIED ,
Time: 28001, Behaviour: 1, Fault: 2, 92.9555, 2 , CLASSIFIED ,
Time: 28651, Behaviour: 1, Fault: 6, 92.8342, 6 , CLASSIFIED ,
Time: 29313, Behaviour: 1, Fault: 4, 99.6667, 4 , CLASSIFIED ,
Time: 30439, Behaviour: 2, Fault: 4, 75.5865, 4 , CLASSIFIED ,
Time: 31040, Behaviour: 2, Fault: 2, 88.0635, 2 , CLASSIFIED ,
Time: 31703, Behaviour: 2, Fault: 3, 98.4673, 3 , CLASSIFIED ,
Time: 32335, Behaviour: 2, Fault: 2, 86.2912, 2 , CLASSIFIED ,
Time: 32937, Behaviour: 2, Fault: 3, 78.6003, 3 , CLASSIFIED ,
Time: 33539, Behaviour: 2, Fault: 3, 93.1699, 3 , CLASSIFIED ,
Time: 34964, Behaviour: 2, Fault: 6, 95.6386, 3 , CLASSIFIED ,
Time: 35567, Behaviour: 3, Fault: 4, 87.0742, 4 , CLASSIFIED ,
Total Faults, 36, Elligible Total, 32, DiagTot, 8, Elligible DiagTot, 4, FailTot, 0, MemoryTot, 28, %Memory,0.875, %Failure,0
Time: 1564, Behaviour: 2, Fault: 1, n/a, 1 , DIAGNOSED ,Time Taken, 12, 
Time: 2176, Behaviour: 2, Fault: 6, n/a, 3 , DIAGNOSED ,Time Taken, 13, 
Time: 2876, Behaviour: 2, Fault: 4, n/a, 4 , DIAGNOSED ,Time Taken, 116, 
Time: 3768, Behaviour: 2, Fault: 1, n/a, 1 , DIAGNOSED ,Time Taken, 12, ELLIGIBLE
Time: 5108, Behaviour: 1, Fault: 6, 79.461, 3 , CLASSIFIED ,
Time: 5969, Behaviour: 1, Fault: 1, n/a, 1 , DIAGNOSED ,Time Taken, 12, ELLIGIBLE
Time: 6897, Behaviour: 1, Fault: 5, n/a, 5 , DIAGNOSED ,Time Taken, 165, 
Time: 7662, Behaviour: 1, Fault: 4, 77.5769, 4 , CLASSIFIED ,
Time: 8263, Behaviour: 1, Fault: 3, 87.9756, 3 , CLASSIFIED ,
Time: 8865, Behaviour: 1, Fault: 3, 96.9645, 3 , CLASSIFIED ,
Time: 9827, Behaviour: 1, Fault: 6, 92.6067, 3 , CLASSIFIED ,
Time: 10429, Behaviour: 1, Fault: 3, 93.1214, 3 , CLASSIFIED ,
Time: 11235, Behaviour: 1, Fault: 1, 99.7783, 1 , CLASSIFIED ,
Time: 12408, Behaviour: 1, Fault: 1, 80.1269, 1 , CLASSIFIED ,
Time: 13012, Behaviour: 1, Fault: 4, 98.6755, 5 , CLASSIFIED ,
Time: 13615, Behaviour: 1, Fault: 4, 97.5034, 5 , CLASSIFIED ,
Time: 14219, Behaviour: 1, Fault: 4, 83.506, 5 , CLASSIFIED ,
Total Faults, 17, Elligible Total, 13, DiagTot, 6, Elligible DiagTot, 2, FailTot, 0, MemoryTot, 11, %Memory,0.846154, %Failure,0
Time: 935, Behaviour: 2, Fault: 1, n/a, 1 , DIAGNOSED ,Time Taken, 12, 
Time: 1547, Behaviour: 2, Fault: 2, n/a, 2 , DIAGNOSED ,Time Taken, 12, 
Time: 2161, Behaviour: 2, Fault: 4, n/a, 4 , DIAGNOSED ,Time Taken, 293, 
Time: 3054, Behaviour: 2, Fault: 3, n/a, 3 , DIAGNOSED ,Time Taken, 14, 
Time: 5312, Behaviour: 1, Fault: 4, 72.0191, 4 , CLASSIFIED ,
Time: 6041, Behaviour: 1, Fault: 4, n/a, 4 , DIAGNOSED ,Time Taken, 116, ELLIGIBLE
Time: 6830, Behaviour: 1, Fault: 6, 87.6227, 3 , CLASSIFIED ,
Time: 7653, Behaviour: 1, Fault: 2, 88.8176, 2 , CLASSIFIED ,
Time: 8256, Behaviour: 1, Fault: 3, 73.6614, 3 , CLASSIFIED ,
Time: 8875, Behaviour: 1, Fault: 5, 97.6804, 4 , CLASSIFIED ,
Time: 11279, Behaviour: 1, Fault: 5, 99.3339, 4 , CLASSIFIED ,
Time: 11922, Behaviour: 1, Fault: 5, 96.679, 4 , CLASSIFIED ,
Time: 12574, Behaviour: 1, Fault: 6, 74.8923, 3 , CLASSIFIED ,
Time: 13200, Behaviour: 1, Fault: 1, n/a, 1 , DIAGNOSED ,Time Taken, 17, ELLIGIBLE
Time: 14003, Behaviour: 1, Fault: 3, 80.5577, 3 , CLASSIFIED ,
Time: 14611, Behaviour: 1, Fault: 6, 93.9182, 3 , CLASSIFIED ,
Time: 15235, Behaviour: 3, Fault: 3, 100, 3 , CLASSIFIED ,
Time: 16983, Behaviour: 3, Fault: 6, 98.9784, 98.9784, 3 , CLASSIFIED ,
Time: 17585, Behaviour: 3, Fault: 2, 83.0137, 2 , CLASSIFIED ,
Time: 18785, Behaviour: 3, Fault: 4, 94.7471, 4 , CLASSIFIED ,
Time: 19386, Behaviour: 3, Fault: 2, 94.9119, 2 , CLASSIFIED ,
Time: 19988, Behaviour: 3, Fault: 3, 100, 100, 3 , CLASSIFIED ,
Time: 20590, Behaviour: 3, Fault: 3, 98.9749, 98.9749, 98.9749, 3 , CLASSIFIED ,
Time: 21192, Behaviour: 3, Fault: 3, 100, 100, 100, 3 , CLASSIFIED ,
Time: 21894, Behaviour: 3, Fault: 6, 94.1638, 94.1638, 94.1638, 94.1638, 3 , CLASSIFIED ,
Time: 22671, Behaviour: 3, Fault: 4, 93.6297, 4 , CLASSIFIED ,
Time: 23273, Behaviour: 3, Fault: 3, 82.54, 3 , CLASSIFIED ,
Time: 23876, Behaviour: 3, Fault: 3, 100, 100, 100, 100, 3 , CLASSIFIED ,
Time: 24478, Behaviour: 3, Fault: 2, 78.5679, 2 , CLASSIFIED ,
Time: 25132, Behaviour: 1, Fault: 1, n/a, 1 , DIAGNOSED ,Time Taken, 12, ELLIGIBLE
Time: 25774, Behaviour: 1, Fault: 5, 69.2812, FAILURE 3, n/a, 5 , DIAGNOSED ,Time Taken, 165, ELLIGIBLE
Time: 26541, Behaviour: 1, Fault: 5, 97.8498, 5 , CLASSIFIED ,
Time: 27144, Behaviour: 1, Fault: 5, 99.6667, 5 , CLASSIFIED ,
Time: 27746, Behaviour: 1, Fault: 2, 95.4334, 2 , CLASSIFIED ,
Time: 28495, Behaviour: 1, Fault: 6, 100, 100, 100, 100, 3 , CLASSIFIED ,
Time: 29099, Behaviour: 1, Fault: 4, 99.8335, 99.8335, 5 , CLASSIFIED ,
Time: 29700, Behaviour: 1, Fault: 2, 98.4263, 2 , CLASSIFIED ,
Time: 30491, Behaviour: 2, Fault: 6, 91.0291, 3 , CLASSIFIED ,
Time: 31093, Behaviour: 2, Fault: 2, 98.9285, 2 , CLASSIFIED ,
Time: 31964, Behaviour: 2, Fault: 4, 95.0673, 4 , CLASSIFIED ,
Time: 32565, Behaviour: 2, Fault: 2, 98.4263, 2 , CLASSIFIED ,
Time: 33168, Behaviour: 2, Fault: 3, 89.6145, 3 , CLASSIFIED ,
Time: 34016, Behaviour: 2, Fault: 6, 83.6576, 3 , CLASSIFIED ,
Time: 34618, Behaviour: 2, Fault: 3, 87.9871, 3 , CLASSIFIED ,
Time: 35625, Behaviour: 3, Fault: 1, n/a, 1 , DIAGNOSED ,Time Taken, 140, ELLIGIBLE
Total Faults, 45, Elligible Total, 41, DiagTot, 8, Elligible DiagTot, 4, FailTot, 1, MemoryTot, 36, %Memory,0.878049, %Failure,0.027027
Time: 1099, Behaviour: 2, Fault: 1, n/a, 1 , DIAGNOSED ,Time Taken, 12, 
Time: 1711, Behaviour: 2, Fault: 6, n/a, 3 , DIAGNOSED ,Time Taken, 13, 
Time: 2324, Behaviour: 2, Fault: 3, 74.2818, 3 , CLASSIFIED ,
Time: 2926, Behaviour: 2, Fault: 2, n/a, 2 , DIAGNOSED ,Time Taken, 11, 
Time: 4284, Behaviour: 2, Fault: 6, 84.8776, 3 , CLASSIFIED ,
Time: 4982, Behaviour: 2, Fault: 1, n/a, 1 , DIAGNOSED ,Time Taken, 12, ELLIGIBLE
Time: 5594, Behaviour: 1, Fault: 2, 76.5842, 2 , CLASSIFIED ,
Time: 6196, Behaviour: 1, Fault: 3, 96.6865, 3 , CLASSIFIED ,
Time: 6954, Behaviour: 1, Fault: 1, n/a, 1 , DIAGNOSED ,Time Taken, 13, ELLIGIBLE
Time: 7687, Behaviour: 1, Fault: 6, 95.0057, 3 , CLASSIFIED ,
Time: 8848, Behaviour: 1, Fault: 6, 88.0806, 3 , CLASSIFIED ,
Time: 9491, Behaviour: 1, Fault: 3, DECENTRALISED, 68.313, 3 , CLASSIFIED ,
Time: 10093, Behaviour: 1, Fault: 3, 100, 3 , CLASSIFIED ,
Time: 11128, Behaviour: 1, Fault: 6, 95.8597, 3 , CLASSIFIED ,
Time: 12356, Behaviour: 1, Fault: 3, 100, 3 , CLASSIFIED ,
Time: 13045, Behaviour: 1, Fault: 2, 82.3005, 2 , CLASSIFIED ,
Time: 13647, Behaviour: 1, Fault: 2, 95.8745, 2 , CLASSIFIED ,
Time: 14249, Behaviour: 1, Fault: 2, 98.3985, 2 , CLASSIFIED ,
Time: 14851, Behaviour: 1, Fault: 3, 97.9705, 97.9705, 3 , CLASSIFIED ,
Time: 15524, Behaviour: 3, Fault: 4, n/a, 4 , DIAGNOSED ,Time Taken, 117, 
Time: 16751, Behaviour: 3, Fault: 2, DECENTRALISED, 100, 2 , CLASSIFIED ,
Time: 17353, Behaviour: 3, Fault: 3, 89.1516, 3 , CLASSIFIED ,
Time: 17955, Behaviour: 3, Fault: 3, 100, 100, 3 , CLASSIFIED ,
Time: 18558, Behaviour: 3, Fault: 6, n/a, 3 , DIAGNOSED ,Time Taken, 18, ELLIGIBLE
Time: 19176, Behaviour: 3, Fault: 2, 83.9648, 2 , CLASSIFIED ,
Time: 19783, Behaviour: 3, Fault: 4, 94.6683, 4 , CLASSIFIED ,
Time: 20399, Behaviour: 3, Fault: 6, 94.2216, 94.2216, 94.2216, 3 , CLASSIFIED ,
Time: 21002, Behaviour: 3, Fault: 6, 93.0296, 3 , CLASSIFIED ,
Time: 21604, Behaviour: 3, Fault: 2, 96.3954, 2 , CLASSIFIED ,
Time: 22206, Behaviour: 3, Fault: 2, 81.9679, 2 , CLASSIFIED ,
Time: 24473, Behaviour: 3, Fault: 1, n/a, 1 , DIAGNOSED ,Time Taken, 13, ELLIGIBLE
Time: 25255, Behaviour: 1, Fault: 6, n/a, 3 , DIAGNOSED ,Time Taken, 13, ELLIGIBLE
Time: 26550, Behaviour: 1, Fault: 2, 100, 100, 2 , CLASSIFIED ,
Time: 27152, Behaviour: 1, Fault: 2, 98.9247, 98.9247, 98.9247, 2 , CLASSIFIED ,
Time: 28297, Behaviour: 1, Fault: 1, n/a, 1 , DIAGNOSED ,Time Taken, 12, ELLIGIBLE
Time: 29767, Behaviour: 1, Fault: 6, 73.4649, 3 , CLASSIFIED ,
Time: 30625, Behaviour: 2, Fault: 1, 94.2375, 1 , CLASSIFIED ,
Time: 31228, Behaviour: 2, Fault: 3, 93.7234, 3 , CLASSIFIED ,
Time: 31830, Behaviour: 2, Fault: 2, 97.3514, 2 , CLASSIFIED ,
Time: 33005, Behaviour: 2, Fault: 6, n/a, 3 , DIAGNOSED ,Time Taken, 183, ELLIGIBLE
Time: 33796, Behaviour: 2, Fault: 6, n/a, 6 , DIAGNOSED ,Time Taken, 928, ELLIGIBLE
Time: 35324, Behaviour: 3, Fault: 3, 92.8483, 3 , CLASSIFIED ,
Time: 35926, Behaviour: 3, Fault: 2, 97.3688, 2 , CLASSIFIED ,
Total Faults, 43, Elligible Total, 39, DiagTot, 12, Elligible DiagTot, 8, FailTot, 0, MemoryTot, 31, %Memory,0.794872, %Failure,0
