Time: 825, Behaviour: 2, Fault: 1, n/a, 1 , DIAGNOSED ,Time Taken, 13, 
Time: 1547, Behaviour: 2, Fault: 6, n/a, 3 , DIAGNOSED ,Time Taken, 14, 
Time: 2161, Behaviour: 2, Fault: 3, 77.8739, 3 , CLASSIFIED ,
Time: 2763, Behaviour: 2, Fault: 3, 99.3178, 3 , CLASSIFIED ,
Time: 3366, Behaviour: 2, Fault: 2, n/a, 2 , DIAGNOSED ,Time Taken, 11, 
Time: 3977, Behaviour: 2, Fault: 3, 98.1424, 3 , CLASSIFIED ,
Time: 5311, Behaviour: 1, Fault: 6, 99.486, 3 , CLASSIFIED ,
Time: 5915, Behaviour: 1, Fault: 4, n/a, 4 , DIAGNOSED ,Time Taken, 116, 
Time: 6631, Behaviour: 1, Fault: 3, 91.9461, 3 , CLASSIFIED ,
Time: 7730, Behaviour: 1, Fault: 2, 67.2184, 2 , CLASSIFIED ,
Time: 8342, Behaviour: 1, Fault: 1, 100, 1 , CLASSIFIED ,
Time: 8944, Behaviour: 1, Fault: 2, 82.9646, 2 , CLASSIFIED ,
Time: 9643, Behaviour: 1, Fault: 5, 100, 4 , CLASSIFIED ,
Time: 10244, Behaviour: 1, Fault: 3, 100, 3 , CLASSIFIED ,
Time: 11329, Behaviour: 1, Fault: 3, 68.313, 68.313, 3 , CLASSIFIED ,
Time: 11931, Behaviour: 1, Fault: 2, 98.9247, 2 , CLASSIFIED ,
Time: 12535, Behaviour: 1, Fault: 4, 99.8335, 99.8335, 4 , CLASSIFIED ,
Time: 13205, Behaviour: 1, Fault: 1, n/a, 1 , DIAGNOSED ,Time Taken, 12, ELLIGIBLE
Time: 14070, Behaviour: 1, Fault: 3, 100, 100, 3 , CLASSIFIED ,
Time: 14891, Behaviour: 1, Fault: 4, 99.8335, 99.8335, 4 , CLASSIFIED ,
Time: 15492, Behaviour: 3, Fault: 3, 94.1112, 3 , CLASSIFIED ,
Time: 18111, Behaviour: 3, Fault: 6, 83.5736, 3 , CLASSIFIED ,
Time: 18816, Behaviour: 3, Fault: 6, 88.8096, 3 , CLASSIFIED ,
Time: 19418, Behaviour: 3, Fault: 2, 87.6307, 2 , CLASSIFIED ,
Time: 20027, Behaviour: 3, Fault: 4, n/a, 4 , DIAGNOSED ,Time Taken, 131, ELLIGIBLE
Time: 21495, Behaviour: 3, Fault: 6, 98.4778, 3 , CLASSIFIED ,
Time: 25970, Behaviour: 1, Fault: 6, n/a, 3 , DIAGNOSED ,Time Taken, 69, ELLIGIBLE
Time: 26835, Behaviour: 1, Fault: 5, 99.8335, 4 , CLASSIFIED ,
Time: 27439, Behaviour: 1, Fault: 4, 99.8335, 4 , CLASSIFIED ,
Time: 28093, Behaviour: 1, Fault: 4, 100, 4 , CLASSIFIED ,
Time: 28907, Behaviour: 1, Fault: 3, 100, 100, 3 , CLASSIFIED ,
Time: 29520, Behaviour: 1, Fault: 6, 82.6088, 3 , CLASSIFIED ,
Time: 30232, Behaviour: 2, Fault: 1, n/a, 1 , DIAGNOSED ,Time Taken, 12, ELLIGIBLE
Time: 30963, Behaviour: 2, Fault: 6, 79.6517, 3 , CLASSIFIED ,
Time: 31566, Behaviour: 2, Fault: 3, 93.8212, 3 , CLASSIFIED ,
Time: 32180, Behaviour: 2, Fault: 4, 86.1892, 4 , CLASSIFIED ,
Time: 32926, Behaviour: 2, Fault: 6, 80.6461, 3 , CLASSIFIED ,
Total Faults, 37, Elligible Total, 33, DiagTot, 8, Elligible DiagTot, 4, FailTot, 0, MemoryTot, 29, %Memory,0.878788, %Failure,0
Time: 673, Behaviour: 2, Fault: 1, n/a, 1 , DIAGNOSED ,Time Taken, 12, 
Time: 1285, Behaviour: 2, Fault: 3, n/a, 3 , DIAGNOSED ,Time Taken, 13, 
Time: 1898, Behaviour: 2, Fault: 3, 75.2554, 3 , CLASSIFIED ,
Time: 2502, Behaviour: 2, Fault: 4, n/a, 4 , DIAGNOSED ,Time Taken, 123, 
Time: 3225, Behaviour: 2, Fault: 3, 88.1823, 3 , CLASSIFIED ,
Time: 3972, Behaviour: 2, Fault: 6, 67.5964, 3 , CLASSIFIED ,
Time: 5129, Behaviour: 1, Fault: 1, n/a, 1 , DIAGNOSED ,Time Taken, 12, ELLIGIBLE
Time: 6352, Behaviour: 1, Fault: 2, n/a, 2 , DIAGNOSED ,Time Taken, 11, 
Time: 7397, Behaviour: 1, Fault: 6, 98.2988, 3 , CLASSIFIED ,
Time: 7999, Behaviour: 1, Fault: 2, 81.0117, 2 , CLASSIFIED ,
Time: 8659, Behaviour: 1, Fault: 3, 100, 3 , CLASSIFIED ,
Time: 9609, Behaviour: 1, Fault: 5, n/a, 5 , DIAGNOSED ,Time Taken, 164, 
Time: 11247, Behaviour: 1, Fault: 6, n/a, 3 , DIAGNOSED ,Time Taken, 14, ELLIGIBLE
Time: 11863, Behaviour: 1, Fault: 5, 99.8335, 5 , CLASSIFIED ,
Time: 12630, Behaviour: 1, Fault: 5, 99.8335, 5 , CLASSIFIED ,
Time: 13231, Behaviour: 1, Fault: 3, 94.9523, 3 , CLASSIFIED ,
Time: 13846, Behaviour: 1, Fault: 4, 99.8335, 5 , CLASSIFIED ,
Time: 14801, Behaviour: 1, Fault: 6, 89.4585, 3 , CLASSIFIED ,
Time: 15847, Behaviour: 3, Fault: 1, n/a, 1 , DIAGNOSED ,Time Taken, 12, ELLIGIBLE
Time: 16459, Behaviour: 3, Fault: 2, 86.2304, 2 , CLASSIFIED ,
Time: 17222, Behaviour: 3, Fault: 4, 75.9322, 4 , CLASSIFIED ,
Time: 18207, Behaviour: 3, Fault: 1, 99.5565, 1 , CLASSIFIED ,
Time: 18810, Behaviour: 3, Fault: 2, 87.3849, 2 , CLASSIFIED ,
Time: 19430, Behaviour: 3, Fault: 2, 86.3661, 2 , CLASSIFIED ,
Time: 20032, Behaviour: 3, Fault: 2, 92.7147, 2 , CLASSIFIED ,
Time: 20634, Behaviour: 3, Fault: 3, 73.8669, 3 , CLASSIFIED ,
Time: 21237, Behaviour: 3, Fault: 2, 83.1725, 2 , CLASSIFIED ,
Time: 21841, Behaviour: 3, Fault: 2, 90.5557, 2 , CLASSIFIED ,
Time: 22471, Behaviour: 3, Fault: 4, 70.9732, 4 , CLASSIFIED ,
Time: 23072, Behaviour: 3, Fault: 2, 88.7158, 2 , CLASSIFIED ,
Time: 24077, Behaviour: 3, Fault: 1, 99.5565, 1 , CLASSIFIED ,
Time: 24679, Behaviour: 3, Fault: 3, 91.3363, 3 , CLASSIFIED ,
Time: 25542, Behaviour: 1, Fault: 1, 79.5395, 1 , CLASSIFIED ,
Time: 27246, Behaviour: 1, Fault: 4, 99.6667, 5 , CLASSIFIED ,
Time: 27879, Behaviour: 1, Fault: 4, 98.1778, 5 , CLASSIFIED ,
Time: 28603, Behaviour: 1, Fault: 6, 84.3019, 3 , CLASSIFIED ,
Time: 29414, Behaviour: 1, Fault: 1, 84.5154, 1 , CLASSIFIED ,
Time: 30456, Behaviour: 2, Fault: 4, 83.946, 4 , CLASSIFIED ,
Time: 31058, Behaviour: 2, Fault: 2, 90.4394, 2 , CLASSIFIED ,
Time: 33070, Behaviour: 2, Fault: 4, 79.5019, 4 , CLASSIFIED ,
Time: 35286, Behaviour: 3, Fault: 6, 97.3032, 3 , CLASSIFIED ,
Time: 35888, Behaviour: 3, Fault: 3, 90.8172, 3 , CLASSIFIED ,
Total Faults, 42, Elligible Total, 37, DiagTot, 8, Elligible DiagTot, 3, FailTot, 0, MemoryTot, 34, %Memory,0.918919, %Failure,0
Time: 10858, Behaviour: 1, Fault: 1, n/a, 1 , DIAGNOSED ,Time Taken, 53, 
Time: 12027, Behaviour: 1, Fault: 6, n/a, 3 , DIAGNOSED ,Time Taken, 14, 
Time: 13323, Behaviour: 1, Fault: 1, n/a, 1 , DIAGNOSED ,Time Taken, 62, ELLIGIBLE
Time: 14371, Behaviour: 1, Fault: 2, n/a, 2 , DIAGNOSED ,Time Taken, 12, 
Time: 14985, Behaviour: 1, Fault: 5, n/a, 5 , DIAGNOSED ,Time Taken, 165, 
Time: 15783, Behaviour: 3, Fault: 4, n/a, 4 , DIAGNOSED ,Time Taken, 116, 
Time: 16499, Behaviour: 3, Fault: 3, 70.3999, 3 , CLASSIFIED ,
Time: 17367, Behaviour: 3, Fault: 4, 74.7129, 4 , CLASSIFIED ,
Time: 18204, Behaviour: 3, Fault: 4, 99.6262, 4 , CLASSIFIED ,
Time: 19520, Behaviour: 3, Fault: 1, n/a, 1 , DIAGNOSED ,Time Taken, 12, ELLIGIBLE
Time: 20132, Behaviour: 3, Fault: 2, 68.0332, 2 , CLASSIFIED ,
Time: 20734, Behaviour: 3, Fault: 2, 91.969, 2 , CLASSIFIED ,
Time: 21336, Behaviour: 3, Fault: 3, 85.3849, 3 , CLASSIFIED ,
Time: 21938, Behaviour: 3, Fault: 6, n/a, 3 , DIAGNOSED ,Time Taken, 88, ELLIGIBLE
Time: 22626, Behaviour: 3, Fault: 2, 83.5472, 2 , CLASSIFIED ,
Time: 23749, Behaviour: 3, Fault: 6, 95.2586, 3 , CLASSIFIED ,
Time: 25652, Behaviour: 1, Fault: 1, 99.5565, 1 , CLASSIFIED ,
Time: 26254, Behaviour: 1, Fault: 2, 90.4534, 2 , CLASSIFIED ,
Time: 26859, Behaviour: 1, Fault: 3, 96.6395, 3 , CLASSIFIED ,
Time: 27461, Behaviour: 1, Fault: 3, 89.2613, 3 , CLASSIFIED ,
Time: 28813, Behaviour: 1, Fault: 6, 89.2067, 3 , CLASSIFIED ,
Time: 29585, Behaviour: 1, Fault: 6, 78.8199, 3 , CLASSIFIED ,
Time: 30509, Behaviour: 2, Fault: 4, 93.6027, 4 , CLASSIFIED ,
Time: 31110, Behaviour: 2, Fault: 4, 88.1444, 4 , CLASSIFIED ,
Time: 32275, Behaviour: 2, Fault: 6, 81.6144, 3 , CLASSIFIED ,
Time: 32879, Behaviour: 2, Fault: 4, 99.4387, 4 , CLASSIFIED ,
Time: 33480, Behaviour: 2, Fault: 2, 88.1328, 2 , CLASSIFIED ,
Time: 34082, Behaviour: 2, Fault: 6, 85.5835, 3 , CLASSIFIED ,
Time: 34684, Behaviour: 2, Fault: 3, 93.7531, 3 , CLASSIFIED ,
Time: 35286, Behaviour: 3, Fault: 2, 89.0373, 2 , CLASSIFIED ,
Time: 35889, Behaviour: 3, Fault: 3, 92.7242, 3 , CLASSIFIED ,
Total Faults, 31, Elligible Total, 26, DiagTot, 8, Elligible DiagTot, 3, FailTot, 0, MemoryTot, 23, %Memory,0.884615, %Failure,0
Time: 30785, Behaviour: 2, Fault: 1, n/a, 1 , DIAGNOSED ,Time Taken, 12, 
Time: 31420, Behaviour: 2, Fault: 1, n/a, 1 , DIAGNOSED ,Time Taken, 12, ELLIGIBLE
Time: 34849, Behaviour: 2, Fault: 1, 91.5156, 1 , CLASSIFIED ,
Time: 35451, Behaviour: 3, Fault: 3, n/a, 3 , DIAGNOSED ,Time Taken, 13, 
Total Faults, 4, Elligible Total, 2, DiagTot, 3, Elligible DiagTot, 1, FailTot, 0, MemoryTot, 1, %Memory,0.5, %Failure,0
Time: 615, Behaviour: 2, Fault: 1, n/a, 1 , DIAGNOSED ,Time Taken, 13, 
Time: 1504, Behaviour: 2, Fault: 4, n/a, 4 , DIAGNOSED ,Time Taken, 116, 
Time: 2220, Behaviour: 2, Fault: 3, n/a, 3 , DIAGNOSED ,Time Taken, 14, 
Time: 2834, Behaviour: 2, Fault: 3, 75.0616, 3 , CLASSIFIED ,
Time: 3930, Behaviour: 2, Fault: 6, n/a, 3 , DIAGNOSED ,Time Taken, 13, 
Time: 4684, Behaviour: 2, Fault: 6, 92.2345, 3 , CLASSIFIED ,
Time: 5286, Behaviour: 1, Fault: 5, n/a, 5 , DIAGNOSED ,Time Taken, 236, 
Time: 6124, Behaviour: 1, Fault: 4, 98.0137, 5 , CLASSIFIED ,
Time: 6754, Behaviour: 1, Fault: 2, n/a, 2 , DIAGNOSED ,Time Taken, 11, 
Time: 8045, Behaviour: 1, Fault: 1, 96.0757, 1 , CLASSIFIED ,
Time: 8746, Behaviour: 1, Fault: 6, n/a, 3 , DIAGNOSED ,Time Taken, 5969, ELLIGIBLE
Time: 15415, Behaviour: 3, Fault: 4, 89.9221, 4 , CLASSIFIED ,
Time: 16016, Behaviour: 3, Fault: 6, 93.7533, 3 , CLASSIFIED ,
Time: 16619, Behaviour: 3, Fault: 3, 98.6332, 3 , CLASSIFIED ,
Time: 17221, Behaviour: 3, Fault: 2, 87.6399, 2 , CLASSIFIED ,
Time: 17844, Behaviour: 3, Fault: 1, n/a, 1 , DIAGNOSED ,Time Taken, 12, ELLIGIBLE
Time: 18456, Behaviour: 3, Fault: 3, 85.4454, 3 , CLASSIFIED ,
Time: 19790, Behaviour: 3, Fault: 4, 97.2304, 4 , CLASSIFIED ,
Time: 21776, Behaviour: 3, Fault: 6, 92.7356, 3 , CLASSIFIED ,
Time: 22378, Behaviour: 3, Fault: 6, 68.3854, 3 , CLASSIFIED ,
Time: 22982, Behaviour: 3, Fault: 2, 98.9247, 2 , CLASSIFIED ,
Time: 24067, Behaviour: 3, Fault: 6, 85.341, 3 , CLASSIFIED ,
Time: 24669, Behaviour: 3, Fault: 2, 93.165, 2 , CLASSIFIED ,
Time: 31634, Behaviour: 2, Fault: 1, n/a, 1 , DIAGNOSED ,Time Taken, 13, ELLIGIBLE
Time: 32247, Behaviour: 2, Fault: 3, 85.2185, 3 , CLASSIFIED ,
Time: 33167, Behaviour: 2, Fault: 4, 79.3391, 4 , CLASSIFIED ,
Time: 33826, Behaviour: 2, Fault: 1, 95.1345, 1 , CLASSIFIED ,
Time: 34428, Behaviour: 2, Fault: 6, 93.4327, 3 , CLASSIFIED ,
Time: 35488, Behaviour: 3, Fault: 4, 90.0119, 4 , CLASSIFIED ,
Total Faults, 29, Elligible Total, 23, DiagTot, 9, Elligible DiagTot, 3, FailTot, 0, MemoryTot, 20, %Memory,0.869565, %Failure,0
Time: 13983, Behaviour: 1, Fault: 1, n/a, 1 , DIAGNOSED ,Time Taken, 18, 
Time: 14601, Behaviour: 1, Fault: 3, n/a, 3 , DIAGNOSED ,Time Taken, 14, 
Time: 15303, Behaviour: 3, Fault: 6, 91.7365, 3 , CLASSIFIED ,
Time: 16010, Behaviour: 3, Fault: 4, n/a, 4 , DIAGNOSED ,Time Taken, 117, 
Time: 16727, Behaviour: 3, Fault: 3, 100, 3 , CLASSIFIED ,
Time: 18820, Behaviour: 3, Fault: 6, 94.9881, 94.9881, 3 , CLASSIFIED ,
Time: 19532, Behaviour: 3, Fault: 1, n/a, 1 , DIAGNOSED ,Time Taken, 12, ELLIGIBLE
Time: 20555, Behaviour: 3, Fault: 1, 69.8607, 1 , CLASSIFIED ,
Time: 22583, Behaviour: 3, Fault: 6, n/a, 3 , DIAGNOSED ,Time Taken, 13, ELLIGIBLE
Time: 23196, Behaviour: 3, Fault: 3, 100, 100, 3 , CLASSIFIED ,
Time: 23798, Behaviour: 3, Fault: 3, 87.0417, 87.0417, 87.0417, 3 , CLASSIFIED ,
Time: 24595, Behaviour: 3, Fault: 4, 76.0478, 4 , CLASSIFIED ,
Time: 25435, Behaviour: 1, Fault: 5, 66.133, FAILURE 3, n/a, 5 , DIAGNOSED ,Time Taken, 164, 
Time: 26938, Behaviour: 1, Fault: 2, n/a, 2 , DIAGNOSED ,Time Taken, 12, 
Time: 28271, Behaviour: 1, Fault: 1, 95.9397, 1 , CLASSIFIED ,
Time: 30485, Behaviour: 2, Fault: 6, n/a, 3 , DIAGNOSED ,Time Taken, 13, ELLIGIBLE
Time: 31098, Behaviour: 2, Fault: 3, 78.026, 3 , CLASSIFIED ,
Total Faults, 17, Elligible Total, 12, DiagTot, 7, Elligible DiagTot, 2, FailTot, 1, MemoryTot, 9, %Memory,0.75, %Failure,0.1
Time: 878, Behaviour: 2, Fault: 1, n/a, 1 , DIAGNOSED ,Time Taken, 12, 
Time: 1757, Behaviour: 2, Fault: 4, n/a, 4 , DIAGNOSED ,Time Taken, 212, 
Time: 2569, Behaviour: 2, Fault: 2, n/a, 2 , DIAGNOSED ,Time Taken, 11, 
Time: 3180, Behaviour: 2, Fault: 3, n/a, 3 , DIAGNOSED ,Time Taken, 14, 
Time: 3794, Behaviour: 2, Fault: 2, 77.737, 2 , CLASSIFIED ,
Time: 4628, Behaviour: 2, Fault: 6, n/a, 3 , DIAGNOSED ,Time Taken, 13, 
Time: 5241, Behaviour: 1, Fault: 3, 99.486, 3 , CLASSIFIED ,
Time: 5845, Behaviour: 1, Fault: 5, n/a, 5 , DIAGNOSED ,Time Taken, 354, 
Time: 7058, Behaviour: 1, Fault: 6, 98.8005, 3 , CLASSIFIED ,
Time: 7661, Behaviour: 1, Fault: 5, 98.8335, 5 , CLASSIFIED ,
Time: 8822, Behaviour: 1, Fault: 3, 68.313, 3 , CLASSIFIED ,
Time: 9427, Behaviour: 1, Fault: 4, 99.6672, 5 , CLASSIFIED ,
Time: 10028, Behaviour: 1, Fault: 3, 90.0292, 3 , CLASSIFIED ,
Time: 10630, Behaviour: 1, Fault: 2, 85.4708, 2 , CLASSIFIED ,
Time: 11280, Behaviour: 1, Fault: 1, 71.4286, FAILURE 3, n/a, 1 , DIAGNOSED ,Time Taken, 12, ELLIGIBLE
Time: 12357, Behaviour: 1, Fault: 1, n/a, 1 , DIAGNOSED ,Time Taken, 17, ELLIGIBLE
Time: 12974, Behaviour: 1, Fault: 3, 100, 3 , CLASSIFIED ,
Time: 13661, Behaviour: 1, Fault: 4, 100, 5 , CLASSIFIED ,
Time: 14262, Behaviour: 1, Fault: 2, 84.8995, 2 , CLASSIFIED ,
Time: 15031, Behaviour: 3, Fault: 1, n/a, 1 , DIAGNOSED ,Time Taken, 12, ELLIGIBLE
Time: 15949, Behaviour: 3, Fault: 4, n/a, 4 , DIAGNOSED ,Time Taken, 116, ELLIGIBLE
Time: 16719, Behaviour: 3, Fault: 6, n/a, 3 , DIAGNOSED ,Time Taken, 1006, ELLIGIBLE
Time: 18325, Behaviour: 3, Fault: 2, 94.0265, 2 , CLASSIFIED ,
Time: 18927, Behaviour: 3, Fault: 2, 88.0312, 2 , CLASSIFIED ,
Time: 19529, Behaviour: 3, Fault: 6, 68.8358, 3 , CLASSIFIED ,
Time: 20449, Behaviour: 3, Fault: 1, n/a, 1 , DIAGNOSED ,Time Taken, 13, ELLIGIBLE
Time: 24077, Behaviour: 3, Fault: 1, 99.7783, 1 , CLASSIFIED ,
Time: 24679, Behaviour: 3, Fault: 3, 87.5339, 3 , CLASSIFIED ,
Time: 25564, Behaviour: 1, Fault: 1, 69.7846, 1 , CLASSIFIED ,
Time: 26176, Behaviour: 1, Fault: 5, 97.84, 97.84, 5 , CLASSIFIED ,
Time: 27039, Behaviour: 1, Fault: 6, 89.2703, 3 , CLASSIFIED ,
Time: 28511, Behaviour: 1, Fault: 1, 100, 1 , CLASSIFIED ,
Time: 29113, Behaviour: 1, Fault: 2, 100, 2 , CLASSIFIED ,
Total Faults, 33, Elligible Total, 27, DiagTot, 11, Elligible DiagTot, 5, FailTot, 1, MemoryTot, 21, %Memory,0.777778, %Failure,0.0454545
Time: 1164, Behaviour: 2, Fault: 1, n/a, 1 , DIAGNOSED ,Time Taken, 12, 
Time: 1778, Behaviour: 2, Fault: 4, n/a, 4 , DIAGNOSED ,Time Taken, 116, 
Time: 3174, Behaviour: 2, Fault: 6, n/a, 3 , DIAGNOSED ,Time Taken, 13, 
Time: 3891, Behaviour: 2, Fault: 6, 99.6634, 3 , CLASSIFIED ,
Time: 4933, Behaviour: 2, Fault: 1, 99.5565, 1 , CLASSIFIED ,
Time: 5537, Behaviour: 1, Fault: 5, n/a, 5 , DIAGNOSED ,Time Taken, 165, 
Time: 6666, Behaviour: 1, Fault: 6, 87.7191, 3 , CLASSIFIED ,
Time: 7270, Behaviour: 1, Fault: 4, 99.8335, 5 , CLASSIFIED ,
Time: 10815, Behaviour: 1, Fault: 5, 99.6672, 5 , CLASSIFIED ,
Time: 11418, Behaviour: 1, Fault: 4, 99.8335, 5 , CLASSIFIED ,
Time: 12199, Behaviour: 1, Fault: 5, 99.5001, 5 , CLASSIFIED ,
Time: 12864, Behaviour: 1, Fault: 1, n/a, 1 , DIAGNOSED ,Time Taken, 12, ELLIGIBLE
Time: 14131, Behaviour: 1, Fault: 6, 74.5022, 3 , CLASSIFIED ,
Time: 14950, Behaviour: 1, Fault: 4, 99.8335, 5 , CLASSIFIED ,
Time: 15807, Behaviour: 3, Fault: 1, 87.506, 1 , CLASSIFIED ,
Time: 16409, Behaviour: 3, Fault: 3, 98.1307, 3 , CLASSIFIED ,
Time: 17011, Behaviour: 3, Fault: 3, 82.3221, 3 , CLASSIFIED ,
Time: 17721, Behaviour: 3, Fault: 6, 90.1115, 3 , CLASSIFIED ,
Time: 18323, Behaviour: 3, Fault: 3, 93.8342, 3 , CLASSIFIED ,
Time: 18964, Behaviour: 3, Fault: 1, 79.7669, 1 , CLASSIFIED ,
Time: 19630, Behaviour: 3, Fault: 2, n/a, 2 , DIAGNOSED ,Time Taken, 11, 
Time: 21661, Behaviour: 3, Fault: 6, 93.3734, 3 , CLASSIFIED ,
Time: 22263, Behaviour: 3, Fault: 3, 94.6686, 3 , CLASSIFIED ,
Time: 22931, Behaviour: 3, Fault: 1, 94.5471, 1 , CLASSIFIED ,
Time: 26488, Behaviour: 1, Fault: 1, n/a, 1 , DIAGNOSED ,Time Taken, 12, ELLIGIBLE
Time: 27344, Behaviour: 1, Fault: 1, 71.3062, FAILURE 3, n/a, 1 , DIAGNOSED ,Time Taken, 13, ELLIGIBLE
Time: 28070, Behaviour: 1, Fault: 5, 97.8564, 97.8564, 5 , CLASSIFIED ,
Time: 28774, Behaviour: 1, Fault: 4, n/a, 4 , DIAGNOSED ,Time Taken, 117, ELLIGIBLE
Time: 29682, Behaviour: 1, Fault: 6, 100, 3 , CLASSIFIED ,
Time: 30328, Behaviour: 2, Fault: 1, 92.8962, 1 , CLASSIFIED ,
Total Faults, 30, Elligible Total, 25, DiagTot, 8, Elligible DiagTot, 3, FailTot, 1, MemoryTot, 21, %Memory,0.84, %Failure,0.0454545
Time: 1454, Behaviour: 2, Fault: 1, n/a, 1 , DIAGNOSED ,Time Taken, 18, 
Time: 2072, Behaviour: 2, Fault: 6, n/a, 3 , DIAGNOSED ,Time Taken, 13, 
Time: 2685, Behaviour: 2, Fault: 2, n/a, 2 , DIAGNOSED ,Time Taken, 11, 
Time: 3296, Behaviour: 2, Fault: 2, 76.0829, 2 , CLASSIFIED ,
Time: 3907, Behaviour: 2, Fault: 4, n/a, 4 , DIAGNOSED ,Time Taken, 220, 
Time: 6631, Behaviour: 1, Fault: 4, n/a, 4 , DIAGNOSED ,Time Taken, 117, ELLIGIBLE
Time: 7376, Behaviour: 1, Fault: 1, 99.7783, 1 , CLASSIFIED ,
Time: 8052, Behaviour: 1, Fault: 6, 71.5264, 3 , CLASSIFIED ,
Time: 9350, Behaviour: 1, Fault: 6, 72.0485, 3 , CLASSIFIED ,
Time: 9970, Behaviour: 1, Fault: 6, 91.7022, 3 , CLASSIFIED ,
Time: 10586, Behaviour: 1, Fault: 1, 100, 1 , CLASSIFIED ,
Time: 11318, Behaviour: 1, Fault: 5, 99.6672, 4 , CLASSIFIED ,
Time: 12078, Behaviour: 1, Fault: 6, 97.4663, 3 , CLASSIFIED ,
Time: 12680, Behaviour: 1, Fault: 3, 100, 3 , CLASSIFIED ,
Time: 13839, Behaviour: 1, Fault: 6, 100, 100, 3 , CLASSIFIED ,
Time: 16639, Behaviour: 3, Fault: 6, 95.4525, 3 , CLASSIFIED ,
Time: 18328, Behaviour: 3, Fault: 6, n/a, 3 , DIAGNOSED ,Time Taken, 13, ELLIGIBLE
Time: 21670, Behaviour: 3, Fault: 6, 92.7476, 3 , CLASSIFIED ,
Time: 22291, Behaviour: 3, Fault: 1, 99.7783, 99.7783, 1 , CLASSIFIED ,
Time: 22913, Behaviour: 3, Fault: 4, 81.9237, 4 , CLASSIFIED ,
Time: 23514, Behaviour: 3, Fault: 3, 86.2644, 86.2644, 86.2644, 3 , CLASSIFIED ,
Time: 24116, Behaviour: 3, Fault: 3, 96.6345, 96.6345, 96.6345, 3 , CLASSIFIED ,
Time: 24718, Behaviour: 3, Fault: 2, n/a, 2 , DIAGNOSED ,Time Taken, 11, ELLIGIBLE
Time: 25344, Behaviour: 1, Fault: 1, n/a, 1 , DIAGNOSED ,Time Taken, 12, ELLIGIBLE
Time: 26354, Behaviour: 1, Fault: 1, n/a, 1 , DIAGNOSED ,Time Taken, 12, ELLIGIBLE
Time: 26966, Behaviour: 1, Fault: 2, 76.1561, 2 , CLASSIFIED ,
Time: 27568, Behaviour: 1, Fault: 2, 96.9166, 2 , CLASSIFIED ,
Time: 28619, Behaviour: 1, Fault: 1, 75.7675, 1 , CLASSIFIED ,
Time: 29649, Behaviour: 1, Fault: 1, 90.4534, 1 , CLASSIFIED ,
Time: 30561, Behaviour: 2, Fault: 4, 82.2726, 4 , CLASSIFIED ,
Time: 31215, Behaviour: 2, Fault: 6, 92.054, 3 , CLASSIFIED ,
Time: 32031, Behaviour: 2, Fault: 4, 95.4105, 4 , CLASSIFIED ,
Total Faults, 32, Elligible Total, 28, DiagTot, 9, Elligible DiagTot, 5, FailTot, 0, MemoryTot, 23, %Memory,0.821429, %Failure,0
Time: 6122, Behaviour: 1, Fault: 1, n/a, 1 , DIAGNOSED ,Time Taken, 12, 
Time: 6734, Behaviour: 1, Fault: 6, n/a, 3 , DIAGNOSED ,Time Taken, 13, 
Time: 7347, Behaviour: 1, Fault: 3, 91.5156, 3 , CLASSIFIED ,
Time: 7951, Behaviour: 1, Fault: 4, n/a, 4 , DIAGNOSED ,Time Taken, 116, 
Time: 8669, Behaviour: 1, Fault: 5, 99.5001, 4 , CLASSIFIED ,
Time: 9372, Behaviour: 1, Fault: 4, 99.3339, 4 , CLASSIFIED ,
Time: 9973, Behaviour: 1, Fault: 2, n/a, 2 , DIAGNOSED ,Time Taken, 11, 
Time: 10995, Behaviour: 1, Fault: 4, 99.6667, 4 , CLASSIFIED ,
Time: 12838, Behaviour: 1, Fault: 3, 68.313, 3 , CLASSIFIED ,
Time: 13811, Behaviour: 1, Fault: 3, 89.253, 3 , CLASSIFIED ,
Time: 14416, Behaviour: 1, Fault: 4, 99.8335, 99.8335, 4 , CLASSIFIED ,
Time: 15102, Behaviour: 3, Fault: 4, n/a, 4 , DIAGNOSED ,Time Taken, 116, ELLIGIBLE
Time: 15942, Behaviour: 3, Fault: 4, 96.0879, 4 , CLASSIFIED ,
Time: 16571, Behaviour: 3, Fault: 1, n/a, 1 , DIAGNOSED ,Time Taken, 12, ELLIGIBLE
Time: 17468, Behaviour: 3, Fault: 6, n/a, 3 , DIAGNOSED ,Time Taken, 13, ELLIGIBLE
Time: 18618, Behaviour: 3, Fault: 4, 73.8442, 4 , CLASSIFIED ,
Time: 19219, Behaviour: 3, Fault: 2, n/a, 2 , DIAGNOSED ,Time Taken, 11, ELLIGIBLE
Time: 19893, Behaviour: 3, Fault: 1, n/a, 1 , DIAGNOSED ,Time Taken, 13, ELLIGIBLE
Time: 20656, Behaviour: 3, Fault: 4, 97.7583, 4 , CLASSIFIED ,
Time: 21442, Behaviour: 3, Fault: 1, 83.5731, 1 , CLASSIFIED ,
Time: 22045, Behaviour: 3, Fault: 2, 80.72, 2 , CLASSIFIED ,
Time: 24114, Behaviour: 3, Fault: 1, 99.7783, 1 , CLASSIFIED ,
Time: 24716, Behaviour: 3, Fault: 3, 75.8863, 3 , CLASSIFIED ,
Time: 25536, Behaviour: 1, Fault: 1, 99.4866, 1 , CLASSIFIED ,
Time: 26169, Behaviour: 1, Fault: 1, 99.7783, 1 , CLASSIFIED ,
Time: 26773, Behaviour: 1, Fault: 4, 100, 4 , CLASSIFIED ,
Time: 27625, Behaviour: 1, Fault: 2, 77.9995, 2 , CLASSIFIED ,
Time: 28227, Behaviour: 1, Fault: 2, 98.9247, 2 , CLASSIFIED ,
Time: 29499, Behaviour: 1, Fault: 6, 88.0233, 3 , CLASSIFIED ,
Time: 30320, Behaviour: 2, Fault: 6, n/a, 6 , DIAGNOSED ,Time Taken, 357, ELLIGIBLE
Time: 31362, Behaviour: 2, Fault: 6, 92.8594, 3 , CLASSIFIED ,
Time: 32006, Behaviour: 2, Fault: 1, 100, 1 , CLASSIFIED ,
Time: 33357, Behaviour: 2, Fault: 4, 92.7349, 4 , CLASSIFIED ,
Time: 33958, Behaviour: 2, Fault: 3, 88.5903, 3 , CLASSIFIED ,
Time: 34612, Behaviour: 2, Fault: 2, 93.5412, 2 , CLASSIFIED ,
Time: 35995, Behaviour: 3, Fault: 6, Total Faults, 35, Elligible Total, 31, DiagTot, 10, Elligible DiagTot, 6, FailTot, 0, MemoryTot, 25, %Memory,0.806452, %Failure,0
Time: 674, Behaviour: 2, Fault: 1, n/a, 1 , DIAGNOSED ,Time Taken, 12, 
Time: 1286, Behaviour: 2, Fault: 6, n/a, 3 , DIAGNOSED ,Time Taken, 13, 
Time: 2456, Behaviour: 2, Fault: 4, n/a, 4 , DIAGNOSED ,Time Taken, 116, 
Time: 3172, Behaviour: 2, Fault: 2, n/a, 2 , DIAGNOSED ,Time Taken, 62, 
Time: 4000, Behaviour: 2, Fault: 1, 100, 1 , CLASSIFIED ,
Time: 4869, Behaviour: 2, Fault: 4, 81.6945, 4 , CLASSIFIED ,
Time: 6105, Behaviour: 1, Fault: 5, n/a, 5 , DIAGNOSED ,Time Taken, 165, 
Time: 6913, Behaviour: 1, Fault: 5, 97.1897, 5 , CLASSIFIED ,
Time: 7518, Behaviour: 1, Fault: 5, 99.1668, 5 , CLASSIFIED ,
Time: 8403, Behaviour: 1, Fault: 6, 74.1599, 3 , CLASSIFIED ,
Time: 9007, Behaviour: 1, Fault: 4, 88.0098, 5 , CLASSIFIED ,
Time: 9610, Behaviour: 1, Fault: 4, 99.5001, 5 , CLASSIFIED ,
Time: 11417, Behaviour: 1, Fault: 4, 87.8675, 4 , CLASSIFIED ,
Time: 12021, Behaviour: 1, Fault: 5, 99.3339, 5 , CLASSIFIED ,
Time: 12624, Behaviour: 1, Fault: 5, 99.5001, 5 , CLASSIFIED ,
Time: 13225, Behaviour: 1, Fault: 3, 99.1477, 3 , CLASSIFIED ,
Time: 13975, Behaviour: 1, Fault: 5, 99.8335, 5 , CLASSIFIED ,
Time: 14732, Behaviour: 1, Fault: 5, 98.3352, 5 , CLASSIFIED ,
Time: 15333, Behaviour: 3, Fault: 3, 93.7353, 3 , CLASSIFIED ,
Time: 15936, Behaviour: 3, Fault: 3, 99.486, 3 , CLASSIFIED ,
Time: 16539, Behaviour: 3, Fault: 3, 99.6581, 3 , CLASSIFIED ,
Time: 17428, Behaviour: 3, Fault: 1, 100, 1 , CLASSIFIED ,
Time: 18460, Behaviour: 3, Fault: 6, n/a, 3 , DIAGNOSED ,Time Taken, 13, ELLIGIBLE
Time: 19880, Behaviour: 3, Fault: 4, 91.4496, 4 , CLASSIFIED ,
Time: 20481, Behaviour: 3, Fault: 3, 81.4674, 3 , CLASSIFIED ,
Time: 25853, Behaviour: 1, Fault: 6, 81.8446, 3 , CLASSIFIED ,
Time: 26477, Behaviour: 1, Fault: 4, 99.0006, 5 , CLASSIFIED ,
Time: 27339, Behaviour: 1, Fault: 2, n/a, 2 , DIAGNOSED ,Time Taken, 11, ELLIGIBLE
Time: 28146, Behaviour: 1, Fault: 6, 99.486, 3 , CLASSIFIED ,
Time: 28841, Behaviour: 1, Fault: 3, 100, 3 , CLASSIFIED ,
Time: 29886, Behaviour: 1, Fault: 1, n/a, 1 , DIAGNOSED ,Time Taken, 12, ELLIGIBLE
Time: 32992, Behaviour: 2, Fault: 1, n/a, 1 , DIAGNOSED ,Time Taken, 12, ELLIGIBLE
Time: 33633, Behaviour: 2, Fault: 6, 82.2181, 3 , CLASSIFIED ,
Time: 34235, Behaviour: 2, Fault: 2, 67.42, 2 , CLASSIFIED ,
Total Faults, 34, Elligible Total, 29, DiagTot, 9, Elligible DiagTot, 4, FailTot, 0, MemoryTot, 25, %Memory,0.862069, %Failure,0
Time: 8431, Behaviour: 1, Fault: 1, n/a, 1 , DIAGNOSED ,Time Taken, 13, 
Time: 9044, Behaviour: 1, Fault: 3, n/a, 3 , DIAGNOSED ,Time Taken, 13, 
Time: 9680, Behaviour: 1, Fault: 5, n/a, 5 , DIAGNOSED ,Time Taken, 211, 
Time: 10491, Behaviour: 1, Fault: 6, 98.9784, 3 , CLASSIFIED ,
Time: 11093, Behaviour: 1, Fault: 2, n/a, 2 , DIAGNOSED ,Time Taken, 17, 
Time: 11712, Behaviour: 1, Fault: 4, 97.3339, 5 , CLASSIFIED ,
Time: 12549, Behaviour: 1, Fault: 1, n/a, 1 , DIAGNOSED ,Time Taken, 12, ELLIGIBLE
Time: 13341, Behaviour: 1, Fault: 4, 99.8335, 5 , CLASSIFIED ,
Time: 13942, Behaviour: 1, Fault: 3, 99.6571, 3 , CLASSIFIED ,
Time: 14544, Behaviour: 1, Fault: 2, 86.3287, 2 , CLASSIFIED ,
Total Faults, 10, Elligible Total, 6, DiagTot, 5, Elligible DiagTot, 1, FailTot, 0, MemoryTot, 5, %Memory,0.833333, %Failure,0
Time: 764, Behaviour: 2, Fault: 1, n/a, 1 , DIAGNOSED ,Time Taken, 12, 
Time: 1743, Behaviour: 2, Fault: 4, n/a, 4 , DIAGNOSED ,Time Taken, 116, 
Time: 2459, Behaviour: 2, Fault: 2, n/a, 2 , DIAGNOSED ,Time Taken, 11, 
Time: 3070, Behaviour: 2, Fault: 6, n/a, 3 , DIAGNOSED ,Time Taken, 106, 
Time: 4097, Behaviour: 2, Fault: 4, 87.7883, 4 , CLASSIFIED ,
Time: 4718, Behaviour: 2, Fault: 6, 81.6749, 3 , CLASSIFIED ,
Time: 5320, Behaviour: 1, Fault: 2, 86.4804, 2 , CLASSIFIED ,
Time: 5947, Behaviour: 1, Fault: 4, 80.0047, 4 , CLASSIFIED ,
Time: 6576, Behaviour: 1, Fault: 3, 88.1554, 3 , CLASSIFIED ,
Time: 7406, Behaviour: 1, Fault: 3, 68.313, 3 , CLASSIFIED ,
Time: 8011, Behaviour: 1, Fault: 4, n/a, 4 , DIAGNOSED ,Time Taken, 116, ELLIGIBLE
Time: 8727, Behaviour: 1, Fault: 3, 98.2988, 3 , CLASSIFIED ,
Time: 9331, Behaviour: 1, Fault: 5, 99.8335, 4 , CLASSIFIED ,
Time: 10060, Behaviour: 1, Fault: 6, 89.7064, 3 , CLASSIFIED ,
Time: 11948, Behaviour: 1, Fault: 5, 99.6672, 4 , CLASSIFIED ,
Time: 12933, Behaviour: 1, Fault: 1, n/a, 1 , DIAGNOSED ,Time Taken, 12, ELLIGIBLE
Time: 14064, Behaviour: 1, Fault: 3, 100, 3 , CLASSIFIED ,
Time: 14714, Behaviour: 1, Fault: 3, 100, 3 , CLASSIFIED ,
Time: 15316, Behaviour: 3, Fault: 2, 92.1117, 2 , CLASSIFIED ,
Time: 16071, Behaviour: 3, Fault: 4, 90.9212, 4 , CLASSIFIED ,
Time: 16752, Behaviour: 3, Fault: 4, 99.1668, 4 , CLASSIFIED ,
Time: 17353, Behaviour: 3, Fault: 3, 98.6409, 98.6409, 3 , CLASSIFIED ,
Time: 17955, Behaviour: 3, Fault: 3, 85.4855, 3 , CLASSIFIED ,
Time: 18596, Behaviour: 3, Fault: 6, 66.2494, FAILURE 4, 66.2494, FAILURE 4, 66.2494, FAILURE 4, n/a, 6 , DIAGNOSED ,Time Taken, 1514, ELLIGIBLE
Time: 20745, Behaviour: 3, Fault: 4, 93.2066, 4 , CLASSIFIED ,
Time: 26414, Behaviour: 1, Fault: 6, 99.3174, 99.3174, 3 , CLASSIFIED ,
Time: 27016, Behaviour: 1, Fault: 2, 78.5993, 2 , CLASSIFIED ,
Time: 27618, Behaviour: 1, Fault: 2, 83.2735, 2 , CLASSIFIED ,
Time: 28699, Behaviour: 1, Fault: 5, 99.8335, 4 , CLASSIFIED ,
Time: 29534, Behaviour: 1, Fault: 3, 83.666, 3 , CLASSIFIED ,
Time: 30325, Behaviour: 2, Fault: 1, 71.4286, FAILURE 3, n/a, 1 , DIAGNOSED ,Time Taken, 12, ELLIGIBLE
Time: 30937, Behaviour: 2, Fault: 3, 92.3133, 3 , CLASSIFIED ,
Time: 34527, Behaviour: 2, Fault: 1, n/a, 1 , DIAGNOSED ,Time Taken, 12, ELLIGIBLE
Time: 35506, Behaviour: 3, Fault: 1, 93.9837, 1 , CLASSIFIED ,
Total Faults, 34, Elligible Total, 30, DiagTot, 5, Elligible DiagTot, 1, FailTot, 4, MemoryTot, 25, %Memory,0.833333, %Failure,0.137931
Time: 14271, Behaviour: 1, Fault: 1, n/a, 1 , DIAGNOSED ,Time Taken, 12, 
Time: 14943, Behaviour: 1, Fault: 1, n/a, 1 , DIAGNOSED ,Time Taken, 12, ELLIGIBLE
Time: 15827, Behaviour: 3, Fault: 4, n/a, 4 , DIAGNOSED ,Time Taken, 116, 
Time: 17088, Behaviour: 3, Fault: 1, 74.7285, 1 , CLASSIFIED ,
Time: 17710, Behaviour: 3, Fault: 4, 82.9629, 4 , CLASSIFIED ,
Time: 18311, Behaviour: 3, Fault: 3, n/a, 3 , DIAGNOSED ,Time Taken, 15, 
Time: 18926, Behaviour: 3, Fault: 3, 85.1692, 3 , CLASSIFIED ,
Time: 20844, Behaviour: 3, Fault: 6, 92.1415, 3 , CLASSIFIED ,
Time: 21448, Behaviour: 3, Fault: 4, 77.4784, 4 , CLASSIFIED ,
Time: 22817, Behaviour: 3, Fault: 6, 91.5498, 3 , CLASSIFIED ,
Time: 23419, Behaviour: 3, Fault: 3, 96.9645, 3 , CLASSIFIED ,
Time: 24021, Behaviour: 3, Fault: 3, 96.6714, 3 , CLASSIFIED ,
Time: 24623, Behaviour: 3, Fault: 3, 90.1748, 3 , CLASSIFIED ,
Time: 25225, Behaviour: 1, Fault: 6, 100, 3 , CLASSIFIED ,
Time: 26061, Behaviour: 1, Fault: 3, 83.666, 83.666, 3 , CLASSIFIED ,
Time: 26663, Behaviour: 1, Fault: 2, n/a, 2 , DIAGNOSED ,Time Taken, 11, 
Time: 27274, Behaviour: 1, Fault: 2, 95.4666, 2 , CLASSIFIED ,
Time: 27877, Behaviour: 1, Fault: 3, 98.1375, 98.1375, 3 , CLASSIFIED ,
Time: 28766, Behaviour: 1, Fault: 6, 100, 100, 3 , CLASSIFIED ,
Time: 29371, Behaviour: 1, Fault: 4, 70.7107, FAILURE 3, n/a, 4 , DIAGNOSED ,Time Taken, 116, ELLIGIBLE
Time: 30228, Behaviour: 2, Fault: 4, 99.438, 4 , CLASSIFIED ,
Time: 30845, Behaviour: 2, Fault: 4, 91.9397, 4 , CLASSIFIED ,
Time: 31446, Behaviour: 2, Fault: 3, 98.98, 3 , CLASSIFIED ,
Time: 32097, Behaviour: 2, Fault: 4, 96.1862, 4 , CLASSIFIED ,
Time: 32715, Behaviour: 2, Fault: 6, 68.3138, 3 , CLASSIFIED ,
Time: 33993, Behaviour: 2, Fault: 4, 81.8769, 4 , CLASSIFIED ,
Time: 34594, Behaviour: 2, Fault: 3, 95.3467, 3 , CLASSIFIED ,
Time: 35352, Behaviour: 3, Fault: 4, 94.3441, 4 , CLASSIFIED ,
Time: 35954, Behaviour: 3, Fault: 3, 96.6484, 3 , CLASSIFIED ,
Total Faults, 29, Elligible Total, 25, DiagTot, 5, Elligible DiagTot, 1, FailTot, 1, MemoryTot, 23, %Memory,0.92, %Failure,0.0416667
Time: 600, Behaviour: 2, Fault: 1, n/a, 1 , DIAGNOSED ,Time Taken, 12, 
Time: 1459, Behaviour: 2, Fault: 1, n/a, 1 , DIAGNOSED ,Time Taken, 12, ELLIGIBLE
Time: 2071, Behaviour: 2, Fault: 3, n/a, 3 , DIAGNOSED ,Time Taken, 25, 
Time: 3457, Behaviour: 2, Fault: 4, n/a, 4 , DIAGNOSED ,Time Taken, 116, 
Time: 4461, Behaviour: 2, Fault: 4, 70.0383, 4 , CLASSIFIED ,
Time: 5062, Behaviour: 1, Fault: 2, n/a, 2 , DIAGNOSED ,Time Taken, 11, 
Time: 6076, Behaviour: 1, Fault: 2, 80.0778, 2 , CLASSIFIED ,
Time: 6681, Behaviour: 1, Fault: 5, 66.985, FAILURE 1, n/a, 5 , DIAGNOSED ,Time Taken, 165, 
Time: 8210, Behaviour: 1, Fault: 2, 100, 2 , CLASSIFIED ,
Time: 9409, Behaviour: 1, Fault: 6, 81.231, 3 , CLASSIFIED ,
Time: 10083, Behaviour: 1, Fault: 5, 98.8346, 5 , CLASSIFIED ,
Time: 10699, Behaviour: 1, Fault: 2, 95.39, 95.39, 2 , CLASSIFIED ,
Time: 11301, Behaviour: 1, Fault: 3, 94.2199, 3 , CLASSIFIED ,
Time: 11903, Behaviour: 1, Fault: 2, 98.9247, 98.9247, 2 , CLASSIFIED ,
Time: 12505, Behaviour: 1, Fault: 2, 100, 2 , CLASSIFIED ,
Time: 15037, Behaviour: 3, Fault: 1, 67.6816, 1 , CLASSIFIED ,
Time: 20252, Behaviour: 3, Fault: 1, n/a, 1 , DIAGNOSED ,Time Taken, 19, ELLIGIBLE
Time: 20871, Behaviour: 3, Fault: 3, 91.62, 3 , CLASSIFIED ,
Time: 21582, Behaviour: 3, Fault: 1, 99.7783, 1 , CLASSIFIED ,
Time: 22529, Behaviour: 3, Fault: 1, 95.3459, 1 , CLASSIFIED ,
Time: 23589, Behaviour: 3, Fault: 4, 98.8771, 4 , CLASSIFIED ,
Time: 24293, Behaviour: 3, Fault: 4, 99.2546, 4 , CLASSIFIED ,
Time: 25338, Behaviour: 1, Fault: 1, 99.5565, 1 , CLASSIFIED ,
Time: 27685, Behaviour: 1, Fault: 6, 87.4426, 3 , CLASSIFIED ,
Time: 28289, Behaviour: 1, Fault: 5, 99, 5 , CLASSIFIED ,
Time: 28890, Behaviour: 1, Fault: 3, 97.8263, 3 , CLASSIFIED ,
Time: 29747, Behaviour: 1, Fault: 6, 98.9784, 3 , CLASSIFIED ,
Time: 30540, Behaviour: 2, Fault: 1, 71.4286, FAILURE 3, n/a, 1 , DIAGNOSED ,Time Taken, 12, ELLIGIBLE
Time: 31152, Behaviour: 2, Fault: 3, 88.8706, 3 , CLASSIFIED ,
Time: 31834, Behaviour: 2, Fault: 4, 71.1837, 4 , CLASSIFIED ,
Time: 32436, Behaviour: 2, Fault: 3, 99.486, 3 , CLASSIFIED ,
Time: 33047, Behaviour: 2, Fault: 2, 74.6801, 74.6801, 2 , CLASSIFIED ,
Time: 33649, Behaviour: 2, Fault: 3, 94.0086, 3 , CLASSIFIED ,
Time: 34251, Behaviour: 2, Fault: 1, n/a, 1 , DIAGNOSED ,Time Taken, 14, ELLIGIBLE
Time: 35032, Behaviour: 3, Fault: 1, 99.7783, 1 , CLASSIFIED ,
Time: 35785, Behaviour: 3, Fault: 4, 89.6854, 4 , CLASSIFIED ,
Total Faults, 36, Elligible Total, 31, DiagTot, 7, Elligible DiagTot, 2, FailTot, 2, MemoryTot, 27, %Memory,0.870968, %Failure,0.0689655
Time: 6028, Behaviour: 1, Fault: 1, n/a, 1 , DIAGNOSED ,Time Taken, 12, 
Time: 6640, Behaviour: 1, Fault: 3, n/a, 3 , DIAGNOSED ,Time Taken, 33, 
Time: 7273, Behaviour: 1, Fault: 2, n/a, 2 , DIAGNOSED ,Time Taken, 11, 
Time: 8297, Behaviour: 1, Fault: 5, n/a, 5 , DIAGNOSED ,Time Taken, 165, 
Time: 9136, Behaviour: 1, Fault: 6, 84.2062, 3 , CLASSIFIED ,
Time: 9738, Behaviour: 1, Fault: 3, 94.0671, 3 , CLASSIFIED ,
Time: 10510, Behaviour: 1, Fault: 2, 80.386, 2 , CLASSIFIED ,
Time: 11258, Behaviour: 1, Fault: 6, 100, 3 , CLASSIFIED ,
Time: 12724, Behaviour: 1, Fault: 1, n/a, 1 , DIAGNOSED ,Time Taken, 12, ELLIGIBLE
Time: 13336, Behaviour: 1, Fault: 2, 98.9247, 2 , CLASSIFIED ,
Time: 14076, Behaviour: 1, Fault: 5, 95.0263, 5 , CLASSIFIED ,
Time: 15012, Behaviour: 3, Fault: 6, 100, 100, 3 , CLASSIFIED ,
Time: 15614, Behaviour: 3, Fault: 2, 84.1306, 2 , CLASSIFIED ,
Time: 16216, Behaviour: 3, Fault: 3, 100, 100, 100, 3 , CLASSIFIED ,
Time: 16818, Behaviour: 3, Fault: 6, 98.4673, 98.4673, 98.4673, 98.4673, 3 , CLASSIFIED ,
Time: 18304, Behaviour: 3, Fault: 4, n/a, 4 , DIAGNOSED ,Time Taken, 362, 
Time: 20639, Behaviour: 3, Fault: 6, n/a, 3 , DIAGNOSED ,Time Taken, 13, ELLIGIBLE
Time: 21252, Behaviour: 3, Fault: 3, 100, 100, 100, 100, 3 , CLASSIFIED ,
Time: 21854, Behaviour: 3, Fault: 3, 90.7251, 3 , CLASSIFIED ,
Time: 25325, Behaviour: 1, Fault: 6, 96.9645, 96.9645, 96.9645, 96.9645, 96.9645, 3 , CLASSIFIED ,
Time: 25989, Behaviour: 1, Fault: 4, 99.0022, 5 , CLASSIFIED ,
Time: 26668, Behaviour: 1, Fault: 2, 100, 2 , CLASSIFIED ,
Time: 27270, Behaviour: 1, Fault: 2, 90.4534, 90.4534, 2 , CLASSIFIED ,
Time: 27874, Behaviour: 1, Fault: 4, 68.8495, 4 , CLASSIFIED ,
Time: 29165, Behaviour: 1, Fault: 1, 100, 1 , CLASSIFIED ,
Time: 29805, Behaviour: 1, Fault: 4, 99.3333, 5 , CLASSIFIED ,
Time: 30406, Behaviour: 2, Fault: 3, 96.3871, 3 , CLASSIFIED ,
Time: 31433, Behaviour: 2, Fault: 1, n/a, 1 , DIAGNOSED ,Time Taken, 26, ELLIGIBLE
Time: 32059, Behaviour: 2, Fault: 2, 96.251, 2 , CLASSIFIED ,
Time: 32661, Behaviour: 2, Fault: 2, 91.7407, 2 , CLASSIFIED ,
Time: 35436, Behaviour: 3, Fault: 1, n/a, 1 , DIAGNOSED ,Time Taken, 12, ELLIGIBLE
Total Faults, 31, Elligible Total, 26, DiagTot, 9, Elligible DiagTot, 4, FailTot, 0, MemoryTot, 22, %Memory,0.846154, %Failure,0
Time: 10076, Behaviour: 1, Fault: 1, n/a, 1 , DIAGNOSED ,Time Taken, 16, 
Time: 10692, Behaviour: 1, Fault: 3, n/a, 3 , DIAGNOSED ,Time Taken, 13, 
Time: 11384, Behaviour: 1, Fault: 3, 100, 3 , CLASSIFIED ,
Time: 12042, Behaviour: 1, Fault: 3, 100, 100, 3 , CLASSIFIED ,
Time: 12667, Behaviour: 1, Fault: 3, 99.3174, 99.3174, 99.3174, 3 , CLASSIFIED ,
Time: 14064, Behaviour: 1, Fault: 6, n/a, 3 , DIAGNOSED ,Time Taken, 161, 
Time: 14827, Behaviour: 1, Fault: 4, n/a, 4 , DIAGNOSED ,Time Taken, 116, 
Time: 15543, Behaviour: 3, Fault: 2, n/a, 2 , DIAGNOSED ,Time Taken, 12, 
Time: 16155, Behaviour: 3, Fault: 2, 82.0489, 2 , CLASSIFIED ,
Time: 16839, Behaviour: 3, Fault: 1, n/a, 1 , DIAGNOSED ,Time Taken, 16, ELLIGIBLE
Time: 17471, Behaviour: 3, Fault: 4, n/a, 4 , DIAGNOSED ,Time Taken, 116, ELLIGIBLE
Time: 18309, Behaviour: 3, Fault: 4, 91.685, 4 , CLASSIFIED ,
Time: 19031, Behaviour: 3, Fault: 1, n/a, 1 , DIAGNOSED ,Time Taken, 16, ELLIGIBLE
Time: 19649, Behaviour: 3, Fault: 1, n/a, 1 , DIAGNOSED ,Time Taken, 12, ELLIGIBLE
Time: 20261, Behaviour: 3, Fault: 3, 94.9976, 3 , CLASSIFIED ,
Time: 21349, Behaviour: 3, Fault: 6, 75.8315, 75.8315, 75.8315, 3 , CLASSIFIED ,
Time: 21953, Behaviour: 3, Fault: 4, 79.369, 4 , CLASSIFIED ,
Time: 22554, Behaviour: 3, Fault: 3, 92.1577, 92.1577, 92.1577, 3 , CLASSIFIED ,
Time: 23156, Behaviour: 3, Fault: 2, 71.6578, 2 , CLASSIFIED ,
Time: 23758, Behaviour: 3, Fault: 2, 88.1165, 2 , CLASSIFIED ,
Time: 24360, Behaviour: 3, Fault: 2, 94.0837, 2 , CLASSIFIED ,
Time: 26030, Behaviour: 1, Fault: 6, 69.9394, 3 , CLASSIFIED ,
Time: 26882, Behaviour: 1, Fault: 2, 90.4534, 2 , CLASSIFIED ,
Time: 27484, Behaviour: 1, Fault: 2, 98.9247, 2 , CLASSIFIED ,
Time: 28211, Behaviour: 1, Fault: 2, 100, 2 , CLASSIFIED ,
Time: 28815, Behaviour: 1, Fault: 5, n/a, 5 , DIAGNOSED ,Time Taken, 165, 
Time: 29582, Behaviour: 1, Fault: 5, 99.6672, 5 , CLASSIFIED ,
Time: 30404, Behaviour: 2, Fault: 6, 93.9577, 3 , CLASSIFIED ,
Time: 31006, Behaviour: 2, Fault: 2, 88.6733, 2 , CLASSIFIED ,
Time: 31711, Behaviour: 2, Fault: 4, 80.9981, 4 , CLASSIFIED ,
Time: 32313, Behaviour: 2, Fault: 2, 91.1154, 2 , CLASSIFIED ,
Time: 33215, Behaviour: 2, Fault: 4, 99.8128, 4 , CLASSIFIED ,
Time: 33958, Behaviour: 2, Fault: 4, 99.6262, 4 , CLASSIFIED ,
Time: 34563, Behaviour: 2, Fault: 3, 83.7326, 3 , CLASSIFIED ,
Time: 35367, Behaviour: 3, Fault: 4, 99.4401, 4 , CLASSIFIED ,
Total Faults, 35, Elligible Total, 29, DiagTot, 10, Elligible DiagTot, 4, FailTot, 0, MemoryTot, 25, %Memory,0.862069, %Failure,0
Time: 648, Behaviour: 2, Fault: 1, n/a, 1 , DIAGNOSED ,Time Taken, 46, 
Time: 2504, Behaviour: 2, Fault: 1, n/a, 1 , DIAGNOSED ,Time Taken, 12, ELLIGIBLE
Time: 3129, Behaviour: 2, Fault: 6, n/a, 3 , DIAGNOSED ,Time Taken, 13, 
Time: 3937, Behaviour: 2, Fault: 4, n/a, 4 , DIAGNOSED ,Time Taken, 331, 
Time: 4870, Behaviour: 2, Fault: 4, 98.5034, 4 , CLASSIFIED ,
Time: 6103, Behaviour: 1, Fault: 5, n/a, 5 , DIAGNOSED ,Time Taken, 239, 
Time: 7005, Behaviour: 1, Fault: 1, n/a, 1 , DIAGNOSED ,Time Taken, 20, ELLIGIBLE
Time: 7929, Behaviour: 1, Fault: 5, 97.6688, 5 , CLASSIFIED ,
Time: 8626, Behaviour: 1, Fault: 5, 100, 5 , CLASSIFIED ,
Time: 9249, Behaviour: 1, Fault: 1, 99.7783, 1 , CLASSIFIED ,
Time: 9852, Behaviour: 1, Fault: 2, n/a, 2 , DIAGNOSED ,Time Taken, 11, 
Time: 10465, Behaviour: 1, Fault: 5, 100, 100, 5 , CLASSIFIED ,
Time: 11202, Behaviour: 1, Fault: 6, 99.6571, 3 , CLASSIFIED ,
Time: 13168, Behaviour: 1, Fault: 5, 99.8335, 99.8335, 99.8335, 5 , CLASSIFIED ,
Time: 14141, Behaviour: 1, Fault: 6, 100, 3 , CLASSIFIED ,
Time: 14744, Behaviour: 1, Fault: 2, 100, 2 , CLASSIFIED ,
Time: 15346, Behaviour: 3, Fault: 3, 99.6579, 99.6579, 3 , CLASSIFIED ,
Time: 15957, Behaviour: 3, Fault: 3, 99.8288, 3 , CLASSIFIED ,
Time: 16560, Behaviour: 3, Fault: 2, 73.6601, 73.6601, 2 , CLASSIFIED ,
Time: 17162, Behaviour: 3, Fault: 2, 91.8595, 2 , CLASSIFIED ,
Time: 17765, Behaviour: 3, Fault: 2, 98.9285, 98.9285, 2 , CLASSIFIED ,
Time: 18491, Behaviour: 3, Fault: 1, n/a, 1 , DIAGNOSED ,Time Taken, 12, ELLIGIBLE
Time: 19154, Behaviour: 3, Fault: 4, 70.1239, 4 , CLASSIFIED ,
Time: 19756, Behaviour: 3, Fault: 3, 100, 100, 3 , CLASSIFIED ,
Time: 20757, Behaviour: 3, Fault: 1, 87.1511, 1 , CLASSIFIED ,
Time: 21715, Behaviour: 3, Fault: 1, 68.3086, 1 , CLASSIFIED ,
Time: 22992, Behaviour: 3, Fault: 6, 93.2559, 3 , CLASSIFIED ,
Time: 23635, Behaviour: 3, Fault: 6, n/a, 3 , DIAGNOSED ,Time Taken, 313, ELLIGIBLE
Time: 25521, Behaviour: 1, Fault: 1, n/a, 1 , DIAGNOSED ,Time Taken, 12, ELLIGIBLE
Time: 26234, Behaviour: 1, Fault: 6, 96.485, 3 , CLASSIFIED ,
Time: 27092, Behaviour: 1, Fault: 6, 75.2029, 3 , CLASSIFIED ,
Time: 27902, Behaviour: 1, Fault: 3, 83.666, 83.666, 3 , CLASSIFIED ,
Time: 28506, Behaviour: 1, Fault: 4, 70.8286, FAILURE 3, 70.8286, FAILURE 3, n/a, 4 , DIAGNOSED ,Time Taken, 734, ELLIGIBLE
Time: 29842, Behaviour: 1, Fault: 4, 99.8335, 4 , CLASSIFIED ,
Time: 30444, Behaviour: 2, Fault: 2, 96.4269, 2 , CLASSIFIED ,
Time: 31056, Behaviour: 2, Fault: 4, 95.4864, 4 , CLASSIFIED ,
Time: 31657, Behaviour: 2, Fault: 3, 95.3127, 3 , CLASSIFIED ,
Time: 32544, Behaviour: 2, Fault: 6, 93.9359, 3 , CLASSIFIED ,
Time: 33146, Behaviour: 2, Fault: 6, 98.6361, 3 , CLASSIFIED ,
Time: 33750, Behaviour: 2, Fault: 4, 100, 4 , CLASSIFIED ,
Time: 34683, Behaviour: 2, Fault: 6, 88.9167, 3 , CLASSIFIED ,
Time: 35301, Behaviour: 3, Fault: 4, 83.666, 4 , CLASSIFIED ,
Time: 35903, Behaviour: 3, Fault: 3, 86.4275, 3 , CLASSIFIED ,
Total Faults, 43, Elligible Total, 38, DiagTot, 9, Elligible DiagTot, 4, FailTot, 2, MemoryTot, 32, %Memory,0.842105, %Failure,0.0588235
Time: 873, Behaviour: 2, Fault: 1, n/a, 1 , DIAGNOSED ,Time Taken, 12, 
Time: 1485, Behaviour: 2, Fault: 2, n/a, 2 , DIAGNOSED ,Time Taken, 26, 
Time: 2111, Behaviour: 2, Fault: 2, 74.0113, 2 , CLASSIFIED ,
Time: 2782, Behaviour: 2, Fault: 6, n/a, 3 , DIAGNOSED ,Time Taken, 13, 
Time: 3395, Behaviour: 2, Fault: 2, 93.6192, 2 , CLASSIFIED ,
Time: 3998, Behaviour: 2, Fault: 4, n/a, 4 , DIAGNOSED ,Time Taken, 116, 
Time: 5283, Behaviour: 1, Fault: 6, n/a, 3 , DIAGNOSED ,Time Taken, 88, ELLIGIBLE
Time: 6336, Behaviour: 1, Fault: 6, 70.6758, 3 , CLASSIFIED ,
Time: 7044, Behaviour: 1, Fault: 5, n/a, 5 , DIAGNOSED ,Time Taken, 236, 
Time: 7882, Behaviour: 1, Fault: 4, 99.6672, 5 , CLASSIFIED ,
Time: 8483, Behaviour: 1, Fault: 3, 91.8764, 3 , CLASSIFIED ,
Time: 9242, Behaviour: 1, Fault: 3, 95.6694, 3 , CLASSIFIED ,
Time: 10600, Behaviour: 1, Fault: 2, 98.9247, 2 , CLASSIFIED ,
Time: 11262, Behaviour: 1, Fault: 1, 68.3369, 1 , CLASSIFIED ,
Time: 11866, Behaviour: 1, Fault: 5, 99.6672, 5 , CLASSIFIED ,
Time: 12467, Behaviour: 1, Fault: 3, 100, 3 , CLASSIFIED ,
Time: 13072, Behaviour: 1, Fault: 4, 99.8335, 5 , CLASSIFIED ,
Time: 13674, Behaviour: 1, Fault: 3, 89.1058, 3 , CLASSIFIED ,
Time: 25807, Behaviour: 1, Fault: 1, 100, 1 , CLASSIFIED ,
Time: 26411, Behaviour: 1, Fault: 5, 99.3355, 5 , CLASSIFIED ,
Time: 27131, Behaviour: 1, Fault: 5, 98.6716, 5 , CLASSIFIED ,
Time: 27733, Behaviour: 1, Fault: 2, 79.7724, 2 , CLASSIFIED ,
Time: 28767, Behaviour: 1, Fault: 2, 100, 2 , CLASSIFIED ,
Time: 31019, Behaviour: 2, Fault: 4, 93.6455, 4 , CLASSIFIED ,
Time: 31620, Behaviour: 2, Fault: 2, 96.3656, 96.3656, 2 , CLASSIFIED ,
Time: 32328, Behaviour: 2, Fault: 4, 76.6943, 4 , CLASSIFIED ,
Time: 32929, Behaviour: 2, Fault: 3, 99.486, 99.486, 3 , CLASSIFIED ,
Time: 33552, Behaviour: 2, Fault: 1, n/a, 1 , DIAGNOSED ,Time Taken, 12, ELLIGIBLE
Time: 34847, Behaviour: 2, Fault: 4, 88.9358, 4 , CLASSIFIED ,
Time: 35475, Behaviour: 3, Fault: 4, 98.6931, 4 , CLASSIFIED ,
Total Faults, 30, Elligible Total, 25, DiagTot, 7, Elligible DiagTot, 2, FailTot, 0, MemoryTot, 23, %Memory,0.92, %Failure,0
Time: 758, Behaviour: 2, Fault: 1, n/a, 1 , DIAGNOSED ,Time Taken, 12, 
Time: 5429, Behaviour: 1, Fault: 1, n/a, 1 , DIAGNOSED ,Time Taken, 12, ELLIGIBLE
Time: 6043, Behaviour: 1, Fault: 5, n/a, 5 , DIAGNOSED ,Time Taken, 165, 
Time: 8312, Behaviour: 1, Fault: 1, n/a, 1 , DIAGNOSED ,Time Taken, 12, ELLIGIBLE
Time: 8924, Behaviour: 1, Fault: 6, 71.4286, FAILURE 1, n/a, 3 , DIAGNOSED ,Time Taken, 13, 
Time: 10187, Behaviour: 1, Fault: 4, n/a, 4 , DIAGNOSED ,Time Taken, 116, 
Time: 10903, Behaviour: 1, Fault: 1, n/a, 1 , DIAGNOSED ,Time Taken, 12, ELLIGIBLE
Time: 11772, Behaviour: 1, Fault: 4, 99.6667, 5 , CLASSIFIED ,
Time: 12375, Behaviour: 1, Fault: 4, 99.8335, 99.8335, 5 , CLASSIFIED ,
Time: 13108, Behaviour: 1, Fault: 1, 84.5154, 1 , CLASSIFIED ,
Time: 13712, Behaviour: 1, Fault: 5, 99.5012, 5 , CLASSIFIED ,
Time: 14313, Behaviour: 1, Fault: 3, 100, 3 , CLASSIFIED ,
Time: 14957, Behaviour: 1, Fault: 1, 99.7783, 1 , CLASSIFIED ,
Time: 15560, Behaviour: 3, Fault: 3, 99.8288, 99.8288, 3 , CLASSIFIED ,
Time: 16171, Behaviour: 3, Fault: 4, 98.6959, 4 , CLASSIFIED ,
Time: 17194, Behaviour: 3, Fault: 4, 70.7107, 4 , CLASSIFIED ,
Time: 18092, Behaviour: 3, Fault: 4, 97.0049, 4 , CLASSIFIED ,
Time: 19527, Behaviour: 3, Fault: 1, n/a, 1 , DIAGNOSED ,Time Taken, 12, ELLIGIBLE
Time: 20139, Behaviour: 3, Fault: 2, n/a, 2 , DIAGNOSED ,Time Taken, 19, 
Time: 21130, Behaviour: 3, Fault: 6, 81.6257, 3 , CLASSIFIED ,
Time: 21755, Behaviour: 3, Fault: 1, 78.2289, 1 , CLASSIFIED ,
Time: 22357, Behaviour: 3, Fault: 2, 79.7309, 2 , CLASSIFIED ,
Time: 23020, Behaviour: 3, Fault: 6, 91.0313, 3 , CLASSIFIED ,
Time: 23624, Behaviour: 3, Fault: 1, 98.3072, 1 , CLASSIFIED ,
Time: 24226, Behaviour: 3, Fault: 6, 99.4875, 3 , CLASSIFIED ,
Time: 24856, Behaviour: 3, Fault: 1, 86.5029, 1 , CLASSIFIED ,
Time: 25459, Behaviour: 1, Fault: 2, 98.9285, 2 , CLASSIFIED ,
Time: 26061, Behaviour: 1, Fault: 3, 89.0103, 3 , CLASSIFIED ,
Time: 26663, Behaviour: 1, Fault: 2, 100, 2 , CLASSIFIED ,
Time: 27457, Behaviour: 1, Fault: 3, 68.313, 3 , CLASSIFIED ,
Time: 28059, Behaviour: 1, Fault: 3, 99.8288, 3 , CLASSIFIED ,
Time: 28661, Behaviour: 1, Fault: 2, 100, 100, 2 , CLASSIFIED ,
Time: 29264, Behaviour: 1, Fault: 3, 100, 3 , CLASSIFIED ,
Time: 30073, Behaviour: 2, Fault: 1, 71.4286, 71.4286, FAILURE 3, n/a, 1 , DIAGNOSED ,Time Taken, 12, ELLIGIBLE
Time: 30685, Behaviour: 2, Fault: 3, 99.486, 99.486, 3 , CLASSIFIED ,
Time: 31335, Behaviour: 2, Fault: 2, 87.7513, 2 , CLASSIFIED ,
Time: 31937, Behaviour: 2, Fault: 2, 89.1159, 2 , CLASSIFIED ,
Time: 32541, Behaviour: 2, Fault: 4, n/a, 4 , DIAGNOSED ,Time Taken, 116, ELLIGIBLE
Time: 33257, Behaviour: 2, Fault: 2, 94.0722, 2 , CLASSIFIED ,
Time: 34044, Behaviour: 2, Fault: 1, n/a, 1 , DIAGNOSED ,Time Taken, 23, ELLIGIBLE
Time: 34667, Behaviour: 2, Fault: 2, 96.3645, 96.3645, 96.3645, 2 , CLASSIFIED ,
Total Faults, 41, Elligible Total, 36, DiagTot, 10, Elligible DiagTot, 5, FailTot, 2, MemoryTot, 29, %Memory,0.805556, %Failure,0.0645161
Time: 5155, Behaviour: 1, Fault: 1, n/a, 1 , DIAGNOSED ,Time Taken, 12, 
Time: 5767, Behaviour: 1, Fault: 2, n/a, 2 , DIAGNOSED ,Time Taken, 11, 
Time: 6378, Behaviour: 1, Fault: 2, 99.4633, 2 , CLASSIFIED ,
Time: 6982, Behaviour: 1, Fault: 4, n/a, 4 , DIAGNOSED ,Time Taken, 116, 
Time: 9052, Behaviour: 1, Fault: 1, n/a, 1 , DIAGNOSED ,Time Taken, 12, ELLIGIBLE
Time: 9693, Behaviour: 1, Fault: 1, n/a, 1 , DIAGNOSED ,Time Taken, 47, ELLIGIBLE
Time: 10340, Behaviour: 1, Fault: 2, 87.4418, 2 , CLASSIFIED ,
Time: 11619, Behaviour: 1, Fault: 6, n/a, 3 , DIAGNOSED ,Time Taken, 13, 
Time: 12430, Behaviour: 1, Fault: 2, 99.4585, 2 , CLASSIFIED ,
Time: 13527, Behaviour: 1, Fault: 5, 100, 4 , CLASSIFIED ,
Time: 14130, Behaviour: 1, Fault: 5, 99.8335, 99.8335, 4 , CLASSIFIED ,
Time: 14742, Behaviour: 1, Fault: 1, 92.5722, 1 , CLASSIFIED ,
Time: 15802, Behaviour: 3, Fault: 4, n/a, 4 , DIAGNOSED ,Time Taken, 116, ELLIGIBLE
Time: 16518, Behaviour: 3, Fault: 1, 70.5781, 1 , CLASSIFIED ,
Time: 17121, Behaviour: 3, Fault: 1, 67.424, 1 , CLASSIFIED ,
Time: 19379, Behaviour: 3, Fault: 6, 89.9831, 3 , CLASSIFIED ,
Time: 22516, Behaviour: 3, Fault: 6, 73.8699, 3 , CLASSIFIED ,
Time: 23118, Behaviour: 3, Fault: 3, 87.431, 3 , CLASSIFIED ,
Time: 23720, Behaviour: 3, Fault: 3, 90.0636, 3 , CLASSIFIED ,
Time: 30686, Behaviour: 2, Fault: 4, 97.7583, 4 , CLASSIFIED ,
Time: 31287, Behaviour: 2, Fault: 2, 75.6603, 2 , CLASSIFIED ,
Time: 31889, Behaviour: 2, Fault: 2, 86.6519, 2 , CLASSIFIED ,
Time: 32726, Behaviour: 2, Fault: 4, 87.4487, 4 , CLASSIFIED ,
Time: 34727, Behaviour: 2, Fault: 1, n/a, 1 , DIAGNOSED ,Time Taken, 64, ELLIGIBLE
Total Faults, 24, Elligible Total, 20, DiagTot, 8, Elligible DiagTot, 4, FailTot, 0, MemoryTot, 16, %Memory,0.8, %Failure,0
