Time: 5155, Behaviour: 1, Fault: 1, n/a, 1 , DIAGNOSED ,Time Taken, 12, 
Time: 5767, Behaviour: 1, Fault: 2, n/a, 2 , DIAGNOSED ,Time Taken, 11, 
Time: 6378, Behaviour: 1, Fault: 2, 99.4633, 2 , CLASSIFIED ,
Time: 6982, Behaviour: 1, Fault: 4, n/a, 4 , DIAGNOSED ,Time Taken, 116, 
Time: 9052, Behaviour: 1, Fault: 1, n/a, 1 , DIAGNOSED ,Time Taken, 12, ELLIGIBLE
Time: 9693, Behaviour: 1, Fault: 1, n/a, 1 , DIAGNOSED ,Time Taken, 47, ELLIGIBLE
Time: 10340, Behaviour: 1, Fault: 2, 87.4418, 2 , CLASSIFIED ,
Time: 11619, Behaviour: 1, Fault: 6, n/a, 3 , DIAGNOSED ,Time Taken, 13, 
Time: 12430, Behaviour: 1, Fault: 2, 99.4585, 2 , CLASSIFIED ,
Time: 13527, Behaviour: 1, Fault: 5, 100, 4 , CLASSIFIED ,
Time: 14130, Behaviour: 1, Fault: 5, 99.8335, 99.8335, 4 , CLASSIFIED ,
Time: 14742, Behaviour: 1, Fault: 1, 92.5722, 1 , CLASSIFIED ,
Time: 15802, Behaviour: 3, Fault: 4, n/a, 4 , DIAGNOSED ,Time Taken, 116, ELLIGIBLE
Time: 16518, Behaviour: 3, Fault: 1, 70.5781, 1 , CLASSIFIED ,
Time: 17121, Behaviour: 3, Fault: 1, 67.424, 1 , CLASSIFIED ,
Time: 19379, Behaviour: 3, Fault: 6, 89.9831, 3 , CLASSIFIED ,
Time: 22516, Behaviour: 3, Fault: 6, 73.8699, 3 , CLASSIFIED ,
Time: 23118, Behaviour: 3, Fault: 3, 87.431, 3 , CLASSIFIED ,
Time: 23720, Behaviour: 3, Fault: 3, 90.0636, 3 , CLASSIFIED ,
Time: 30686, Behaviour: 2, Fault: 4, 97.7583, 4 , CLASSIFIED ,
Time: 31287, Behaviour: 2, Fault: 2, 75.6603, 2 , CLASSIFIED ,
Time: 31889, Behaviour: 2, Fault: 2, 86.6519, 2 , CLASSIFIED ,
Time: 32726, Behaviour: 2, Fault: 4, 87.4487, 4 , CLASSIFIED ,
Time: 34727, Behaviour: 2, Fault: 1, n/a, 1 , DIAGNOSED ,Time Taken, 64, ELLIGIBLE
Total Faults, 24, Elligible Total, 20, DiagTot, 8, Elligible DiagTot, 4, FailTot, 0, MemoryTot, 16, %Memory,0.8, %Failure,0
Time: 1587, Behaviour: 2, Fault: 1, n/a, 1 , DIAGNOSED ,Time Taken, 12, 
Time: 2691, Behaviour: 2, Fault: 6, n/a, 3 , DIAGNOSED ,Time Taken, 13, 
Time: 3304, Behaviour: 2, Fault: 2, n/a, 2 , DIAGNOSED ,Time Taken, 12, 
Time: 4400, Behaviour: 2, Fault: 1, 82.915, 1 , CLASSIFIED ,
Time: 5002, Behaviour: 1, Fault: 2, 72.0837, 2 , CLASSIFIED ,
Time: 5604, Behaviour: 1, Fault: 3, n/a, 3 , DIAGNOSED ,Time Taken, 75, 
Time: 6279, Behaviour: 1, Fault: 4, n/a, 4 , DIAGNOSED ,Time Taken, 116, 
Time: 6995, Behaviour: 1, Fault: 3, 75.8565, 3 , CLASSIFIED ,
Time: 7597, Behaviour: 1, Fault: 6, 86.636, 3 , CLASSIFIED ,
Time: 8201, Behaviour: 1, Fault: 4, n/a, 4 , DIAGNOSED ,Time Taken, 116, ELLIGIBLE
Time: 8919, Behaviour: 1, Fault: 5, 97.501, 4 , CLASSIFIED ,
Time: 10445, Behaviour: 1, Fault: 5, 99.1679, 4 , CLASSIFIED ,
Time: 11396, Behaviour: 1, Fault: 6, 99.3174, 3 , CLASSIFIED ,
Time: 12094, Behaviour: 1, Fault: 2, 98.9285, 2 , CLASSIFIED ,
Time: 13105, Behaviour: 1, Fault: 1, n/a, 1 , DIAGNOSED ,Time Taken, 58, ELLIGIBLE
Time: 13763, Behaviour: 1, Fault: 4, 72.5625, 4 , CLASSIFIED ,
Time: 14403, Behaviour: 1, Fault: 6, 93.3044, 3 , CLASSIFIED ,
Time: 15549, Behaviour: 3, Fault: 6, 93.8858, 3 , CLASSIFIED ,
Time: 16151, Behaviour: 3, Fault: 3, 91.9657, 3 , CLASSIFIED ,
Time: 17052, Behaviour: 3, Fault: 1, 97.6933, 1 , CLASSIFIED ,
Time: 17689, Behaviour: 3, Fault: 4, n/a, 4 , DIAGNOSED ,Time Taken, 116, ELLIGIBLE
Time: 18839, Behaviour: 3, Fault: 6, 93.3234, 3 , CLASSIFIED ,
Time: 19441, Behaviour: 3, Fault: 2, 92.2936, 2 , CLASSIFIED ,
Time: 20044, Behaviour: 3, Fault: 3, 100, 3 , CLASSIFIED ,
Time: 20646, Behaviour: 3, Fault: 3, 94.4987, 3 , CLASSIFIED ,
Time: 21584, Behaviour: 3, Fault: 6, 86.043, 3 , CLASSIFIED ,
Time: 22186, Behaviour: 3, Fault: 2, 76.6194, 2 , CLASSIFIED ,
Time: 22788, Behaviour: 3, Fault: 2, 91.1332, 2 , CLASSIFIED ,
Time: 23390, Behaviour: 3, Fault: 2, 93.2573, 2 , CLASSIFIED ,
Time: 24165, Behaviour: 3, Fault: 4, 83.4423, 4 , CLASSIFIED ,
Time: 24766, Behaviour: 3, Fault: 2, 88.9663, 2 , CLASSIFIED ,
Time: 25368, Behaviour: 1, Fault: 2, 95.781, 2 , CLASSIFIED ,
Time: 25970, Behaviour: 1, Fault: 3, 84.2179, 3 , CLASSIFIED ,
Time: 26712, Behaviour: 1, Fault: 3, 96.1567, 3 , CLASSIFIED ,
Time: 27377, Behaviour: 1, Fault: 1, n/a, 1 , DIAGNOSED ,Time Taken, 13, ELLIGIBLE
Time: 27990, Behaviour: 1, Fault: 3, 100, 3 , CLASSIFIED ,
Time: 28790, Behaviour: 1, Fault: 5, 67.727, FAILURE 3, n/a, 5 , DIAGNOSED ,Time Taken, 164, ELLIGIBLE
Time: 29556, Behaviour: 1, Fault: 5, 99.6672, 5 , CLASSIFIED ,
Time: 30157, Behaviour: 2, Fault: 3, 91.185, 3 , CLASSIFIED ,
Time: 30760, Behaviour: 2, Fault: 2, 92.2936, 2 , CLASSIFIED ,
Time: 31693, Behaviour: 2, Fault: 1, n/a, 1 , DIAGNOSED ,Time Taken, 12, ELLIGIBLE
Time: 32305, Behaviour: 2, Fault: 2, 91.4036, 2 , CLASSIFIED ,
Time: 32907, Behaviour: 2, Fault: 2, 94.5604, 2 , CLASSIFIED ,
Time: 33509, Behaviour: 2, Fault: 2, 95.1064, 2 , CLASSIFIED ,
Time: 34130, Behaviour: 2, Fault: 4, 84.8619, 4 , CLASSIFIED ,
Time: 34802, Behaviour: 2, Fault: 6, n/a, 6 , DIAGNOSED ,Time Taken, 536, ELLIGIBLE
Total Faults, 46, Elligible Total, 41, DiagTot, 11, Elligible DiagTot, 6, FailTot, 1, MemoryTot, 34, %Memory,0.829268, %Failure,0.0285714
Time: 654, Behaviour: 2, Fault: 1, n/a, 1 , DIAGNOSED ,Time Taken, 12, 
Time: 2094, Behaviour: 2, Fault: 6, n/a, 3 , DIAGNOSED ,Time Taken, 13, 
Time: 3129, Behaviour: 2, Fault: 6, 70.4778, 3 , CLASSIFIED ,
Time: 3731, Behaviour: 2, Fault: 4, n/a, 4 , DIAGNOSED ,Time Taken, 116, 
Time: 4582, Behaviour: 2, Fault: 1, 99.5565, 1 , CLASSIFIED ,
Time: 5250, Behaviour: 1, Fault: 6, 67.9328, 3 , CLASSIFIED ,
Time: 6120, Behaviour: 1, Fault: 5, n/a, 5 , DIAGNOSED ,Time Taken, 507, 
Time: 7227, Behaviour: 1, Fault: 3, n/a, 3 , DIAGNOSED ,Time Taken, 13, 
Time: 7855, Behaviour: 1, Fault: 1, 70.8656, FAILURE 3, n/a, 1 , DIAGNOSED ,Time Taken, 12, ELLIGIBLE
Time: 9227, Behaviour: 1, Fault: 1, n/a, 1 , DIAGNOSED ,Time Taken, 12, ELLIGIBLE
Time: 10071, Behaviour: 1, Fault: 5, 99.1668, 5 , CLASSIFIED ,
Time: 10673, Behaviour: 1, Fault: 2, n/a, 2 , DIAGNOSED ,Time Taken, 11, 
Time: 11311, Behaviour: 1, Fault: 1, 100, 1 , CLASSIFIED ,
Time: 11915, Behaviour: 1, Fault: 4, 99.6672, 5 , CLASSIFIED ,
Time: 13146, Behaviour: 1, Fault: 6, n/a, 6 , DIAGNOSED ,Time Taken, 617, ELLIGIBLE
Time: 14781, Behaviour: 1, Fault: 6, 68.6802, 3 , CLASSIFIED ,
Time: 15383, Behaviour: 3, Fault: 3, 78.3716, 3 , CLASSIFIED ,
Time: 16448, Behaviour: 3, Fault: 4, 77.2588, 4 , CLASSIFIED ,
Time: 17050, Behaviour: 3, Fault: 3, 95.8033, 3 , CLASSIFIED ,
Time: 17652, Behaviour: 3, Fault: 3, 90.4588, 3 , CLASSIFIED ,
Time: 19086, Behaviour: 3, Fault: 6, 92.0539, 3 , CLASSIFIED ,
Time: 19688, Behaviour: 3, Fault: 3, 100, 3 , CLASSIFIED ,
Time: 21778, Behaviour: 3, Fault: 6, 79.9957, 3 , CLASSIFIED ,
Time: 22549, Behaviour: 3, Fault: 1, 87.8934, 1 , CLASSIFIED ,
Time: 23261, Behaviour: 3, Fault: 6, n/a, 3 , DIAGNOSED ,Time Taken, 13, ELLIGIBLE
Time: 23874, Behaviour: 3, Fault: 2, 85.4864, 2 , CLASSIFIED ,
Time: 24934, Behaviour: 3, Fault: 4, 88.4337, 4 , CLASSIFIED ,
Time: 26034, Behaviour: 1, Fault: 1, 81.0546, 1 , CLASSIFIED ,
Time: 26663, Behaviour: 1, Fault: 2, 77.9745, 2 , CLASSIFIED ,
Time: 27519, Behaviour: 1, Fault: 3, 99.486, 3 , CLASSIFIED ,
Time: 28121, Behaviour: 1, Fault: 3, 92.5003, 3 , CLASSIFIED ,
Time: 28759, Behaviour: 1, Fault: 2, 97.8796, 2 , CLASSIFIED ,
Time: 30294, Behaviour: 2, Fault: 6, 90.4762, 3 , CLASSIFIED ,
Time: 30896, Behaviour: 2, Fault: 3, 96.833, 3 , CLASSIFIED ,
Total Faults, 34, Elligible Total, 28, DiagTot, 9, Elligible DiagTot, 3, FailTot, 1, MemoryTot, 24, %Memory,0.857143, %Failure,0.04
Time: 620, Behaviour: 2, Fault: 1, n/a, 1 , DIAGNOSED ,Time Taken, 12, 
Time: 1232, Behaviour: 2, Fault: 2, n/a, 2 , DIAGNOSED ,Time Taken, 16, 
Time: 2346, Behaviour: 2, Fault: 6, n/a, 3 , DIAGNOSED ,Time Taken, 48, 
Time: 2996, Behaviour: 2, Fault: 4, n/a, 4 , DIAGNOSED ,Time Taken, 207, 
Time: 3803, Behaviour: 2, Fault: 3, n/a, 3 , DIAGNOSED ,Time Taken, 13, 
Time: 4416, Behaviour: 2, Fault: 3, 78.7388, 3 , CLASSIFIED ,
Time: 5020, Behaviour: 1, Fault: 4, n/a, 4 , DIAGNOSED ,Time Taken, 116, ELLIGIBLE
Time: 5738, Behaviour: 1, Fault: 4, n/a, 4 , DIAGNOSED ,Time Taken, 121, ELLIGIBLE
Time: 7601, Behaviour: 1, Fault: 5, 99.005, 4 , CLASSIFIED ,
Time: 8381, Behaviour: 1, Fault: 1, n/a, 1 , DIAGNOSED ,Time Taken, 12, ELLIGIBLE
Time: 9045, Behaviour: 1, Fault: 4, 99.8335, 4 , CLASSIFIED ,
Time: 9647, Behaviour: 1, Fault: 6, 96.306, 3 , CLASSIFIED ,
Time: 10578, Behaviour: 1, Fault: 6, n/a, 3 , DIAGNOSED ,Time Taken, 13, ELLIGIBLE
Time: 11438, Behaviour: 1, Fault: 4, 100, 4 , CLASSIFIED ,
Time: 12040, Behaviour: 1, Fault: 2, 76.0045, 2 , CLASSIFIED ,
Time: 12686, Behaviour: 1, Fault: 4, 66.3781, 4 , CLASSIFIED ,
Time: 13289, Behaviour: 1, Fault: 4, 100, 100, 4 , CLASSIFIED ,
Time: 13936, Behaviour: 1, Fault: 4, 90.1063, 4 , CLASSIFIED ,
Time: 14571, Behaviour: 1, Fault: 4, 100, 100, 100, 4 , CLASSIFIED ,
Time: 15172, Behaviour: 3, Fault: 2, 87.4418, 2 , CLASSIFIED ,
Time: 18238, Behaviour: 3, Fault: 6, 68.8985, 3 , CLASSIFIED ,
Time: 18840, Behaviour: 3, Fault: 3, 83.7478, 3 , CLASSIFIED ,
Time: 19442, Behaviour: 3, Fault: 2, 97.3688, 2 , CLASSIFIED ,
Time: 20044, Behaviour: 3, Fault: 3, 86.4044, 3 , CLASSIFIED ,
Time: 20646, Behaviour: 3, Fault: 3, 93.8627, 3 , CLASSIFIED ,
Time: 23247, Behaviour: 3, Fault: 6, 85.1428, 3 , CLASSIFIED ,
Time: 23849, Behaviour: 3, Fault: 3, 99.8288, 3 , CLASSIFIED ,
Time: 25253, Behaviour: 1, Fault: 1, n/a, 1 , DIAGNOSED ,Time Taken, 12, ELLIGIBLE
Time: 25865, Behaviour: 1, Fault: 3, 92.4723, 3 , CLASSIFIED ,
Time: 26763, Behaviour: 1, Fault: 3, 100, 3 , CLASSIFIED ,
Time: 27368, Behaviour: 1, Fault: 5, 99.6672, 99.6672, 99.6672, 4 , CLASSIFIED ,
Time: 27972, Behaviour: 1, Fault: 6, 83.9671, 3 , CLASSIFIED ,
Time: 28727, Behaviour: 1, Fault: 5, 99.5012, 99.5012, 4 , CLASSIFIED ,
Time: 29613, Behaviour: 1, Fault: 4, 100, 100, 4 , CLASSIFIED ,
Time: 30253, Behaviour: 2, Fault: 1, 99.5565, 1 , CLASSIFIED ,
Time: 30865, Behaviour: 2, Fault: 4, 77.7543, 4 , CLASSIFIED ,
Time: 35357, Behaviour: 3, Fault: 1, 99.5565, 1 , CLASSIFIED ,
Total Faults, 37, Elligible Total, 32, DiagTot, 10, Elligible DiagTot, 5, FailTot, 0, MemoryTot, 27, %Memory,0.84375, %Failure,0
Time: 971, Behaviour: 2, Fault: 1, n/a, 1 , DIAGNOSED ,Time Taken, 12, 
Time: 1583, Behaviour: 2, Fault: 2, n/a, 2 , DIAGNOSED ,Time Taken, 13, 
Time: 2684, Behaviour: 2, Fault: 6, n/a, 3 , DIAGNOSED ,Time Taken, 13, 
Time: 3297, Behaviour: 2, Fault: 6, 83.1822, 3 , CLASSIFIED ,
Time: 3899, Behaviour: 2, Fault: 2, 93.8014, 2 , CLASSIFIED ,
Time: 4720, Behaviour: 2, Fault: 6, 93.67, 3 , CLASSIFIED ,
Time: 5513, Behaviour: 1, Fault: 5, n/a, 5 , DIAGNOSED ,Time Taken, 165, 
Time: 6450, Behaviour: 1, Fault: 2, 69.2999, 2 , CLASSIFIED ,
Time: 7055, Behaviour: 1, Fault: 5, 98.8367, 5 , CLASSIFIED ,
Time: 7656, Behaviour: 1, Fault: 3, n/a, 3 , DIAGNOSED ,Time Taken, 14, 
Time: 8640, Behaviour: 1, Fault: 2, 100, 2 , CLASSIFIED ,
Time: 9389, Behaviour: 1, Fault: 4, 99.8335, 5 , CLASSIFIED ,
Time: 10439, Behaviour: 1, Fault: 5, 99.8335, 5 , CLASSIFIED ,
Time: 11326, Behaviour: 1, Fault: 3, 78.0865, 3 , CLASSIFIED ,
Time: 11929, Behaviour: 1, Fault: 3, 93.7666, 3 , CLASSIFIED ,
Time: 12531, Behaviour: 1, Fault: 2, 98.9247, 98.9247, 2 , CLASSIFIED ,
Time: 13169, Behaviour: 1, Fault: 3, 89.2212, 3 , CLASSIFIED ,
Time: 13833, Behaviour: 1, Fault: 1, n/a, 1 , DIAGNOSED ,Time Taken, 12, ELLIGIBLE
Time: 14445, Behaviour: 1, Fault: 3, 98.4638, 3 , CLASSIFIED ,
Time: 19484, Behaviour: 3, Fault: 1, 68.0749, 1 , CLASSIFIED ,
Time: 20087, Behaviour: 3, Fault: 2, 100, 2 , CLASSIFIED ,
Time: 20689, Behaviour: 3, Fault: 1, 68.6373, FAILURE 5, n/a, 1 , DIAGNOSED ,Time Taken, 12, ELLIGIBLE
Time: 21583, Behaviour: 3, Fault: 1, 66.1082, 1 , CLASSIFIED ,
Time: 22192, Behaviour: 3, Fault: 6, 92.816, 3 , CLASSIFIED ,
Time: 22794, Behaviour: 3, Fault: 3, 84.6248, 3 , CLASSIFIED ,
Time: 23816, Behaviour: 3, Fault: 1, 99.5565, 1 , CLASSIFIED ,
Time: 24877, Behaviour: 3, Fault: 1, 99.7783, 99.7783, 1 , CLASSIFIED ,
Time: 26072, Behaviour: 1, Fault: 5, 99.8335, 5 , CLASSIFIED ,
Time: 26833, Behaviour: 1, Fault: 1, 98.0196, 1 , CLASSIFIED ,
Time: 27679, Behaviour: 1, Fault: 1, n/a, 1 , DIAGNOSED ,Time Taken, 13, ELLIGIBLE
Time: 28294, Behaviour: 1, Fault: 4, 99.6667, 99.6667, 5 , CLASSIFIED ,
Total Faults, 31, Elligible Total, 26, DiagTot, 7, Elligible DiagTot, 2, FailTot, 1, MemoryTot, 23, %Memory,0.884615, %Failure,0.0416667
Time: 1127, Behaviour: 2, Fault: 1, n/a, 1 , DIAGNOSED ,Time Taken, 12, 
Time: 1751, Behaviour: 2, Fault: 4, n/a, 4 , DIAGNOSED ,Time Taken, 219, 
Time: 2572, Behaviour: 2, Fault: 4, 98.3158, 4 , CLASSIFIED ,
Time: 3385, Behaviour: 2, Fault: 1, 99.7783, 1 , CLASSIFIED ,
Time: 3987, Behaviour: 2, Fault: 2, n/a, 2 , DIAGNOSED ,Time Taken, 11, 
Time: 4598, Behaviour: 2, Fault: 3, n/a, 3 , DIAGNOSED ,Time Taken, 13, 
Time: 6529, Behaviour: 1, Fault: 6, 69.6505, 3 , CLASSIFIED ,
Time: 7943, Behaviour: 1, Fault: 6, 99.486, 3 , CLASSIFIED ,
Time: 8651, Behaviour: 1, Fault: 5, n/a, 5 , DIAGNOSED ,Time Taken, 165, 
Time: 10539, Behaviour: 1, Fault: 5, 99.3355, 5 , CLASSIFIED ,
Time: 11267, Behaviour: 1, Fault: 4, 99.3333, 5 , CLASSIFIED ,
Time: 11868, Behaviour: 1, Fault: 2, 83.9424, 2 , CLASSIFIED ,
Time: 12471, Behaviour: 1, Fault: 2, 81.2598, 2 , CLASSIFIED ,
Time: 14020, Behaviour: 1, Fault: 6, 100, 3 , CLASSIFIED ,
Time: 14623, Behaviour: 1, Fault: 2, 100, 2 , CLASSIFIED ,
Time: 15324, Behaviour: 3, Fault: 6, 88.8425, 3 , CLASSIFIED ,
Time: 15926, Behaviour: 3, Fault: 2, 99.4681, 99.4681, 2 , CLASSIFIED ,
Time: 16600, Behaviour: 3, Fault: 1, n/a, 1 , DIAGNOSED ,Time Taken, 13, ELLIGIBLE
Time: 17213, Behaviour: 3, Fault: 3, 99.8288, 99.8288, 3 , CLASSIFIED ,
Time: 17815, Behaviour: 3, Fault: 2, 98.938, 2 , CLASSIFIED ,
Time: 18597, Behaviour: 3, Fault: 6, n/a, 3 , DIAGNOSED ,Time Taken, 13, ELLIGIBLE
Time: 19210, Behaviour: 3, Fault: 3, 99.3174, 99.3174, 3 , CLASSIFIED ,
Time: 20072, Behaviour: 3, Fault: 6, 78.9286, 3 , CLASSIFIED ,
Time: 20675, Behaviour: 3, Fault: 2, 81.9604, 2 , CLASSIFIED ,
Time: 21277, Behaviour: 3, Fault: 3, 88.8552, 3 , CLASSIFIED ,
Time: 21885, Behaviour: 3, Fault: 4, n/a, 4 , DIAGNOSED ,Time Taken, 482, ELLIGIBLE
Time: 22967, Behaviour: 3, Fault: 2, 90.0235, 90.0235, 2 , CLASSIFIED ,
Time: 24076, Behaviour: 3, Fault: 6, 87.8255, 3 , CLASSIFIED ,
Time: 24678, Behaviour: 3, Fault: 2, 99.4633, 99.4633, 2 , CLASSIFIED ,
Time: 25503, Behaviour: 1, Fault: 5, n/a, 5 , DIAGNOSED ,Time Taken, 166, ELLIGIBLE
Time: 26315, Behaviour: 1, Fault: 4, 98.8346, 5 , CLASSIFIED ,
Time: 26916, Behaviour: 1, Fault: 2, 100, 2 , CLASSIFIED ,
Time: 27913, Behaviour: 1, Fault: 2, 99.4585, 2 , CLASSIFIED ,
Time: 28517, Behaviour: 1, Fault: 4, 100, 5 , CLASSIFIED ,
Time: 29335, Behaviour: 1, Fault: 6, 83.2326, 3 , CLASSIFIED ,
Time: 29937, Behaviour: 1, Fault: 2, 93.1903, 2 , CLASSIFIED ,
Time: 30688, Behaviour: 2, Fault: 4, 80.5167, 4 , CLASSIFIED ,
Time: 31527, Behaviour: 2, Fault: 6, 92.1567, 3 , CLASSIFIED ,
Time: 32129, Behaviour: 2, Fault: 2, 90.1138, 2 , CLASSIFIED ,
Time: 32760, Behaviour: 2, Fault: 2, 94.0722, 2 , CLASSIFIED ,
Time: 33515, Behaviour: 2, Fault: 6, n/a, 3 , DIAGNOSED ,Time Taken, 1175, ELLIGIBLE
Time: 35514, Behaviour: 3, Fault: 1, n/a, 1 , DIAGNOSED ,Time Taken, 12, ELLIGIBLE
Total Faults, 42, Elligible Total, 37, DiagTot, 11, Elligible DiagTot, 6, FailTot, 0, MemoryTot, 31, %Memory,0.837838, %Failure,0
Time: 1548, Behaviour: 2, Fault: 1, n/a, 1 , DIAGNOSED ,Time Taken, 12, 
Time: 7744, Behaviour: 1, Fault: 1, 98.4682, 1 , CLASSIFIED ,
Time: 8696, Behaviour: 1, Fault: 6, n/a, 3 , DIAGNOSED ,Time Taken, 13, 
Time: 9565, Behaviour: 1, Fault: 6, n/a, 3 , DIAGNOSED ,Time Taken, 13, ELLIGIBLE
Time: 10237, Behaviour: 1, Fault: 5, n/a, 5 , DIAGNOSED ,Time Taken, 164, 
Time: 11001, Behaviour: 1, Fault: 2, n/a, 2 , DIAGNOSED ,Time Taken, 11, 
Time: 11677, Behaviour: 1, Fault: 4, n/a, 4 , DIAGNOSED ,Time Taken, 117, 
Time: 12445, Behaviour: 1, Fault: 4, n/a, 4 , DIAGNOSED ,Time Taken, 116, ELLIGIBLE
Time: 13223, Behaviour: 1, Fault: 4, 99.1679, 5 , CLASSIFIED ,
Time: 13937, Behaviour: 1, Fault: 6, 80.7568, 3 , CLASSIFIED ,
Time: 14692, Behaviour: 1, Fault: 4, 99.8335, 5 , CLASSIFIED ,
Time: 15359, Behaviour: 3, Fault: 4, n/a, 4 , DIAGNOSED ,Time Taken, 116, ELLIGIBLE
Time: 16075, Behaviour: 3, Fault: 3, 91.3678, 3 , CLASSIFIED ,
Time: 17167, Behaviour: 3, Fault: 6, 90.2637, 3 , CLASSIFIED ,
Time: 17884, Behaviour: 3, Fault: 4, 98.3221, 4 , CLASSIFIED ,
Time: 18485, Behaviour: 3, Fault: 1, 70.2244, FAILURE 5, 70.2244, FAILURE 5, n/a, 1 , DIAGNOSED ,Time Taken, 17, ELLIGIBLE
Time: 19430, Behaviour: 3, Fault: 1, n/a, 1 , DIAGNOSED ,Time Taken, 12, ELLIGIBLE
Time: 20393, Behaviour: 3, Fault: 4, 100, 4 , CLASSIFIED ,
Time: 20994, Behaviour: 3, Fault: 3, 86.2951, 3 , CLASSIFIED ,
Time: 21596, Behaviour: 3, Fault: 2, 85.9657, 2 , CLASSIFIED ,
Time: 22456, Behaviour: 3, Fault: 1, n/a, 1 , DIAGNOSED ,Time Taken, 12, ELLIGIBLE
Time: 23756, Behaviour: 3, Fault: 1, 99.5565, 1 , CLASSIFIED ,
Time: 25054, Behaviour: 1, Fault: 6, 80.7912, 3 , CLASSIFIED ,
Time: 25681, Behaviour: 1, Fault: 5, 99.6672, 5 , CLASSIFIED ,
Time: 26283, Behaviour: 1, Fault: 2, 85.5043, 2 , CLASSIFIED ,
Time: 27588, Behaviour: 1, Fault: 4, 100, 100, 4 , CLASSIFIED ,
Time: 28386, Behaviour: 1, Fault: 3, 80.7237, 3 , CLASSIFIED ,
Time: 29013, Behaviour: 1, Fault: 6, 93.443, 3 , CLASSIFIED ,
Time: 29617, Behaviour: 1, Fault: 4, 99.8335, 5 , CLASSIFIED ,
Time: 30843, Behaviour: 2, Fault: 4, 96.6627, 96.6627, 96.6627, 4 , CLASSIFIED ,
Time: 31490, Behaviour: 2, Fault: 4, 98.1324, 98.1324, 4 , CLASSIFIED ,
Time: 32094, Behaviour: 2, Fault: 4, 99.6262, 99.6262, 4 , CLASSIFIED ,
Time: 32744, Behaviour: 2, Fault: 4, 100, 100, 4 , CLASSIFIED ,
Time: 33347, Behaviour: 2, Fault: 4, 71.3318, 4 , CLASSIFIED ,
Time: 34092, Behaviour: 2, Fault: 4, 96.675, 4 , CLASSIFIED ,
Time: 35314, Behaviour: 3, Fault: 1, 99.7783, 99.7783, 1 , CLASSIFIED ,
Time: 35919, Behaviour: 3, Fault: 4, 97.353, 4 , CLASSIFIED ,
Total Faults, 37, Elligible Total, 32, DiagTot, 9, Elligible DiagTot, 4, FailTot, 2, MemoryTot, 26, %Memory,0.8125, %Failure,0.0714286
Time: 978, Behaviour: 2, Fault: 1, n/a, 1 , DIAGNOSED ,Time Taken, 22, 
Time: 1626, Behaviour: 2, Fault: 1, n/a, 1 , DIAGNOSED ,Time Taken, 12, ELLIGIBLE
Time: 2402, Behaviour: 2, Fault: 1, 99.5565, 1 , CLASSIFIED ,
Time: 3010, Behaviour: 2, Fault: 4, n/a, 4 , DIAGNOSED ,Time Taken, 206, 
Time: 3818, Behaviour: 2, Fault: 4, 100, 4 , CLASSIFIED ,
Time: 4734, Behaviour: 2, Fault: 4, 72.9865, 72.9865, 4 , CLASSIFIED ,
Time: 5416, Behaviour: 1, Fault: 4, n/a, 4 , DIAGNOSED ,Time Taken, 116, ELLIGIBLE
Time: 6413, Behaviour: 1, Fault: 6, n/a, 3 , DIAGNOSED ,Time Taken, 13, 
Time: 7101, Behaviour: 1, Fault: 6, 99.6579, 3 , CLASSIFIED ,
Time: 8077, Behaviour: 1, Fault: 2, n/a, 2 , DIAGNOSED ,Time Taken, 12, 
Time: 8769, Behaviour: 1, Fault: 6, 99.8288, 3 , CLASSIFIED ,
Time: 9371, Behaviour: 1, Fault: 2, 85.4004, 2 , CLASSIFIED ,
Time: 9974, Behaviour: 1, Fault: 6, 99.8288, 3 , CLASSIFIED ,
Time: 10876, Behaviour: 1, Fault: 6, n/a, 6 , DIAGNOSED ,Time Taken, 566, ELLIGIBLE
Time: 12273, Behaviour: 1, Fault: 5, 91.5289, 4 , CLASSIFIED ,
Time: 12876, Behaviour: 1, Fault: 5, 99, 4 , CLASSIFIED ,
Time: 13479, Behaviour: 1, Fault: 5, 99.0005, 4 , CLASSIFIED ,
Time: 14084, Behaviour: 1, Fault: 4, 99.5001, 4 , CLASSIFIED ,
Time: 14892, Behaviour: 1, Fault: 6, 99.3174, 3 , CLASSIFIED ,
Time: 15570, Behaviour: 3, Fault: 4, 100, 100, 4 , CLASSIFIED ,
Time: 16676, Behaviour: 3, Fault: 4, 96.5595, 4 , CLASSIFIED ,
Time: 17277, Behaviour: 3, Fault: 2, 88.8176, 2 , CLASSIFIED ,
Time: 18041, Behaviour: 3, Fault: 4, 99.1679, 4 , CLASSIFIED ,
Time: 21280, Behaviour: 3, Fault: 6, 78.2555, 78.2555, 3 , CLASSIFIED ,
Time: 22157, Behaviour: 3, Fault: 6, n/a, 6 , DIAGNOSED ,Time Taken, 633, ELLIGIBLE
Time: 23390, Behaviour: 3, Fault: 2, 83.3274, 2 , CLASSIFIED ,
Time: 24001, Behaviour: 3, Fault: 4, 98.3172, 4 , CLASSIFIED ,
Time: 24602, Behaviour: 3, Fault: 3, 82.9817, 3 , CLASSIFIED ,
Time: 25352, Behaviour: 1, Fault: 5, 97.0195, 4 , CLASSIFIED ,
Time: 25955, Behaviour: 1, Fault: 5, 99.3339, 4 , CLASSIFIED ,
Time: 26672, Behaviour: 1, Fault: 1, n/a, 1 , DIAGNOSED ,Time Taken, 12, ELLIGIBLE
Time: 27502, Behaviour: 1, Fault: 1, 90.3494, 1 , CLASSIFIED ,
Time: 28183, Behaviour: 1, Fault: 1, 95.0668, 1 , CLASSIFIED ,
Time: 28914, Behaviour: 1, Fault: 2, 88.8176, 2 , CLASSIFIED ,
Time: 29718, Behaviour: 1, Fault: 4, 99.8335, 4 , CLASSIFIED ,
Time: 30758, Behaviour: 2, Fault: 6, 69.7047, 3 , CLASSIFIED ,
Time: 31847, Behaviour: 2, Fault: 4, 94.5377, 4 , CLASSIFIED ,
Time: 32448, Behaviour: 2, Fault: 2, 91.6853, 2 , CLASSIFIED ,
Time: 33184, Behaviour: 2, Fault: 4, 92.1431, 4 , CLASSIFIED ,
Time: 33814, Behaviour: 2, Fault: 1, n/a, 1 , DIAGNOSED ,Time Taken, 20, ELLIGIBLE
Time: 34921, Behaviour: 2, Fault: 4, 98.6689, 4 , CLASSIFIED ,
Time: 35522, Behaviour: 3, Fault: 3, 89.975, 3 , CLASSIFIED ,
Total Faults, 42, Elligible Total, 38, DiagTot, 10, Elligible DiagTot, 6, FailTot, 0, MemoryTot, 32, %Memory,0.842105, %Failure,0
Time: 1186, Behaviour: 2, Fault: 1, n/a, 1 , DIAGNOSED ,Time Taken, 12, 
Time: 1798, Behaviour: 2, Fault: 3, n/a, 3 , DIAGNOSED ,Time Taken, 14, 
Time: 4316, Behaviour: 2, Fault: 1, 99.7783, 1 , CLASSIFIED ,
Time: 6156, Behaviour: 1, Fault: 6, n/a, 6 , DIAGNOSED ,Time Taken, 227, 
Time: 7017, Behaviour: 1, Fault: 5, n/a, 5 , DIAGNOSED ,Time Taken, 199, 
Time: 8149, Behaviour: 1, Fault: 5, 97.5165, 5 , CLASSIFIED ,
Time: 10389, Behaviour: 1, Fault: 1, n/a, 1 , DIAGNOSED ,Time Taken, 12, ELLIGIBLE
Time: 11001, Behaviour: 1, Fault: 2, n/a, 2 , DIAGNOSED ,Time Taken, 11, 
Time: 11614, Behaviour: 1, Fault: 4, 99.6667, 5 , CLASSIFIED ,
Time: 12303, Behaviour: 1, Fault: 4, 85.337, 5 , CLASSIFIED ,
Time: 13957, Behaviour: 1, Fault: 1, 100, 1 , CLASSIFIED ,
Time: 15469, Behaviour: 3, Fault: 4, n/a, 4 , DIAGNOSED ,Time Taken, 116, ELLIGIBLE
Time: 16185, Behaviour: 3, Fault: 2, 77.9876, 2 , CLASSIFIED ,
Time: 28025, Behaviour: 1, Fault: 1, n/a, 1 , DIAGNOSED ,Time Taken, 12, ELLIGIBLE
Time: 28737, Behaviour: 1, Fault: 5, 92.2033, 92.2033, 5 , CLASSIFIED ,
Time: 29340, Behaviour: 1, Fault: 4, 99.8335, 99.8335, 5 , CLASSIFIED ,
Time: 29944, Behaviour: 1, Fault: 4, 99.8335, 5 , CLASSIFIED ,
Time: 30545, Behaviour: 2, Fault: 2, 83.9183, 2 , CLASSIFIED ,
Time: 31319, Behaviour: 2, Fault: 4, 84.3873, 4 , CLASSIFIED ,
Time: 32063, Behaviour: 2, Fault: 6, 83.6281, 3 , CLASSIFIED ,
Time: 32698, Behaviour: 2, Fault: 4, 97.7583, 4 , CLASSIFIED ,
Time: 33632, Behaviour: 2, Fault: 1, 92.755, 1 , CLASSIFIED ,
Time: 34249, Behaviour: 2, Fault: 1, 97.604, 1 , CLASSIFIED ,
Total Faults, 23, Elligible Total, 18, DiagTot, 8, Elligible DiagTot, 3, FailTot, 0, MemoryTot, 15, %Memory,0.833333, %Failure,0
Time: 637, Behaviour: 2, Fault: 1, n/a, 1 , DIAGNOSED ,Time Taken, 12, 
Time: 1969, Behaviour: 2, Fault: 6, n/a, 3 , DIAGNOSED ,Time Taken, 13, 
Time: 3195, Behaviour: 2, Fault: 4, n/a, 4 , DIAGNOSED ,Time Taken, 116, 
Time: 4734, Behaviour: 2, Fault: 4, 98.8335, 4 , CLASSIFIED ,
Time: 5427, Behaviour: 1, Fault: 4, n/a, 4 , DIAGNOSED ,Time Taken, 116, ELLIGIBLE
Time: 6143, Behaviour: 1, Fault: 2, n/a, 2 , DIAGNOSED ,Time Taken, 12, 
Time: 6756, Behaviour: 1, Fault: 4, 78.5906, 4 , CLASSIFIED ,
Time: 7385, Behaviour: 1, Fault: 2, 98.9247, 2 , CLASSIFIED ,
Time: 8580, Behaviour: 1, Fault: 4, 98.6672, 4 , CLASSIFIED ,
Time: 9356, Behaviour: 1, Fault: 4, 100, 4 , CLASSIFIED ,
Time: 11027, Behaviour: 1, Fault: 1, n/a, 1 , DIAGNOSED ,Time Taken, 12, ELLIGIBLE
Time: 11639, Behaviour: 1, Fault: 3, 88.9806, 3 , CLASSIFIED ,
Time: 12783, Behaviour: 1, Fault: 6, 100, 3 , CLASSIFIED ,
Time: 13742, Behaviour: 1, Fault: 1, n/a, 1 , DIAGNOSED ,Time Taken, 13, ELLIGIBLE
Time: 14374, Behaviour: 1, Fault: 2, 100, 2 , CLASSIFIED ,
Time: 15571, Behaviour: 3, Fault: 4, 87.198, 4 , CLASSIFIED ,
Time: 16172, Behaviour: 3, Fault: 6, 73.6, 73.6, 3 , CLASSIFIED ,
Time: 17684, Behaviour: 3, Fault: 1, n/a, 1 , DIAGNOSED ,Time Taken, 12, ELLIGIBLE
Time: 18298, Behaviour: 3, Fault: 4, 78.835, 4 , CLASSIFIED ,
Time: 18944, Behaviour: 3, Fault: 4, 87.6087, 4 , CLASSIFIED ,
Time: 20994, Behaviour: 3, Fault: 1, n/a, 1 , DIAGNOSED ,Time Taken, 12, ELLIGIBLE
Time: 21606, Behaviour: 3, Fault: 2, 97.8815, 2 , CLASSIFIED ,
Time: 22296, Behaviour: 3, Fault: 1, 93.9172, 1 , CLASSIFIED ,
Time: 22898, Behaviour: 3, Fault: 2, 80.3338, 2 , CLASSIFIED ,
Time: 26815, Behaviour: 1, Fault: 1, 99.7783, 1 , CLASSIFIED ,
Time: 27434, Behaviour: 1, Fault: 5, 99.6672, 99.6672, 4 , CLASSIFIED ,
Time: 28323, Behaviour: 1, Fault: 4, 100, 100, 4 , CLASSIFIED ,
Time: 29696, Behaviour: 1, Fault: 6, 100, 100, 3 , CLASSIFIED ,
Time: 30805, Behaviour: 2, Fault: 6, 74.3593, 3 , CLASSIFIED ,
Time: 31529, Behaviour: 2, Fault: 6, 72.7422, 72.7422, 72.7422, 3 , CLASSIFIED ,
Time: 32132, Behaviour: 2, Fault: 6, n/a, 3 , DIAGNOSED ,Time Taken, 13, ELLIGIBLE
Time: 32745, Behaviour: 2, Fault: 3, 96.6345, 3 , CLASSIFIED ,
Time: 33347, Behaviour: 2, Fault: 2, 81.0137, 2 , CLASSIFIED ,
Time: 34190, Behaviour: 2, Fault: 4, 86.6768, 4 , CLASSIFIED ,
Time: 34791, Behaviour: 2, Fault: 3, 90.9312, 3 , CLASSIFIED ,
Time: 35394, Behaviour: 3, Fault: 2, 97.3579, 2 , CLASSIFIED ,
Time: 35996, Behaviour: 3, Fault: 3, 98.9749, 3 , CLASSIFIED ,
Total Faults, 37, Elligible Total, 33, DiagTot, 10, Elligible DiagTot, 6, FailTot, 0, MemoryTot, 27, %Memory,0.818182, %Failure,0
Time: 628, Behaviour: 2, Fault: 1, n/a, 1 , DIAGNOSED ,Time Taken, 12, 
Time: 5591, Behaviour: 1, Fault: 1, 99.7783, 1 , CLASSIFIED ,
Time: 6727, Behaviour: 1, Fault: 1, n/a, 1 , DIAGNOSED ,Time Taken, 22, ELLIGIBLE
Time: 7349, Behaviour: 1, Fault: 6, n/a, 6 , DIAGNOSED ,Time Taken, 295, 
Time: 8244, Behaviour: 1, Fault: 6, n/a, 6 , DIAGNOSED ,Time Taken, 462, ELLIGIBLE
Time: 9461, Behaviour: 1, Fault: 6, 75.0945, 6 , CLASSIFIED ,
Time: 10187, Behaviour: 1, Fault: 4, n/a, 4 , DIAGNOSED ,Time Taken, 116, 
Time: 11039, Behaviour: 1, Fault: 1, 71.4286, 1 , CLASSIFIED ,
Time: 11641, Behaviour: 1, Fault: 3, 83.7558, 6 , CLASSIFIED ,
Time: 12245, Behaviour: 1, Fault: 5, 77.3559, 4 , CLASSIFIED ,
Time: 13502, Behaviour: 1, Fault: 2, n/a, 2 , DIAGNOSED ,Time Taken, 12, 
Time: 14204, Behaviour: 1, Fault: 3, 98.2953, 6 , CLASSIFIED ,
Time: 25862, Behaviour: 1, Fault: 1, 84.5154, 84.5154, 1 , CLASSIFIED ,
Time: 26464, Behaviour: 1, Fault: 2, 81.9734, 2 , CLASSIFIED ,
Total Faults, 14, Elligible Total, 10, DiagTot, 6, Elligible DiagTot, 2, FailTot, 0, MemoryTot, 8, %Memory,0.8, %Failure,0
Time: 1896, Behaviour: 2, Fault: 1, n/a, 1 , DIAGNOSED ,Time Taken, 12, 
Time: 2610, Behaviour: 2, Fault: 1, n/a, 1 , DIAGNOSED ,Time Taken, 12, ELLIGIBLE
Time: 3222, Behaviour: 2, Fault: 2, n/a, 2 , DIAGNOSED ,Time Taken, 11, 
Time: 3833, Behaviour: 2, Fault: 2, 74.1705, 2 , CLASSIFIED ,
Time: 4435, Behaviour: 2, Fault: 2, 90.2509, 2 , CLASSIFIED ,
Time: 5139, Behaviour: 1, Fault: 4, n/a, 4 , DIAGNOSED ,Time Taken, 116, 
Time: 6229, Behaviour: 1, Fault: 6, n/a, 3 , DIAGNOSED ,Time Taken, 13, 
Time: 6844, Behaviour: 1, Fault: 4, 97.3419, 4 , CLASSIFIED ,
Time: 7653, Behaviour: 1, Fault: 4, 92.8317, 4 , CLASSIFIED ,
Time: 8254, Behaviour: 1, Fault: 3, 70.0937, 3 , CLASSIFIED ,
Time: 9492, Behaviour: 1, Fault: 1, n/a, 1 , DIAGNOSED ,Time Taken, 12, ELLIGIBLE
Time: 10263, Behaviour: 1, Fault: 6, 91.4826, 3 , CLASSIFIED ,
Time: 11075, Behaviour: 1, Fault: 1, 69.5276, 1 , CLASSIFIED ,
Time: 11770, Behaviour: 1, Fault: 5, 99.8335, 4 , CLASSIFIED ,
Time: 12372, Behaviour: 1, Fault: 2, 90.4416, 2 , CLASSIFIED ,
Time: 13143, Behaviour: 1, Fault: 3, 100, 3 , CLASSIFIED ,
Time: 13747, Behaviour: 1, Fault: 4, 99.8335, 4 , CLASSIFIED ,
Time: 14348, Behaviour: 1, Fault: 2, 86.1085, 2 , CLASSIFIED ,
Time: 14951, Behaviour: 1, Fault: 3, 100, 100, 3 , CLASSIFIED ,
Time: 15737, Behaviour: 3, Fault: 4, n/a, 4 , DIAGNOSED ,Time Taken, 124, ELLIGIBLE
Time: 16461, Behaviour: 3, Fault: 3, 100, 100, 100, 3 , CLASSIFIED ,
Time: 17064, Behaviour: 3, Fault: 3, 100, 100, 100, 100, 3 , CLASSIFIED ,
Time: 17667, Behaviour: 3, Fault: 6, 100, 100, 100, 100, 100, 3 , CLASSIFIED ,
Time: 18301, Behaviour: 3, Fault: 1, n/a, 1 , DIAGNOSED ,Time Taken, 14, ELLIGIBLE
Time: 20219, Behaviour: 3, Fault: 1, 99.7783, 1 , CLASSIFIED ,
Time: 22135, Behaviour: 3, Fault: 6, n/a, 3 , DIAGNOSED ,Time Taken, 14, ELLIGIBLE
Time: 22749, Behaviour: 3, Fault: 2, 78.4622, 2 , CLASSIFIED ,
Time: 23390, Behaviour: 3, Fault: 4, 83.9995, 4 , CLASSIFIED ,
Time: 24184, Behaviour: 3, Fault: 1, 73.7847, 1 , CLASSIFIED ,
Time: 24786, Behaviour: 3, Fault: 2, 98.9285, 2 , CLASSIFIED ,
Time: 25575, Behaviour: 1, Fault: 2, 98.9247, 98.9247, 2 , CLASSIFIED ,
Time: 26394, Behaviour: 1, Fault: 4, 99.6672, 4 , CLASSIFIED ,
Time: 27041, Behaviour: 1, Fault: 5, 98.0006, 4 , CLASSIFIED ,
Time: 27763, Behaviour: 1, Fault: 4, 99.8335, 4 , CLASSIFIED ,
Time: 28641, Behaviour: 1, Fault: 1, n/a, 1 , DIAGNOSED ,Time Taken, 13, ELLIGIBLE
Time: 29456, Behaviour: 1, Fault: 6, 100, 100, 100, 100, 3 , CLASSIFIED ,
Time: 30102, Behaviour: 2, Fault: 4, 98.8771, 4 , CLASSIFIED ,
Time: 30722, Behaviour: 2, Fault: 1, 100, 1 , CLASSIFIED ,
Time: 31418, Behaviour: 2, Fault: 6, 91.6706, 3 , CLASSIFIED ,
Time: 32020, Behaviour: 2, Fault: 3, 98.9749, 98.9749, 98.9749, 3 , CLASSIFIED ,
Time: 32622, Behaviour: 2, Fault: 6, 82.3689, 3 , CLASSIFIED ,
Time: 33264, Behaviour: 2, Fault: 3, 83.0853, 3 , CLASSIFIED ,
Time: 34395, Behaviour: 2, Fault: 1, 99.7783, 1 , CLASSIFIED ,
Time: 34997, Behaviour: 2, Fault: 2, 82.8645, 2 , CLASSIFIED ,
Time: 35601, Behaviour: 3, Fault: 4, 82.5351, 4 , CLASSIFIED ,
Total Faults, 45, Elligible Total, 41, DiagTot, 10, Elligible DiagTot, 6, FailTot, 0, MemoryTot, 35, %Memory,0.853659, %Failure,0
Time: 838, Behaviour: 2, Fault: 1, n/a, 1 , DIAGNOSED ,Time Taken, 12, 
Time: 1450, Behaviour: 2, Fault: 2, n/a, 2 , DIAGNOSED ,Time Taken, 11, 
Time: 2309, Behaviour: 2, Fault: 6, n/a, 3 , DIAGNOSED ,Time Taken, 13, 
Time: 3089, Behaviour: 2, Fault: 4, n/a, 4 , DIAGNOSED ,Time Taken, 130, 
Time: 3819, Behaviour: 2, Fault: 2, 93.8822, 2 , CLASSIFIED ,
Time: 5479, Behaviour: 1, Fault: 1, n/a, 1 , DIAGNOSED ,Time Taken, 12, ELLIGIBLE
Time: 7099, Behaviour: 1, Fault: 5, n/a, 5 , DIAGNOSED ,Time Taken, 165, 
Time: 8094, Behaviour: 1, Fault: 5, 95.8361, 5 , CLASSIFIED ,
Time: 8771, Behaviour: 1, Fault: 2, 74.7289, 2 , CLASSIFIED ,
Time: 9694, Behaviour: 1, Fault: 6, n/a, 3 , DIAGNOSED ,Time Taken, 13, ELLIGIBLE
Time: 10545, Behaviour: 1, Fault: 4, 96.8825, 5 , CLASSIFIED ,
Time: 11874, Behaviour: 1, Fault: 6, 84.5237, 3 , CLASSIFIED ,
Time: 14152, Behaviour: 1, Fault: 1, n/a, 1 , DIAGNOSED ,Time Taken, 12, ELLIGIBLE
Time: 14926, Behaviour: 1, Fault: 1, n/a, 1 , DIAGNOSED ,Time Taken, 13, ELLIGIBLE
Time: 17002, Behaviour: 3, Fault: 6, 88.8353, 3 , CLASSIFIED ,
Time: 17604, Behaviour: 3, Fault: 1, 68.0746, 1 , CLASSIFIED ,
Time: 18660, Behaviour: 3, Fault: 4, 86.5404, 4 , CLASSIFIED ,
Time: 19453, Behaviour: 3, Fault: 6, n/a, 3 , DIAGNOSED ,Time Taken, 13, ELLIGIBLE
Time: 20066, Behaviour: 3, Fault: 3, 85.7608, 3 , CLASSIFIED ,
Time: 21256, Behaviour: 3, Fault: 6, n/a, 6 , DIAGNOSED ,Time Taken, 688, ELLIGIBLE
Time: 22544, Behaviour: 3, Fault: 3, 90.8003, 3 , CLASSIFIED ,
Time: 24221, Behaviour: 3, Fault: 1, 99.3358, 1 , CLASSIFIED ,
Time: 24823, Behaviour: 3, Fault: 2, 84.686, 2 , CLASSIFIED ,
Time: 25426, Behaviour: 1, Fault: 2, 95.39, 2 , CLASSIFIED ,
Total Faults, 24, Elligible Total, 19, DiagTot, 11, Elligible DiagTot, 6, FailTot, 0, MemoryTot, 13, %Memory,0.684211, %Failure,0
Time: 8916, Behaviour: 1, Fault: 1, n/a, 1 , DIAGNOSED ,Time Taken, 12, 
Time: 9528, Behaviour: 1, Fault: 2, n/a, 2 , DIAGNOSED ,Time Taken, 11, 
Time: 10139, Behaviour: 1, Fault: 3, n/a, 3 , DIAGNOSED ,Time Taken, 13, 
Time: 10986, Behaviour: 1, Fault: 6, 96.6471, 3 , CLASSIFIED ,
Time: 12176, Behaviour: 1, Fault: 6, 91.8012, 3 , CLASSIFIED ,
Time: 12779, Behaviour: 1, Fault: 2, 92.1606, 2 , CLASSIFIED ,
Time: 13383, Behaviour: 1, Fault: 4, n/a, 4 , DIAGNOSED ,Time Taken, 116, 
Time: 14099, Behaviour: 1, Fault: 3, 99.8288, 3 , CLASSIFIED ,
Time: 21399, Behaviour: 3, Fault: 3, 68.313, 3 , CLASSIFIED ,
Time: 22943, Behaviour: 3, Fault: 6, 77.1264, 3 , CLASSIFIED ,
Time: 23545, Behaviour: 3, Fault: 2, 100, 2 , CLASSIFIED ,
Time: 24147, Behaviour: 3, Fault: 3, 77.2012, 3 , CLASSIFIED ,
Time: 24760, Behaviour: 3, Fault: 4, n/a, 4 , DIAGNOSED ,Time Taken, 116, ELLIGIBLE
Time: 25478, Behaviour: 1, Fault: 2, 98.9247, 98.9247, 2 , CLASSIFIED ,
Time: 26080, Behaviour: 1, Fault: 1, n/a, 1 , DIAGNOSED ,Time Taken, 12, ELLIGIBLE
Time: 26857, Behaviour: 1, Fault: 3, 83.666, 3 , CLASSIFIED ,
Time: 27459, Behaviour: 1, Fault: 3, 99.486, 3 , CLASSIFIED ,
Time: 28167, Behaviour: 1, Fault: 3, 100, 3 , CLASSIFIED ,
Time: 28769, Behaviour: 1, Fault: 2, 100, 100, 2 , CLASSIFIED ,
Time: 29654, Behaviour: 1, Fault: 5, 98.0022, 4 , CLASSIFIED ,
Time: 30326, Behaviour: 2, Fault: 4, 82.2982, 4 , CLASSIFIED ,
Time: 31138, Behaviour: 2, Fault: 6, 97.4728, 3 , CLASSIFIED ,
Time: 31882, Behaviour: 2, Fault: 4, 77.2064, 4 , CLASSIFIED ,
Time: 32906, Behaviour: 2, Fault: 1, n/a, 1 , DIAGNOSED ,Time Taken, 35, ELLIGIBLE
Time: 33543, Behaviour: 2, Fault: 4, 96.0053, 4 , CLASSIFIED ,
Time: 34144, Behaviour: 2, Fault: 3, 95.6471, 3 , CLASSIFIED ,
Time: 34746, Behaviour: 2, Fault: 2, 67.0183, 2 , CLASSIFIED ,
Time: 35576, Behaviour: 3, Fault: 4, 89.3144, 4 , CLASSIFIED ,
Total Faults, 28, Elligible Total, 24, DiagTot, 7, Elligible DiagTot, 3, FailTot, 0, MemoryTot, 21, %Memory,0.875, %Failure,0
Time: 1561, Behaviour: 2, Fault: 1, n/a, 1 , DIAGNOSED ,Time Taken, 12, 
Time: 2549, Behaviour: 2, Fault: 4, n/a, 4 , DIAGNOSED ,Time Taken, 274, 
Time: 3423, Behaviour: 2, Fault: 3, n/a, 3 , DIAGNOSED ,Time Taken, 13, 
Time: 4036, Behaviour: 2, Fault: 2, n/a, 2 , DIAGNOSED ,Time Taken, 11, 
Time: 5243, Behaviour: 1, Fault: 4, n/a, 4 , DIAGNOSED ,Time Taken, 116, ELLIGIBLE
Time: 5961, Behaviour: 1, Fault: 5, 97.6864, 4 , CLASSIFIED ,
Time: 6564, Behaviour: 1, Fault: 5, 97.8444, 4 , CLASSIFIED ,
Time: 7596, Behaviour: 1, Fault: 3, 67.6151, 3 , CLASSIFIED ,
Time: 8213, Behaviour: 1, Fault: 4, 93.6352, 4 , CLASSIFIED ,
Time: 8949, Behaviour: 1, Fault: 5, 99.1668, 4 , CLASSIFIED ,
Time: 9713, Behaviour: 1, Fault: 2, 88.4205, 2 , CLASSIFIED ,
Time: 11749, Behaviour: 1, Fault: 3, 100, 3 , CLASSIFIED ,
Time: 12351, Behaviour: 1, Fault: 2, 80.6973, 2 , CLASSIFIED ,
Time: 13655, Behaviour: 1, Fault: 6, 80.3524, 3 , CLASSIFIED ,
Time: 14260, Behaviour: 1, Fault: 4, 99.5001, 4 , CLASSIFIED ,
Time: 15813, Behaviour: 3, Fault: 1, n/a, 1 , DIAGNOSED ,Time Taken, 12, ELLIGIBLE
Time: 18987, Behaviour: 3, Fault: 6, 71.7353, 3 , CLASSIFIED ,
Time: 19589, Behaviour: 3, Fault: 2, 88.0279, 2 , CLASSIFIED ,
Time: 20191, Behaviour: 3, Fault: 3, 89.6819, 3 , CLASSIFIED ,
Time: 20802, Behaviour: 3, Fault: 3, 90.3823, 3 , CLASSIFIED ,
Time: 21406, Behaviour: 3, Fault: 4, n/a, 4 , DIAGNOSED ,Time Taken, 147, ELLIGIBLE
Time: 23966, Behaviour: 3, Fault: 4, 99.2516, 4 , CLASSIFIED ,
Time: 24770, Behaviour: 3, Fault: 4, 96.5392, 4 , CLASSIFIED ,
Time: 25371, Behaviour: 1, Fault: 6, 91.1107, 3 , CLASSIFIED ,
Time: 25975, Behaviour: 1, Fault: 4, 100, 4 , CLASSIFIED ,
Time: 27101, Behaviour: 1, Fault: 1, 76.4844, 1 , CLASSIFIED ,
Time: 27703, Behaviour: 1, Fault: 2, 94.8533, 2 , CLASSIFIED ,
Time: 28863, Behaviour: 1, Fault: 5, 99.6667, 4 , CLASSIFIED ,
Time: 29811, Behaviour: 1, Fault: 5, 99.5001, 99.5001, 4 , CLASSIFIED ,
Time: 30413, Behaviour: 2, Fault: 3, 95.8158, 3 , CLASSIFIED ,
Time: 31057, Behaviour: 2, Fault: 6, 95.2532, 3 , CLASSIFIED ,
Time: 32466, Behaviour: 2, Fault: 6, 78.3506, 3 , CLASSIFIED ,
Time: 33070, Behaviour: 2, Fault: 4, 100, 100, 4 , CLASSIFIED ,
Time: 35085, Behaviour: 3, Fault: 6, 77.1765, 3 , CLASSIFIED ,
Time: 35687, Behaviour: 3, Fault: 3, 97.4621, 3 , CLASSIFIED ,
Total Faults, 35, Elligible Total, 31, DiagTot, 7, Elligible DiagTot, 3, FailTot, 0, MemoryTot, 28, %Memory,0.903226, %Failure,0
Time: 756, Behaviour: 2, Fault: 1, n/a, 1 , DIAGNOSED ,Time Taken, 12, 
Time: 2668, Behaviour: 2, Fault: 1, n/a, 1 , DIAGNOSED ,Time Taken, 12, ELLIGIBLE
Time: 3345, Behaviour: 2, Fault: 1, 99.7783, 1 , CLASSIFIED ,
Time: 4105, Behaviour: 2, Fault: 4, n/a, 4 , DIAGNOSED ,Time Taken, 345, 
Time: 5050, Behaviour: 1, Fault: 2, n/a, 2 , DIAGNOSED ,Time Taken, 18, 
Time: 5670, Behaviour: 1, Fault: 4, n/a, 4 , DIAGNOSED ,Time Taken, 116, ELLIGIBLE
Time: 6480, Behaviour: 1, Fault: 1, 99.7783, 1 , CLASSIFIED ,
Time: 7085, Behaviour: 1, Fault: 4, 99.5001, 4 , CLASSIFIED ,
Time: 7686, Behaviour: 1, Fault: 3, n/a, 3 , DIAGNOSED ,Time Taken, 13, 
Time: 8299, Behaviour: 1, Fault: 2, 77.672, 2 , CLASSIFIED ,
Time: 8901, Behaviour: 1, Fault: 2, 92.5193, 2 , CLASSIFIED ,
Time: 9503, Behaviour: 1, Fault: 3, 95.9939, 3 , CLASSIFIED ,
Time: 10105, Behaviour: 1, Fault: 2, 100, 2 , CLASSIFIED ,
Time: 10758, Behaviour: 1, Fault: 4, 75.4665, 4 , CLASSIFIED ,
Time: 11962, Behaviour: 1, Fault: 3, 83.666, 3 , CLASSIFIED ,
Time: 12566, Behaviour: 1, Fault: 5, 99.8335, 4 , CLASSIFIED ,
Time: 13545, Behaviour: 1, Fault: 6, 100, 3 , CLASSIFIED ,
Time: 14225, Behaviour: 1, Fault: 4, 96.8442, 4 , CLASSIFIED ,
Time: 14826, Behaviour: 1, Fault: 2, 100, 100, 2 , CLASSIFIED ,
Time: 15457, Behaviour: 3, Fault: 3, 99.2546, 3 , CLASSIFIED ,
Time: 16682, Behaviour: 3, Fault: 1, 99.7783, 1 , CLASSIFIED ,
Time: 17312, Behaviour: 3, Fault: 1, 99.5565, 1 , CLASSIFIED ,
Time: 17915, Behaviour: 3, Fault: 2, 91.7361, 2 , CLASSIFIED ,
Time: 18517, Behaviour: 3, Fault: 3, 95.9939, 95.9939, 3 , CLASSIFIED ,
Time: 19263, Behaviour: 3, Fault: 1, n/a, 1 , DIAGNOSED ,Time Taken, 14, ELLIGIBLE
Time: 22954, Behaviour: 3, Fault: 6, n/a, 3 , DIAGNOSED ,Time Taken, 14, ELLIGIBLE
Time: 23568, Behaviour: 3, Fault: 3, 92.6947, 3 , CLASSIFIED ,
Time: 24361, Behaviour: 3, Fault: 1, n/a, 1 , DIAGNOSED ,Time Taken, 22, ELLIGIBLE
Time: 24983, Behaviour: 3, Fault: 3, 99.486, 3 , CLASSIFIED ,
Time: 25585, Behaviour: 1, Fault: 6, 100, 3 , CLASSIFIED ,
Time: 26594, Behaviour: 1, Fault: 5, 99.3339, 4 , CLASSIFIED ,
Time: 27258, Behaviour: 1, Fault: 2, 98.9247, 2 , CLASSIFIED ,
Time: 27893, Behaviour: 1, Fault: 4, n/a, 4 , DIAGNOSED ,Time Taken, 116, ELLIGIBLE
Time: 28609, Behaviour: 1, Fault: 3, 94.4026, 3 , CLASSIFIED ,
Time: 29275, Behaviour: 1, Fault: 3, 98.1383, 3 , CLASSIFIED ,
Total Faults, 35, Elligible Total, 31, DiagTot, 10, Elligible DiagTot, 6, FailTot, 0, MemoryTot, 25, %Memory,0.806452, %Failure,0
Time: 5959, Behaviour: 1, Fault: 1, n/a, 1 , DIAGNOSED ,Time Taken, 12, 
Time: 6571, Behaviour: 1, Fault: 2, n/a, 2 , DIAGNOSED ,Time Taken, 18, 
Time: 7565, Behaviour: 1, Fault: 1, n/a, 1 , DIAGNOSED ,Time Taken, 33, ELLIGIBLE
Time: 8786, Behaviour: 1, Fault: 4, n/a, 4 , DIAGNOSED ,Time Taken, 211, 
Time: 10090, Behaviour: 1, Fault: 2, 78.5795, 2 , CLASSIFIED ,
Time: 10695, Behaviour: 1, Fault: 4, 99.6667, 4 , CLASSIFIED ,
Time: 11410, Behaviour: 1, Fault: 5, 99.5001, 99.5001, 4 , CLASSIFIED ,
Time: 12225, Behaviour: 1, Fault: 6, n/a, 3 , DIAGNOSED ,Time Taken, 13, 
Time: 12947, Behaviour: 1, Fault: 2, 100, 2 , CLASSIFIED ,
Time: 13551, Behaviour: 1, Fault: 5, 99.5001, 4 , CLASSIFIED ,
Time: 14152, Behaviour: 1, Fault: 2, 90.4534, 90.4534, 2 , CLASSIFIED ,
Time: 14790, Behaviour: 1, Fault: 4, 99.6667, 99.6667, 4 , CLASSIFIED ,
Time: 15392, Behaviour: 3, Fault: 2, 80.4413, 2 , CLASSIFIED ,
Time: 16250, Behaviour: 3, Fault: 4, n/a, 4 , DIAGNOSED ,Time Taken, 116, ELLIGIBLE
Time: 18054, Behaviour: 3, Fault: 6, n/a, 3 , DIAGNOSED ,Time Taken, 253, ELLIGIBLE
Time: 19286, Behaviour: 3, Fault: 1, n/a, 1 , DIAGNOSED ,Time Taken, 12, ELLIGIBLE
Time: 19945, Behaviour: 3, Fault: 4, 84.29, 4 , CLASSIFIED ,
Time: 20546, Behaviour: 3, Fault: 2, 90.8403, 2 , CLASSIFIED ,
Time: 21218, Behaviour: 3, Fault: 1, n/a, 1 , DIAGNOSED ,Time Taken, 12, ELLIGIBLE
Time: 21830, Behaviour: 3, Fault: 3, 89.5196, 3 , CLASSIFIED ,
Time: 22434, Behaviour: 3, Fault: 1, n/a, 1 , DIAGNOSED ,Time Taken, 48, ELLIGIBLE
Time: 23082, Behaviour: 3, Fault: 2, 89.8393, 2 , CLASSIFIED ,
Time: 23690, Behaviour: 3, Fault: 2, 86.9696, 2 , CLASSIFIED ,
Time: 27831, Behaviour: 1, Fault: 1, n/a, 1 , DIAGNOSED ,Time Taken, 61, ELLIGIBLE
Time: 28492, Behaviour: 1, Fault: 2, 94.4444, 2 , CLASSIFIED ,
Time: 29095, Behaviour: 1, Fault: 3, 99.8288, 3 , CLASSIFIED ,
Time: 29698, Behaviour: 1, Fault: 3, 99.6573, 3 , CLASSIFIED ,
Time: 30311, Behaviour: 2, Fault: 4, 87.6398, 4 , CLASSIFIED ,
Time: 30912, Behaviour: 2, Fault: 3, 82.3852, 3 , CLASSIFIED ,
Time: 31527, Behaviour: 2, Fault: 3, 93.7533, 3 , CLASSIFIED ,
Time: 35957, Behaviour: 3, Fault: 1, 94.5446, 1 , CLASSIFIED ,
Total Faults, 31, Elligible Total, 27, DiagTot, 11, Elligible DiagTot, 7, FailTot, 0, MemoryTot, 20, %Memory,0.740741, %Failure,0
Time: 610, Behaviour: 2, Fault: 1, n/a, 1 , DIAGNOSED ,Time Taken, 4953, 
Time: 6163, Behaviour: 1, Fault: 3, n/a, 3 , DIAGNOSED ,Time Taken, 13, 
Time: 6904, Behaviour: 1, Fault: 6, n/a, 6 , DIAGNOSED ,Time Taken, 241, 
Time: 10195, Behaviour: 1, Fault: 4, n/a, 4 , DIAGNOSED ,Time Taken, 116, 
Time: 11444, Behaviour: 1, Fault: 1, n/a, 1 , DIAGNOSED ,Time Taken, 55, ELLIGIBLE
Time: 12101, Behaviour: 1, Fault: 5, 98.6689, 4 , CLASSIFIED ,
Time: 12749, Behaviour: 1, Fault: 2, n/a, 2 , DIAGNOSED ,Time Taken, 11, 
Time: 13362, Behaviour: 1, Fault: 5, 99.6672, 4 , CLASSIFIED ,
Time: 25445, Behaviour: 1, Fault: 5, 99.8335, 4 , CLASSIFIED ,
Time: 26496, Behaviour: 1, Fault: 3, 68.313, 3 , CLASSIFIED ,
Time: 27222, Behaviour: 1, Fault: 5, 99.6672, 4 , CLASSIFIED ,
Time: 28096, Behaviour: 1, Fault: 5, 99.8335, 4 , CLASSIFIED ,
Time: 28698, Behaviour: 1, Fault: 3, 87.6038, 3 , CLASSIFIED ,
Time: 29300, Behaviour: 1, Fault: 3, 94.8225, 3 , CLASSIFIED ,
Time: 29952, Behaviour: 1, Fault: 3, 92.9434, 3 , CLASSIFIED ,
Time: 30750, Behaviour: 2, Fault: 4, n/a, 4 , DIAGNOSED ,Time Taken, 260, ELLIGIBLE
Time: 31801, Behaviour: 2, Fault: 4, 95.5594, 4 , CLASSIFIED ,
Time: 35629, Behaviour: 3, Fault: 1, 99.7783, 1 , CLASSIFIED ,
Total Faults, 18, Elligible Total, 13, DiagTot, 7, Elligible DiagTot, 2, FailTot, 0, MemoryTot, 11, %Memory,0.846154, %Failure,0
Time: 640, Behaviour: 2, Fault: 1, n/a, 1 , DIAGNOSED ,Time Taken, 12, 
Time: 1252, Behaviour: 2, Fault: 3, n/a, 3 , DIAGNOSED ,Time Taken, 13, 
Time: 2258, Behaviour: 2, Fault: 1, n/a, 1 , DIAGNOSED ,Time Taken, 12, ELLIGIBLE
Time: 2870, Behaviour: 2, Fault: 2, n/a, 2 , DIAGNOSED ,Time Taken, 11, 
Time: 4057, Behaviour: 2, Fault: 1, 99.7783, 1 , CLASSIFIED ,
Time: 4659, Behaviour: 2, Fault: 3, 86.1939, 3 , CLASSIFIED ,
Time: 5261, Behaviour: 1, Fault: 2, 74.6801, 2 , CLASSIFIED ,
Time: 5864, Behaviour: 1, Fault: 2, 93.5079, 2 , CLASSIFIED ,
Time: 6468, Behaviour: 1, Fault: 4, n/a, 4 , DIAGNOSED ,Time Taken, 116, 
Time: 7479, Behaviour: 1, Fault: 5, 99.5001, 4 , CLASSIFIED ,
Time: 8083, Behaviour: 1, Fault: 5, 99.3339, 4 , CLASSIFIED ,
Time: 8684, Behaviour: 1, Fault: 3, 95.8264, 3 , CLASSIFIED ,
Time: 9597, Behaviour: 1, Fault: 6, 80.7834, 3 , CLASSIFIED ,
Time: 10316, Behaviour: 1, Fault: 1, 88.6702, 1 , CLASSIFIED ,
Time: 10918, Behaviour: 1, Fault: 3, 97.8038, 3 , CLASSIFIED ,
Time: 11542, Behaviour: 1, Fault: 5, 99.5001, 4 , CLASSIFIED ,
Time: 12860, Behaviour: 1, Fault: 6, n/a, 6 , DIAGNOSED ,Time Taken, 291, ELLIGIBLE
Time: 13751, Behaviour: 1, Fault: 6, 100, 3 , CLASSIFIED ,
Time: 14414, Behaviour: 1, Fault: 1, 71.4286, 71.4286, FAILURE 3, n/a, 1 , DIAGNOSED ,Time Taken, 12, ELLIGIBLE
Time: 15162, Behaviour: 3, Fault: 3, 68.313, 68.313, 3 , CLASSIFIED ,
Time: 15765, Behaviour: 3, Fault: 3, 99.8288, 99.8288, 3 , CLASSIFIED ,
Time: 16367, Behaviour: 3, Fault: 2, 89.3816, 2 , CLASSIFIED ,
Time: 16971, Behaviour: 3, Fault: 1, n/a, 1 , DIAGNOSED ,Time Taken, 13, ELLIGIBLE
Time: 17584, Behaviour: 3, Fault: 4, n/a, 4 , DIAGNOSED ,Time Taken, 229, ELLIGIBLE
Time: 18413, Behaviour: 3, Fault: 3, 90.0093, 3 , CLASSIFIED ,
Time: 20323, Behaviour: 3, Fault: 2, 85.4375, 2 , CLASSIFIED ,
Time: 20954, Behaviour: 3, Fault: 2, 89.3816, 2 , CLASSIFIED ,
Time: 21558, Behaviour: 3, Fault: 1, 90.2871, 1 , CLASSIFIED ,
Time: 27864, Behaviour: 1, Fault: 1, n/a, 1 , DIAGNOSED ,Time Taken, 12, ELLIGIBLE
Time: 28842, Behaviour: 1, Fault: 5, 99.5001, 4 , CLASSIFIED ,
Time: 29444, Behaviour: 1, Fault: 3, 100, 100, 3 , CLASSIFIED ,
Time: 30444, Behaviour: 2, Fault: 4, 82.9188, 4 , CLASSIFIED ,
Time: 31048, Behaviour: 2, Fault: 6, n/a, 3 , DIAGNOSED ,Time Taken, 13, ELLIGIBLE
Time: 31663, Behaviour: 2, Fault: 4, 97.9554, 4 , CLASSIFIED ,
Time: 32264, Behaviour: 2, Fault: 3, 79.4645, 3 , CLASSIFIED ,
Time: 33201, Behaviour: 2, Fault: 6, 74.7779, 3 , CLASSIFIED ,
Time: 33855, Behaviour: 2, Fault: 4, 85.6288, 4 , CLASSIFIED ,
Time: 35434, Behaviour: 3, Fault: 4, 97.9554, 4 , CLASSIFIED ,
Total Faults, 38, Elligible Total, 34, DiagTot, 10, Elligible DiagTot, 6, FailTot, 1, MemoryTot, 27, %Memory,0.794118, %Failure,0.0357143
Time: 682, Behaviour: 2, Fault: 1, n/a, 1 , DIAGNOSED ,Time Taken, 12, 
Time: 1657, Behaviour: 2, Fault: 1, n/a, 1 , DIAGNOSED ,Time Taken, 12, ELLIGIBLE
Time: 2269, Behaviour: 2, Fault: 2, n/a, 2 , DIAGNOSED ,Time Taken, 11, 
Time: 2880, Behaviour: 2, Fault: 3, n/a, 3 , DIAGNOSED ,Time Taken, 26, 
Time: 3577, Behaviour: 2, Fault: 6, n/a, 3 , DIAGNOSED ,Time Taken, 14, 
Time: 4264, Behaviour: 2, Fault: 6, 77.8077, 3 , CLASSIFIED ,
Time: 5119, Behaviour: 1, Fault: 4, n/a, 4 , DIAGNOSED ,Time Taken, 117, 
Time: 6231, Behaviour: 1, Fault: 6, 94.6113, 3 , CLASSIFIED ,
Time: 6839, Behaviour: 1, Fault: 5, 99.1668, 4 , CLASSIFIED ,
Time: 7442, Behaviour: 1, Fault: 5, 99.5001, 4 , CLASSIFIED ,
Time: 8212, Behaviour: 1, Fault: 3, 90.859, 3 , CLASSIFIED ,
Time: 8816, Behaviour: 1, Fault: 5, 99.6667, 4 , CLASSIFIED ,
Time: 10892, Behaviour: 1, Fault: 1, n/a, 1 , DIAGNOSED ,Time Taken, 12, ELLIGIBLE
Time: 11581, Behaviour: 1, Fault: 5, 99.5001, 99.5001, 4 , CLASSIFIED ,
Time: 12182, Behaviour: 1, Fault: 3, 94.8641, 3 , CLASSIFIED ,
Time: 12789, Behaviour: 1, Fault: 2, 71.5114, 2 , CLASSIFIED ,
Time: 13480, Behaviour: 1, Fault: 4, 99.0005, 4 , CLASSIFIED ,
Time: 14083, Behaviour: 1, Fault: 4, 99.8335, 99.8335, 4 , CLASSIFIED ,
Time: 14809, Behaviour: 1, Fault: 3, 95.5077, 3 , CLASSIFIED ,
Time: 15429, Behaviour: 3, Fault: 4, n/a, 4 , DIAGNOSED ,Time Taken, 116, ELLIGIBLE
Time: 16276, Behaviour: 3, Fault: 4, 95.5283, 4 , CLASSIFIED ,
Time: 16877, Behaviour: 3, Fault: 3, 99.3174, 3 , CLASSIFIED ,
Time: 17842, Behaviour: 3, Fault: 1, n/a, 1 , DIAGNOSED ,Time Taken, 17, ELLIGIBLE
Time: 18855, Behaviour: 3, Fault: 1, n/a, 1 , DIAGNOSED ,Time Taken, 12, ELLIGIBLE
Time: 19844, Behaviour: 3, Fault: 6, 90.5414, 3 , CLASSIFIED ,
Time: 20623, Behaviour: 3, Fault: 6, n/a, 3 , DIAGNOSED ,Time Taken, 147, ELLIGIBLE
Time: 21370, Behaviour: 3, Fault: 4, 72.8338, 4 , CLASSIFIED ,
Time: 21971, Behaviour: 3, Fault: 2, 92.0986, 2 , CLASSIFIED ,
Time: 22573, Behaviour: 3, Fault: 2, 78.2682, 2 , CLASSIFIED ,
Time: 25941, Behaviour: 1, Fault: 1, 100, 1 , CLASSIFIED ,
Time: 27201, Behaviour: 1, Fault: 6, 100, 3 , CLASSIFIED ,
Time: 28033, Behaviour: 1, Fault: 6, 83.6218, 83.6218, 3 , CLASSIFIED ,
Time: 28958, Behaviour: 1, Fault: 2, 98.3985, 2 , CLASSIFIED ,
Time: 29691, Behaviour: 1, Fault: 5, 98.5001, 4 , CLASSIFIED ,
Time: 31151, Behaviour: 2, Fault: 1, n/a, 1 , DIAGNOSED ,Time Taken, 12, ELLIGIBLE
Time: 33491, Behaviour: 2, Fault: 1, 96.9698, 1 , CLASSIFIED ,
Time: 34110, Behaviour: 2, Fault: 6, 71.1645, 3 , CLASSIFIED ,
Time: 34712, Behaviour: 2, Fault: 3, 85.4293, 3 , CLASSIFIED ,
Time: 35317, Behaviour: 3, Fault: 3, 92.9677, 3 , CLASSIFIED ,
Time: 35969, Behaviour: 3, Fault: 1, 99.7783, 1 , CLASSIFIED ,
Total Faults, 40, Elligible Total, 35, DiagTot, 12, Elligible DiagTot, 7, FailTot, 0, MemoryTot, 28, %Memory,0.8, %Failure,0
Time: 1745, Behaviour: 2, Fault: 1, n/a, 1 , DIAGNOSED ,Time Taken, 27, 
Time: 3436, Behaviour: 2, Fault: 1, 95.3364, 1 , CLASSIFIED ,
Time: 4039, Behaviour: 2, Fault: 3, n/a, 3 , DIAGNOSED ,Time Taken, 13, 
Time: 4661, Behaviour: 2, Fault: 6, n/a, 3 , DIAGNOSED ,Time Taken, 13, 
Time: 5494, Behaviour: 1, Fault: 5, n/a, 5 , DIAGNOSED ,Time Taken, 164, 
Time: 6573, Behaviour: 1, Fault: 5, 97.6689, 5 , CLASSIFIED ,
Time: 7199, Behaviour: 1, Fault: 1, n/a, 1 , DIAGNOSED ,Time Taken, 45, ELLIGIBLE
Time: 7844, Behaviour: 1, Fault: 3, 81.4387, 3 , CLASSIFIED ,
Time: 8500, Behaviour: 1, Fault: 5, 99.1668, 5 , CLASSIFIED ,
Time: 9104, Behaviour: 1, Fault: 5, 99.3333, 5 , CLASSIFIED ,
Time: 9705, Behaviour: 1, Fault: 2, n/a, 2 , DIAGNOSED ,Time Taken, 11, 
Time: 10374, Behaviour: 1, Fault: 5, 98.8368, 98.8368, 5 , CLASSIFIED ,
Time: 11608, Behaviour: 1, Fault: 6, 99.3174, 3 , CLASSIFIED ,
Time: 12212, Behaviour: 1, Fault: 5, 99.5001, 5 , CLASSIFIED ,
Time: 12813, Behaviour: 1, Fault: 3, 96.6471, 3 , CLASSIFIED ,
Time: 13430, Behaviour: 1, Fault: 3, 93.3401, 3 , CLASSIFIED ,
Time: 14034, Behaviour: 1, Fault: 5, 99.5001, 5 , CLASSIFIED ,
Time: 14779, Behaviour: 1, Fault: 5, 99.6667, 5 , CLASSIFIED ,
Time: 15380, Behaviour: 3, Fault: 3, 95.7935, 3 , CLASSIFIED ,
Time: 17185, Behaviour: 3, Fault: 6, n/a, 3 , DIAGNOSED ,Time Taken, 332, ELLIGIBLE
Time: 18117, Behaviour: 3, Fault: 3, 100, 3 , CLASSIFIED ,
Time: 30772, Behaviour: 2, Fault: 1, n/a, 1 , DIAGNOSED ,Time Taken, 20, ELLIGIBLE
Time: 31392, Behaviour: 2, Fault: 3, 85.469, 85.469, 3 , CLASSIFIED ,
Time: 33091, Behaviour: 2, Fault: 4, n/a, 4 , DIAGNOSED ,Time Taken, 116, 
Time: 34384, Behaviour: 2, Fault: 4, 73.3312, 4 , CLASSIFIED ,
Time: 35720, Behaviour: 3, Fault: 6, 69.5814, 3 , CLASSIFIED ,
Total Faults, 26, Elligible Total, 20, DiagTot, 9, Elligible DiagTot, 3, FailTot, 0, MemoryTot, 17, %Memory,0.85, %Failure,0
