Time: 5600, Behaviour: 1, Fault: 1, n/a, 1 , DIAGNOSED ,Time Taken, 12, 
Time: 6416, Behaviour: 1, Fault: 5, n/a, 5 , DIAGNOSED ,Time Taken, 165, 
Time: 7572, Behaviour: 1, Fault: 6, n/a, 3 , DIAGNOSED ,Time Taken, 14, 
Time: 8186, Behaviour: 1, Fault: 2, n/a, 2 , DIAGNOSED ,Time Taken, 12, 
Time: 8927, Behaviour: 1, Fault: 1, 71.4286, 1 , CLASSIFIED ,
Time: 9728, Behaviour: 1, Fault: 2, 98.3985, 2 , CLASSIFIED ,
Time: 10352, Behaviour: 1, Fault: 1, n/a, 1 , DIAGNOSED ,Time Taken, 12, ELLIGIBLE
Time: 10964, Behaviour: 1, Fault: 2, 99.4681, 2 , CLASSIFIED ,
Time: 11566, Behaviour: 1, Fault: 2, 84.8995, 2 , CLASSIFIED ,
Time: 12170, Behaviour: 1, Fault: 4, 99.3355, 5 , CLASSIFIED ,
Time: 12771, Behaviour: 1, Fault: 2, 100, 2 , CLASSIFIED ,
Time: 13402, Behaviour: 1, Fault: 5, 98.5111, 5 , CLASSIFIED ,
Time: 14052, Behaviour: 1, Fault: 4, 100, 5 , CLASSIFIED ,
Time: 14722, Behaviour: 1, Fault: 5, 97.6802, 97.6802, 5 , CLASSIFIED ,
Time: 15323, Behaviour: 3, Fault: 3, 97.4448, 3 , CLASSIFIED ,
Time: 16112, Behaviour: 3, Fault: 6, 96.5759, 3 , CLASSIFIED ,
Time: 16714, Behaviour: 3, Fault: 2, 100, 100, 2 , CLASSIFIED ,
Time: 17316, Behaviour: 3, Fault: 2, 79.7309, 79.7309, 79.7309, 2 , CLASSIFIED ,
Time: 17918, Behaviour: 3, Fault: 3, 79.3077, 3 , CLASSIFIED ,
Time: 18539, Behaviour: 3, Fault: 2, 100, 100, 100, 2 , CLASSIFIED ,
Time: 19673, Behaviour: 3, Fault: 4, n/a, 4 , DIAGNOSED ,Time Taken, 116, ELLIGIBLE
Time: 20395, Behaviour: 3, Fault: 6, 82.6717, 3 , CLASSIFIED ,
Time: 20997, Behaviour: 3, Fault: 2, 84.8394, 2 , CLASSIFIED ,
Time: 21599, Behaviour: 3, Fault: 2, 93.3976, 2 , CLASSIFIED ,
Time: 22550, Behaviour: 3, Fault: 1, n/a, 1 , DIAGNOSED ,Time Taken, 12, ELLIGIBLE
Time: 23187, Behaviour: 3, Fault: 4, 79.1247, 4 , CLASSIFIED ,
Time: 24633, Behaviour: 3, Fault: 1, 95.9471, 1 , CLASSIFIED ,
Time: 25739, Behaviour: 1, Fault: 6, 73.9849, 3 , CLASSIFIED ,
Time: 26354, Behaviour: 1, Fault: 5, 100, 5 , CLASSIFIED ,
Time: 27539, Behaviour: 1, Fault: 5, 97.4994, 5 , CLASSIFIED ,
Time: 28159, Behaviour: 1, Fault: 4, 99.8335, 99.8335, 5 , CLASSIFIED ,
Time: 28760, Behaviour: 1, Fault: 6, 99.1449, 3 , CLASSIFIED ,
Time: 29410, Behaviour: 1, Fault: 5, 99.3355, 5 , CLASSIFIED ,
Total Faults, 33, Elligible Total, 29, DiagTot, 7, Elligible DiagTot, 3, FailTot, 0, MemoryTot, 26, %Memory,0.896552, %Failure,0
Time: 661, Behaviour: 2, Fault: 1, n/a, 1 , DIAGNOSED ,Time Taken, 12, 
Time: 1978, Behaviour: 2, Fault: 4, n/a, 4 , DIAGNOSED ,Time Taken, 201, 
Time: 2779, Behaviour: 2, Fault: 3, n/a, 3 , DIAGNOSED ,Time Taken, 13, 
Time: 3393, Behaviour: 2, Fault: 1, n/a, 1 , DIAGNOSED ,Time Taken, 12, ELLIGIBLE
Time: 4005, Behaviour: 2, Fault: 2, n/a, 2 , DIAGNOSED ,Time Taken, 11, 
Time: 4616, Behaviour: 2, Fault: 2, 83.9595, 2 , CLASSIFIED ,
Time: 5402, Behaviour: 1, Fault: 5, n/a, 5 , DIAGNOSED ,Time Taken, 166, 
Time: 6168, Behaviour: 1, Fault: 2, DECENTRALISED, 80.6631, 2 , CLASSIFIED ,
Time: 6849, Behaviour: 1, Fault: 4, 96.8498, 5 , CLASSIFIED ,
Time: 7654, Behaviour: 1, Fault: 1, n/a, 1 , DIAGNOSED ,Time Taken, 12, ELLIGIBLE
Time: 8268, Behaviour: 1, Fault: 4, 97.511, 5 , CLASSIFIED ,
Time: 8885, Behaviour: 1, Fault: 4, 95.879, 5 , CLASSIFIED ,
Time: 9486, Behaviour: 1, Fault: 3, 70.8286, FAILURE 5, n/a, 3 , DIAGNOSED ,Time Taken, 13, ELLIGIBLE
Time: 10099, Behaviour: 1, Fault: 2, 83.1951, 2 , CLASSIFIED ,
Time: 10875, Behaviour: 1, Fault: 6, 83.666, 3 , CLASSIFIED ,
Time: 11479, Behaviour: 1, Fault: 4, 99.6667, 5 , CLASSIFIED ,
Time: 12080, Behaviour: 1, Fault: 2, 96.4269, 2 , CLASSIFIED ,
Time: 13423, Behaviour: 1, Fault: 1, n/a, 1 , DIAGNOSED ,Time Taken, 12, ELLIGIBLE
Time: 14037, Behaviour: 1, Fault: 4, 99.8335, 99.8335, 5 , CLASSIFIED ,
Time: 16956, Behaviour: 3, Fault: 3, 81.6497, 3 , CLASSIFIED ,
Time: 17578, Behaviour: 3, Fault: 4, n/a, 4 , DIAGNOSED ,Time Taken, 175, ELLIGIBLE
Time: 18364, Behaviour: 3, Fault: 4, 77.6218, 4 , CLASSIFIED ,
Time: 19287, Behaviour: 3, Fault: 1, n/a, 1 , DIAGNOSED ,Time Taken, 12, ELLIGIBLE
Time: 19899, Behaviour: 3, Fault: 3, 77.7542, 3 , CLASSIFIED ,
Time: 22252, Behaviour: 3, Fault: 1, n/a, 1 , DIAGNOSED ,Time Taken, 12, ELLIGIBLE
Time: 22864, Behaviour: 3, Fault: 2, 95.9436, 2 , CLASSIFIED ,
Time: 23466, Behaviour: 3, Fault: 2, 79.1502, 2 , CLASSIFIED ,
Time: 24068, Behaviour: 3, Fault: 2, 93.5837, 2 , CLASSIFIED ,
Time: 25165, Behaviour: 1, Fault: 1, 99.7778, 1 , CLASSIFIED ,
Time: 26411, Behaviour: 1, Fault: 6, 100, 3 , CLASSIFIED ,
Time: 27287, Behaviour: 1, Fault: 6, n/a, 3 , DIAGNOSED ,Time Taken, 305, ELLIGIBLE
Time: 28194, Behaviour: 1, Fault: 5, 99.8335, 5 , CLASSIFIED ,
Time: 28795, Behaviour: 1, Fault: 2, 96.4269, 2 , CLASSIFIED ,
Time: 30237, Behaviour: 2, Fault: 6, 70.8382, 3 , CLASSIFIED ,
Time: 31397, Behaviour: 2, Fault: 1, 98.0314, 1 , CLASSIFIED ,
Time: 31999, Behaviour: 2, Fault: 6, 76.3429, 3 , CLASSIFIED ,
Time: 35135, Behaviour: 3, Fault: 1, 99.5565, 1 , CLASSIFIED ,
Total Faults, 37, Elligible Total, 32, DiagTot, 12, Elligible DiagTot, 7, FailTot, 1, MemoryTot, 24, %Memory,0.75, %Failure,0.04
Time: 841, Behaviour: 2, Fault: 1, n/a, 1 , DIAGNOSED ,Time Taken, 12, 
Time: 1453, Behaviour: 2, Fault: 2, n/a, 2 , DIAGNOSED ,Time Taken, 11, 
Time: 2064, Behaviour: 2, Fault: 6, n/a, 3 , DIAGNOSED ,Time Taken, 13, 
Time: 2778, Behaviour: 2, Fault: 6, 90.5537, 3 , CLASSIFIED ,
Time: 3416, Behaviour: 2, Fault: 4, n/a, 4 , DIAGNOSED ,Time Taken, 227, 
Time: 5384, Behaviour: 1, Fault: 1, n/a, 1 , DIAGNOSED ,Time Taken, 12, ELLIGIBLE
Time: 5998, Behaviour: 1, Fault: 4, n/a, 4 , DIAGNOSED ,Time Taken, 116, ELLIGIBLE
Time: 6806, Behaviour: 1, Fault: 1, n/a, 1 , DIAGNOSED ,Time Taken, 31, ELLIGIBLE
Time: 7548, Behaviour: 1, Fault: 3, 93.0482, 3 , CLASSIFIED ,
Time: 8739, Behaviour: 1, Fault: 3, 66.4726, 3 , CLASSIFIED ,
Time: 9373, Behaviour: 1, Fault: 2, 69.2364, 2 , CLASSIFIED ,
Time: 10095, Behaviour: 1, Fault: 5, 98.8346, 4 , CLASSIFIED ,
Time: 10712, Behaviour: 1, Fault: 5, 100, 4 , CLASSIFIED ,
Time: 12034, Behaviour: 1, Fault: 1, 73.5655, 1 , CLASSIFIED ,
Time: 12636, Behaviour: 1, Fault: 2, 85.6065, 2 , CLASSIFIED ,
Time: 13238, Behaviour: 1, Fault: 2, 91.0081, 2 , CLASSIFIED ,
Time: 13842, Behaviour: 1, Fault: 5, 99.5012, 99.5012, 4 , CLASSIFIED ,
Time: 14443, Behaviour: 1, Fault: 3, 96.2658, 3 , CLASSIFIED ,
Time: 15111, Behaviour: 3, Fault: 3, 97.3059, 3 , CLASSIFIED ,
Time: 15719, Behaviour: 3, Fault: 4, 85.9709, 4 , CLASSIFIED ,
Time: 16320, Behaviour: 3, Fault: 3, 89.4113, 3 , CLASSIFIED ,
Time: 17364, Behaviour: 3, Fault: 6, 93.8917, 3 , CLASSIFIED ,
Time: 18117, Behaviour: 3, Fault: 1, 69.1628, 1 , CLASSIFIED ,
Time: 18988, Behaviour: 3, Fault: 4, 72.7992, 4 , CLASSIFIED ,
Time: 19589, Behaviour: 3, Fault: 2, 98.4013, 2 , CLASSIFIED ,
Time: 20191, Behaviour: 3, Fault: 3, 93.5687, 3 , CLASSIFIED ,
Time: 20795, Behaviour: 3, Fault: 4, 88.4495, 4 , CLASSIFIED ,
Time: 21396, Behaviour: 3, Fault: 3, 94.8541, 3 , CLASSIFIED ,
Time: 22030, Behaviour: 3, Fault: 2, 99.4681, 2 , CLASSIFIED ,
Time: 22632, Behaviour: 3, Fault: 3, 88.5831, 3 , CLASSIFIED ,
Time: 23282, Behaviour: 3, Fault: 3, 91.8976, 3 , CLASSIFIED ,
Time: 23885, Behaviour: 3, Fault: 3, 98.6361, 3 , CLASSIFIED ,
Time: 24546, Behaviour: 3, Fault: 1, n/a, 1 , DIAGNOSED ,Time Taken, 24, ELLIGIBLE
Time: 25170, Behaviour: 1, Fault: 3, 94.2258, 3 , CLASSIFIED ,
Time: 25774, Behaviour: 1, Fault: 4, 99.5012, 4 , CLASSIFIED ,
Time: 26512, Behaviour: 1, Fault: 5, 99.1668, 4 , CLASSIFIED ,
Time: 27188, Behaviour: 1, Fault: 1, n/a, 1 , DIAGNOSED ,Time Taken, 69, ELLIGIBLE
Time: 28247, Behaviour: 1, Fault: 1, 99.8335, 1 , CLASSIFIED ,
Time: 28981, Behaviour: 1, Fault: 5, 96.8399, 4 , CLASSIFIED ,
Time: 29651, Behaviour: 1, Fault: 5, 100, 4 , CLASSIFIED ,
Time: 30268, Behaviour: 2, Fault: 4, 99.4401, 4 , CLASSIFIED ,
Time: 30869, Behaviour: 2, Fault: 2, 77.8104, 77.8104, 2 , CLASSIFIED ,
Time: 31481, Behaviour: 2, Fault: 4, 85.6813, 4 , CLASSIFIED ,
Time: 32095, Behaviour: 2, Fault: 6, n/a, 3 , DIAGNOSED ,Time Taken, 116, ELLIGIBLE
Time: 32811, Behaviour: 2, Fault: 2, 86.4565, 2 , CLASSIFIED ,
Time: 34045, Behaviour: 2, Fault: 1, 99.7783, 1 , CLASSIFIED ,
Time: 34721, Behaviour: 2, Fault: 6, n/a, 3 , DIAGNOSED ,Time Taken, 13, ELLIGIBLE
Time: 35334, Behaviour: 3, Fault: 2, 77.3554, 2 , CLASSIFIED ,
Time: 35958, Behaviour: 3, Fault: 6, 85.1267, 3 , CLASSIFIED ,
Total Faults, 49, Elligible Total, 45, DiagTot, 11, Elligible DiagTot, 7, FailTot, 0, MemoryTot, 38, %Memory,0.844444, %Failure,0
Time: 1088, Behaviour: 2, Fault: 1, n/a, 1 , DIAGNOSED ,Time Taken, 15, 
Time: 1703, Behaviour: 2, Fault: 2, n/a, 2 , DIAGNOSED ,Time Taken, 11, 
Time: 2646, Behaviour: 2, Fault: 6, n/a, 3 , DIAGNOSED ,Time Taken, 28, 
Time: 4815, Behaviour: 2, Fault: 4, n/a, 4 , DIAGNOSED ,Time Taken, 116, 
Time: 6758, Behaviour: 1, Fault: 6, n/a, 3 , DIAGNOSED ,Time Taken, 13, ELLIGIBLE
Time: 7573, Behaviour: 1, Fault: 1, n/a, 1 , DIAGNOSED ,Time Taken, 14, ELLIGIBLE
Time: 8212, Behaviour: 1, Fault: 4, n/a, 4 , DIAGNOSED ,Time Taken, 116, ELLIGIBLE
Time: 8930, Behaviour: 1, Fault: 5, 99.1679, 4 , CLASSIFIED ,
Time: 9573, Behaviour: 1, Fault: 4, 99.6667, 4 , CLASSIFIED ,
Time: 10501, Behaviour: 1, Fault: 3, 68.313, 3 , CLASSIFIED ,
Time: 11162, Behaviour: 1, Fault: 2, 75.2031, 2 , CLASSIFIED ,
Time: 11953, Behaviour: 1, Fault: 3, 100, 3 , CLASSIFIED ,
Time: 12809, Behaviour: 1, Fault: 1, 74.3968, 1 , CLASSIFIED ,
Time: 13411, Behaviour: 1, Fault: 3, 98.2988, 98.2988, 3 , CLASSIFIED ,
Time: 14013, Behaviour: 1, Fault: 3, 100, 100, 3 , CLASSIFIED ,
Time: 14615, Behaviour: 1, Fault: 2, 93.2351, 2 , CLASSIFIED ,
Time: 15230, Behaviour: 3, Fault: 3, 99.3174, 99.3174, 99.3174, 3 , CLASSIFIED ,
Time: 15832, Behaviour: 3, Fault: 2, 81.5909, 2 , CLASSIFIED ,
Time: 16434, Behaviour: 3, Fault: 2, 84.1829, 2 , CLASSIFIED ,
Time: 17114, Behaviour: 3, Fault: 6, 87.1872, 3 , CLASSIFIED ,
Time: 18132, Behaviour: 3, Fault: 1, 94.2217, 1 , CLASSIFIED ,
Time: 18735, Behaviour: 3, Fault: 6, 99.486, 99.486, 99.486, 3 , CLASSIFIED ,
Time: 19337, Behaviour: 3, Fault: 3, 96.9576, 3 , CLASSIFIED ,
Time: 20742, Behaviour: 3, Fault: 4, n/a, 4 , DIAGNOSED ,Time Taken, 116, ELLIGIBLE
Time: 21458, Behaviour: 3, Fault: 3, 83.177, 3 , CLASSIFIED ,
Time: 22060, Behaviour: 3, Fault: 2, 91.3164, 2 , CLASSIFIED ,
Time: 22662, Behaviour: 3, Fault: 2, 100, 2 , CLASSIFIED ,
Time: 23266, Behaviour: 3, Fault: 4, 85.6365, 4 , CLASSIFIED ,
Time: 24306, Behaviour: 3, Fault: 6, 76.1978, 3 , CLASSIFIED ,
Time: 25202, Behaviour: 1, Fault: 6, 85.4194, 85.4194, 3 , CLASSIFIED ,
Time: 25880, Behaviour: 1, Fault: 4, n/a, 4 , DIAGNOSED ,Time Taken, 116, ELLIGIBLE
Time: 26598, Behaviour: 1, Fault: 5, 99.6667, 4 , CLASSIFIED ,
Time: 27199, Behaviour: 1, Fault: 3, 100, 3 , CLASSIFIED ,
Time: 28388, Behaviour: 1, Fault: 3, 68.313, 3 , CLASSIFIED ,
Time: 28990, Behaviour: 1, Fault: 3, 100, 3 , CLASSIFIED ,
Time: 29798, Behaviour: 1, Fault: 5, 99.5001, 99.5001, 4 , CLASSIFIED ,
Time: 30448, Behaviour: 2, Fault: 4, 83.7064, 4 , CLASSIFIED ,
Time: 31049, Behaviour: 2, Fault: 6, 99.4878, 3 , CLASSIFIED ,
Time: 31651, Behaviour: 2, Fault: 2, 98.9285, 2 , CLASSIFIED ,
Time: 32633, Behaviour: 2, Fault: 4, 98.3179, 4 , CLASSIFIED ,
Total Faults, 40, Elligible Total, 36, DiagTot, 9, Elligible DiagTot, 5, FailTot, 0, MemoryTot, 31, %Memory,0.861111, %Failure,0
Time: 641, Behaviour: 2, Fault: 1, n/a, 1 , DIAGNOSED ,Time Taken, 22, 
Time: 1661, Behaviour: 2, Fault: 4, n/a, 4 , DIAGNOSED ,Time Taken, 223, 
Time: 2927, Behaviour: 2, Fault: 4, 79.8912, 4 , CLASSIFIED ,
Time: 3528, Behaviour: 2, Fault: 3, n/a, 3 , DIAGNOSED ,Time Taken, 15, 
Time: 4304, Behaviour: 2, Fault: 4, 90.7792, 4 , CLASSIFIED ,
Time: 4905, Behaviour: 2, Fault: 3, 78.7717, 3 , CLASSIFIED ,
Time: 5535, Behaviour: 1, Fault: 1, 68.313, 1 , CLASSIFIED ,
Time: 6138, Behaviour: 1, Fault: 2, n/a, 2 , DIAGNOSED ,Time Taken, 12, 
Time: 7793, Behaviour: 1, Fault: 1, 84.5154, 1 , CLASSIFIED ,
Time: 8397, Behaviour: 1, Fault: 4, n/a, 4 , DIAGNOSED ,Time Taken, 116, ELLIGIBLE
Time: 9136, Behaviour: 1, Fault: 2, 98.9247, 2 , CLASSIFIED ,
Time: 9781, Behaviour: 1, Fault: 4, 99.6667, 4 , CLASSIFIED ,
Time: 10530, Behaviour: 1, Fault: 1, 68.313, 1 , CLASSIFIED ,
Time: 11196, Behaviour: 1, Fault: 5, 99.6667, 4 , CLASSIFIED ,
Time: 11948, Behaviour: 1, Fault: 1, DECENTRALISED, 98.8047, 1 , CLASSIFIED ,
Time: 12665, Behaviour: 1, Fault: 5, 97.8335, 97.8335, 97.8335, 4 , CLASSIFIED ,
Time: 13616, Behaviour: 1, Fault: 6, 84.2211, 3 , CLASSIFIED ,
Time: 14945, Behaviour: 1, Fault: 1, 100, 1 , CLASSIFIED ,
Time: 15824, Behaviour: 3, Fault: 4, 91.0078, 4 , CLASSIFIED ,
Time: 17576, Behaviour: 3, Fault: 1, n/a, 1 , DIAGNOSED ,Time Taken, 27, ELLIGIBLE
Time: 18205, Behaviour: 3, Fault: 1, 77.6575, 1 , CLASSIFIED ,
Time: 18964, Behaviour: 3, Fault: 1, 100, 1 , CLASSIFIED ,
Time: 19568, Behaviour: 3, Fault: 4, 91.2723, 4 , CLASSIFIED ,
Time: 20325, Behaviour: 3, Fault: 4, 93.448, 4 , CLASSIFIED ,
Time: 20926, Behaviour: 3, Fault: 3, 89.0863, 3 , CLASSIFIED ,
Time: 23954, Behaviour: 3, Fault: 1, n/a, 1 , DIAGNOSED ,Time Taken, 12, ELLIGIBLE
Time: 24863, Behaviour: 3, Fault: 4, 80.3832, 4 , CLASSIFIED ,
Time: 25464, Behaviour: 1, Fault: 3, 99.4875, 3 , CLASSIFIED ,
Time: 26156, Behaviour: 1, Fault: 2, 100, 2 , CLASSIFIED ,
Time: 26773, Behaviour: 1, Fault: 4, 99.8335, 99.8335, 4 , CLASSIFIED ,
Time: 27374, Behaviour: 1, Fault: 2, 77.7134, 2 , CLASSIFIED ,
Time: 28152, Behaviour: 1, Fault: 1, 69.4467, 1 , CLASSIFIED ,
Time: 28900, Behaviour: 1, Fault: 5, 99.6672, 4 , CLASSIFIED ,
Time: 29502, Behaviour: 1, Fault: 1, 68.196, 68.196, 1 , CLASSIFIED ,
Time: 30104, Behaviour: 2, Fault: 2, 98.9247, 2 , CLASSIFIED ,
Time: 30707, Behaviour: 2, Fault: 3, 84.0754, 3 , CLASSIFIED ,
Time: 31310, Behaviour: 2, Fault: 2, 88.3256, 2 , CLASSIFIED ,
Time: 31923, Behaviour: 2, Fault: 6, 86.9344, 3 , CLASSIFIED ,
Time: 33096, Behaviour: 2, Fault: 1, 100, 1 , CLASSIFIED ,
Time: 33698, Behaviour: 2, Fault: 2, 86.5515, 2 , CLASSIFIED ,
Time: 35158, Behaviour: 3, Fault: 4, 89.1392, 4 , CLASSIFIED ,
Time: 35759, Behaviour: 3, Fault: 3, 82.6964, 3 , CLASSIFIED ,
Total Faults, 42, Elligible Total, 38, DiagTot, 7, Elligible DiagTot, 3, FailTot, 0, MemoryTot, 35, %Memory,0.921053, %Failure,0
Time: 600, Behaviour: 2, Fault: 1, n/a, 1 , DIAGNOSED ,Time Taken, 12, 
Time: 2122, Behaviour: 2, Fault: 1, n/a, 1 , DIAGNOSED ,Time Taken, 12, ELLIGIBLE
Time: 2734, Behaviour: 2, Fault: 2, n/a, 2 , DIAGNOSED ,Time Taken, 11, 
Time: 3386, Behaviour: 2, Fault: 6, n/a, 3 , DIAGNOSED ,Time Taken, 14, 
Time: 4000, Behaviour: 2, Fault: 3, 92.2145, 3 , CLASSIFIED ,
Time: 4732, Behaviour: 2, Fault: 4, n/a, 4 , DIAGNOSED ,Time Taken, 116, 
Time: 5478, Behaviour: 1, Fault: 1, n/a, 1 , DIAGNOSED ,Time Taken, 12, ELLIGIBLE
Time: 6090, Behaviour: 1, Fault: 3, 95.2414, 3 , CLASSIFIED ,
Time: 7058, Behaviour: 1, Fault: 1, n/a, 1 , DIAGNOSED ,Time Taken, 13, ELLIGIBLE
Time: 7671, Behaviour: 1, Fault: 1, 70.9884, FAILURE 3, 70.9884, FAILURE 3, n/a, 1 , DIAGNOSED ,Time Taken, 100, ELLIGIBLE
Time: 8371, Behaviour: 1, Fault: 3, 99.6579, 3 , CLASSIFIED ,
Time: 8973, Behaviour: 1, Fault: 2, 94.9958, 2 , CLASSIFIED ,
Time: 9796, Behaviour: 1, Fault: 5, n/a, 5 , DIAGNOSED ,Time Taken, 166, 
Time: 10862, Behaviour: 1, Fault: 5, 95.17, 5 , CLASSIFIED ,
Time: 11463, Behaviour: 1, Fault: 3, 100, 3 , CLASSIFIED ,
Time: 12068, Behaviour: 1, Fault: 5, 99.3355, 5 , CLASSIFIED ,
Time: 15910, Behaviour: 3, Fault: 4, 74.2151, 4 , CLASSIFIED ,
Time: 16512, Behaviour: 3, Fault: 3, 83.666, 83.666, 3 , CLASSIFIED ,
Time: 17114, Behaviour: 3, Fault: 2, 70.5088, 2 , CLASSIFIED ,
Time: 18576, Behaviour: 3, Fault: 1, 99.7783, 1 , CLASSIFIED ,
Time: 19188, Behaviour: 3, Fault: 1, n/a, 1 , DIAGNOSED ,Time Taken, 12, ELLIGIBLE
Time: 19800, Behaviour: 3, Fault: 2, 98.4013, 2 , CLASSIFIED ,
Time: 20402, Behaviour: 3, Fault: 2, 90.6035, 2 , CLASSIFIED ,
Time: 21004, Behaviour: 3, Fault: 2, 91.796, 2 , CLASSIFIED ,
Time: 21606, Behaviour: 3, Fault: 2, 91.8995, 2 , CLASSIFIED ,
Time: 23117, Behaviour: 3, Fault: 1, n/a, 1 , DIAGNOSED ,Time Taken, 12, ELLIGIBLE
Time: 25278, Behaviour: 1, Fault: 6, n/a, 3 , DIAGNOSED ,Time Taken, 159, ELLIGIBLE
Time: 26143, Behaviour: 1, Fault: 3, 81.6497, 3 , CLASSIFIED ,
Time: 26787, Behaviour: 1, Fault: 2, 98.9247, 2 , CLASSIFIED ,
Time: 27439, Behaviour: 1, Fault: 5, 99.5001, 5 , CLASSIFIED ,
Time: 28054, Behaviour: 1, Fault: 4, 99.6262, 4 , CLASSIFIED ,
Time: 28845, Behaviour: 1, Fault: 5, 98.0087, 5 , CLASSIFIED ,
Time: 31424, Behaviour: 2, Fault: 1, n/a, 1 , DIAGNOSED ,Time Taken, 12, ELLIGIBLE
Time: 32036, Behaviour: 2, Fault: 3, 81.5551, 3 , CLASSIFIED ,
Time: 32640, Behaviour: 2, Fault: 4, 100, 4 , CLASSIFIED ,
Time: 33639, Behaviour: 2, Fault: 6, n/a, 3 , DIAGNOSED ,Time Taken, 13, ELLIGIBLE
Time: 35170, Behaviour: 3, Fault: 1, 100, 1 , CLASSIFIED ,
Time: 35772, Behaviour: 3, Fault: 3, 79.2341, 3 , CLASSIFIED ,
Total Faults, 38, Elligible Total, 33, DiagTot, 12, Elligible DiagTot, 7, FailTot, 2, MemoryTot, 24, %Memory,0.727273, %Failure,0.0769231
Time: 633, Behaviour: 2, Fault: 1, n/a, 1 , DIAGNOSED ,Time Taken, 12, 
Time: 1293, Behaviour: 2, Fault: 3, DECENTRALISED, n/a, 3 , DIAGNOSED ,Time Taken, 14, 
Time: 1907, Behaviour: 2, Fault: 3, 78.0421, 3 , CLASSIFIED ,
Time: 4031, Behaviour: 2, Fault: 1, 99.7783, 1 , CLASSIFIED ,
Time: 5290, Behaviour: 1, Fault: 1, 99.7783, 1 , CLASSIFIED ,
Time: 6235, Behaviour: 1, Fault: 3, 83.666, 3 , CLASSIFIED ,
Time: 7795, Behaviour: 1, Fault: 1, n/a, 1 , DIAGNOSED ,Time Taken, 13, ELLIGIBLE
Time: 8673, Behaviour: 1, Fault: 5, 70.9468, FAILURE 3, 70.9468, FAILURE 3, n/a, 5 , DIAGNOSED ,Time Taken, 325, 
Time: 9598, Behaviour: 1, Fault: 2, n/a, 2 , DIAGNOSED ,Time Taken, 53, 
Time: 10253, Behaviour: 1, Fault: 4, 99.3339, 5 , CLASSIFIED ,
Time: 11143, Behaviour: 1, Fault: 4, 100, 5 , CLASSIFIED ,
Time: 11766, Behaviour: 1, Fault: 1, 71.4286, FAILURE 3, n/a, 1 , DIAGNOSED ,Time Taken, 12, ELLIGIBLE
Time: 12378, Behaviour: 1, Fault: 6, 100, 3 , CLASSIFIED ,
Time: 12982, Behaviour: 1, Fault: 4, n/a, 4 , DIAGNOSED ,Time Taken, 129, ELLIGIBLE
Time: 13711, Behaviour: 1, Fault: 2, 90.1891, 2 , CLASSIFIED ,
Time: 14346, Behaviour: 1, Fault: 5, 99.8335, 99.8335, 5 , CLASSIFIED ,
Time: 14948, Behaviour: 1, Fault: 5, 99.3355, 99.3355, 5 , CLASSIFIED ,
Time: 15549, Behaviour: 3, Fault: 2, 100, 2 , CLASSIFIED ,
Time: 16151, Behaviour: 3, Fault: 3, 100, 100, 3 , CLASSIFIED ,
Time: 17046, Behaviour: 3, Fault: 1, 99.5565, 1 , CLASSIFIED ,
Time: 17725, Behaviour: 3, Fault: 4, 96.8942, 4 , CLASSIFIED ,
Time: 18902, Behaviour: 3, Fault: 6, n/a, 3 , DIAGNOSED ,Time Taken, 16, ELLIGIBLE
Time: 22736, Behaviour: 3, Fault: 6, 96.7993, 96.7993, 96.7993, 3 , CLASSIFIED ,
Time: 25893, Behaviour: 1, Fault: 1, 100, 1 , CLASSIFIED ,
Time: 26496, Behaviour: 1, Fault: 2, 100, 100, 2 , CLASSIFIED ,
Time: 27118, Behaviour: 1, Fault: 5, 98.3421, 98.3421, 5 , CLASSIFIED ,
Time: 27747, Behaviour: 1, Fault: 2, 98.9247, 98.9247, 98.9247, 2 , CLASSIFIED ,
Time: 28349, Behaviour: 1, Fault: 2, 95.4206, 2 , CLASSIFIED ,
Time: 28951, Behaviour: 1, Fault: 3, 100, 100, 3 , CLASSIFIED ,
Time: 29573, Behaviour: 1, Fault: 2, 100, 2 , CLASSIFIED ,
Time: 30175, Behaviour: 2, Fault: 3, 90.9553, 90.9553, 90.9553, 3 , CLASSIFIED ,
Time: 31281, Behaviour: 2, Fault: 6, 81.5551, 3 , CLASSIFIED ,
Time: 31885, Behaviour: 2, Fault: 4, 96.5162, 4 , CLASSIFIED ,
Time: 32513, Behaviour: 2, Fault: 1, n/a, 1 , DIAGNOSED ,Time Taken, 12, ELLIGIBLE
Time: 33125, Behaviour: 2, Fault: 3, 82.9411, 3 , CLASSIFIED ,
Time: 34014, Behaviour: 2, Fault: 6, 86.2647, 3 , CLASSIFIED ,
Time: 34727, Behaviour: 2, Fault: 6, 69.1169, 3 , CLASSIFIED ,
Time: 35330, Behaviour: 3, Fault: 3, 95.6235, 3 , CLASSIFIED ,
Time: 35934, Behaviour: 3, Fault: 1, 70.7107, 1 , CLASSIFIED ,
Total Faults, 39, Elligible Total, 35, DiagTot, 6, Elligible DiagTot, 2, FailTot, 3, MemoryTot, 30, %Memory,0.857143, %Failure,0.0909091
Time: 897, Behaviour: 2, Fault: 1, n/a, 1 , DIAGNOSED ,Time Taken, 12, 
Time: 8818, Behaviour: 1, Fault: 1, n/a, 1 , DIAGNOSED ,Time Taken, 12, ELLIGIBLE
Time: 9551, Behaviour: 1, Fault: 1, n/a, 1 , DIAGNOSED ,Time Taken, 13, ELLIGIBLE
Time: 10166, Behaviour: 1, Fault: 5, n/a, 5 , DIAGNOSED ,Time Taken, 165, 
Time: 11247, Behaviour: 1, Fault: 2, n/a, 2 , DIAGNOSED ,Time Taken, 11, 
Time: 11858, Behaviour: 1, Fault: 6, n/a, 3 , DIAGNOSED ,Time Taken, 322, 
Time: 13049, Behaviour: 1, Fault: 1, 74.6008, 1 , CLASSIFIED ,
Time: 14297, Behaviour: 1, Fault: 5, 99.6667, 5 , CLASSIFIED ,
Time: 14900, Behaviour: 1, Fault: 4, 99.6667, 5 , CLASSIFIED ,
Time: 15609, Behaviour: 3, Fault: 4, n/a, 4 , DIAGNOSED ,Time Taken, 116, ELLIGIBLE
Time: 16427, Behaviour: 3, Fault: 6, n/a, 3 , DIAGNOSED ,Time Taken, 13, ELLIGIBLE
Time: 17040, Behaviour: 3, Fault: 3, 86.3561, 3 , CLASSIFIED ,
Time: 17642, Behaviour: 3, Fault: 1, n/a, 1 , DIAGNOSED ,Time Taken, 13, ELLIGIBLE
Time: 18255, Behaviour: 3, Fault: 3, 99.486, 3 , CLASSIFIED ,
Time: 20735, Behaviour: 3, Fault: 6, 81.0777, 3 , CLASSIFIED ,
Time: 21843, Behaviour: 3, Fault: 1, 92.391, 1 , CLASSIFIED ,
Time: 22445, Behaviour: 3, Fault: 6, n/a, 3 , DIAGNOSED ,Time Taken, 187, ELLIGIBLE
Time: 23232, Behaviour: 3, Fault: 2, 68.6597, 2 , CLASSIFIED ,
Time: 25087, Behaviour: 1, Fault: 1, 98.9011, 1 , CLASSIFIED ,
Time: 25691, Behaviour: 1, Fault: 5, 99.5001, 99.5001, 5 , CLASSIFIED ,
Time: 26469, Behaviour: 1, Fault: 6, 89.9662, 3 , CLASSIFIED ,
Time: 27366, Behaviour: 1, Fault: 2, 100, 2 , CLASSIFIED ,
Time: 28280, Behaviour: 1, Fault: 6, 100, 3 , CLASSIFIED ,
Time: 28883, Behaviour: 1, Fault: 3, 100, 100, 3 , CLASSIFIED ,
Time: 29485, Behaviour: 1, Fault: 2, 98.9247, 2 , CLASSIFIED ,
Time: 30228, Behaviour: 2, Fault: 4, 85.4306, 4 , CLASSIFIED ,
Time: 30829, Behaviour: 2, Fault: 2, 84.3345, 2 , CLASSIFIED ,
Time: 32088, Behaviour: 2, Fault: 1, n/a, 1 , DIAGNOSED ,Time Taken, 35, ELLIGIBLE
Time: 32821, Behaviour: 2, Fault: 4, 68.7773, 4 , CLASSIFIED ,
Total Faults, 29, Elligible Total, 25, DiagTot, 11, Elligible DiagTot, 7, FailTot, 0, MemoryTot, 18, %Memory,0.72, %Failure,0
Time: 2057, Behaviour: 2, Fault: 1, n/a, 1 , DIAGNOSED ,Time Taken, 12, 
Time: 2669, Behaviour: 2, Fault: 3, n/a, 3 , DIAGNOSED ,Time Taken, 26, 
Time: 3669, Behaviour: 2, Fault: 4, n/a, 4 , DIAGNOSED ,Time Taken, 116, 
Time: 4385, Behaviour: 2, Fault: 2, n/a, 2 , DIAGNOSED ,Time Taken, 35, 
Time: 5020, Behaviour: 1, Fault: 2, 83.8664, 2 , CLASSIFIED ,
Time: 5865, Behaviour: 1, Fault: 1, n/a, 1 , DIAGNOSED ,Time Taken, 12, ELLIGIBLE
Time: 6647, Behaviour: 1, Fault: 6, 90.6192, 3 , CLASSIFIED ,
Time: 7368, Behaviour: 1, Fault: 5, n/a, 5 , DIAGNOSED ,Time Taken, 261, 
Time: 8229, Behaviour: 1, Fault: 3, 100, 3 , CLASSIFIED ,
Time: 8832, Behaviour: 1, Fault: 3, 93.262, 3 , CLASSIFIED ,
Time: 9571, Behaviour: 1, Fault: 6, 93.9661, 93.9661, 3 , CLASSIFIED ,
Time: 10279, Behaviour: 1, Fault: 5, 99.1679, 5 , CLASSIFIED ,
Time: 11287, Behaviour: 1, Fault: 1, 84.5154, 1 , CLASSIFIED ,
Time: 11991, Behaviour: 1, Fault: 5, 99.8335, 5 , CLASSIFIED ,
Time: 12630, Behaviour: 1, Fault: 1, 99.7783, 1 , CLASSIFIED ,
Time: 13791, Behaviour: 1, Fault: 3, 83.666, 83.666, 3 , CLASSIFIED ,
Time: 14543, Behaviour: 1, Fault: 2, 98.4013, 2 , CLASSIFIED ,
Time: 15907, Behaviour: 3, Fault: 6, 86.6329, 3 , CLASSIFIED ,
Time: 16689, Behaviour: 3, Fault: 4, 94.9718, 4 , CLASSIFIED ,
Time: 17293, Behaviour: 3, Fault: 1, 83.666, 1 , CLASSIFIED ,
Time: 17895, Behaviour: 3, Fault: 3, 89.0294, 3 , CLASSIFIED ,
Time: 18497, Behaviour: 3, Fault: 3, 83.1727, 3 , CLASSIFIED ,
Time: 19100, Behaviour: 3, Fault: 2, 85.0117, 2 , CLASSIFIED ,
Time: 19742, Behaviour: 3, Fault: 4, 72.4169, 4 , CLASSIFIED ,
Time: 20779, Behaviour: 3, Fault: 1, 100, 1 , CLASSIFIED ,
Time: 21381, Behaviour: 3, Fault: 2, 95.4257, 2 , CLASSIFIED ,
Time: 23908, Behaviour: 3, Fault: 6, n/a, 3 , DIAGNOSED ,Time Taken, 173, ELLIGIBLE
Time: 25612, Behaviour: 1, Fault: 2, 98.3985, 2 , CLASSIFIED ,
Time: 26215, Behaviour: 1, Fault: 2, 99.4681, 2 , CLASSIFIED ,
Time: 26899, Behaviour: 1, Fault: 4, 99.8335, 5 , CLASSIFIED ,
Time: 27670, Behaviour: 1, Fault: 5, 99.5012, 5 , CLASSIFIED ,
Time: 28273, Behaviour: 1, Fault: 5, 99.5012, 5 , CLASSIFIED ,
Total Faults, 32, Elligible Total, 27, DiagTot, 7, Elligible DiagTot, 2, FailTot, 0, MemoryTot, 25, %Memory,0.925926, %Failure,0
Time: 3776, Behaviour: 2, Fault: 1, n/a, 1 , DIAGNOSED ,Time Taken, 13, 
Time: 4389, Behaviour: 2, Fault: 2, n/a, 2 , DIAGNOSED ,Time Taken, 11, 
Time: 5146, Behaviour: 1, Fault: 4, n/a, 4 , DIAGNOSED ,Time Taken, 116, 
Time: 5986, Behaviour: 1, Fault: 5, n/a, 5 , DIAGNOSED ,Time Taken, 165, 
Time: 6820, Behaviour: 1, Fault: 3, n/a, 3 , DIAGNOSED ,Time Taken, 13, 
Time: 8194, Behaviour: 1, Fault: 6, 100, 3 , CLASSIFIED ,
Time: 8797, Behaviour: 1, Fault: 2, 84.8995, 2 , CLASSIFIED ,
Time: 9401, Behaviour: 1, Fault: 5, 99.3333, 5 , CLASSIFIED ,
Time: 10004, Behaviour: 1, Fault: 5, 99.6672, 5 , CLASSIFIED ,
Time: 11335, Behaviour: 1, Fault: 6, 100, 100, 3 , CLASSIFIED ,
Time: 12290, Behaviour: 1, Fault: 6, 100, 100, 100, 3 , CLASSIFIED ,
Time: 12954, Behaviour: 1, Fault: 6, 73.822, 73.822, 73.822, 73.822, 3 , CLASSIFIED ,
Time: 13564, Behaviour: 1, Fault: 3, 100, 100, 100, 100, 3 , CLASSIFIED ,
Time: 14166, Behaviour: 1, Fault: 3, 100, 100, 100, 100, 100, 3 , CLASSIFIED ,
Time: 14770, Behaviour: 1, Fault: 5, 99.6672, 5 , CLASSIFIED ,
Time: 15371, Behaviour: 3, Fault: 2, 98.9436, 2 , CLASSIFIED ,
Time: 16134, Behaviour: 3, Fault: 4, n/a, 4 , DIAGNOSED ,Time Taken, 116, ELLIGIBLE
Time: 16870, Behaviour: 3, Fault: 1, n/a, 1 , DIAGNOSED ,Time Taken, 12, ELLIGIBLE
Time: 17482, Behaviour: 3, Fault: 6, 94.2018, 94.2018, 94.2018, 94.2018, 94.2018, 94.2018, 3 , CLASSIFIED ,
Time: 18092, Behaviour: 3, Fault: 2, 97.413, 2 , CLASSIFIED ,
Time: 18694, Behaviour: 3, Fault: 3, 79.8465, 79.8465, 79.8465, 79.8465, 79.8465, 79.8465, 3 , CLASSIFIED ,
Time: 19454, Behaviour: 3, Fault: 1, 92.5466, 1 , CLASSIFIED ,
Time: 20579, Behaviour: 3, Fault: 1, n/a, 1 , DIAGNOSED ,Time Taken, 12, ELLIGIBLE
Time: 21191, Behaviour: 3, Fault: 2, 73.6601, 2 , CLASSIFIED ,
Time: 21793, Behaviour: 3, Fault: 3, 94.6841, 94.6841, 94.6841, 94.6841, 3 , CLASSIFIED ,
Time: 22420, Behaviour: 3, Fault: 4, 73.6506, 4 , CLASSIFIED ,
Time: 23581, Behaviour: 3, Fault: 6, n/a, 3 , DIAGNOSED ,Time Taken, 26, ELLIGIBLE
Time: 24231, Behaviour: 3, Fault: 6, 83.6305, 3 , CLASSIFIED ,
Time: 25370, Behaviour: 1, Fault: 1, 99.5565, 1 , CLASSIFIED ,
Time: 26649, Behaviour: 1, Fault: 3, 68.313, 68.313, 3 , CLASSIFIED ,
Time: 27252, Behaviour: 1, Fault: 2, 92.143, 2 , CLASSIFIED ,
Time: 28555, Behaviour: 1, Fault: 1, n/a, 1 , DIAGNOSED ,Time Taken, 13, ELLIGIBLE
Time: 29168, Behaviour: 1, Fault: 2, 98.9436, 2 , CLASSIFIED ,
Time: 30359, Behaviour: 2, Fault: 1, 100, 1 , CLASSIFIED ,
Time: 30980, Behaviour: 2, Fault: 4, 99.438, 4 , CLASSIFIED ,
Time: 31582, Behaviour: 2, Fault: 2, 95.8725, 2 , CLASSIFIED ,
Time: 32542, Behaviour: 2, Fault: 1, 99.7783, 1 , CLASSIFIED ,
Time: 33144, Behaviour: 2, Fault: 2, 89.5998, 2 , CLASSIFIED ,
Time: 33746, Behaviour: 2, Fault: 2, 92.196, 2 , CLASSIFIED ,
Time: 34361, Behaviour: 2, Fault: 6, 82.4627, 3 , CLASSIFIED ,
Time: 34985, Behaviour: 2, Fault: 6, 91.4228, 3 , CLASSIFIED ,
Time: 35587, Behaviour: 3, Fault: 3, 81.0914, 3 , CLASSIFIED ,
Total Faults, 42, Elligible Total, 37, DiagTot, 10, Elligible DiagTot, 5, FailTot, 0, MemoryTot, 32, %Memory,0.864865, %Failure,0
Time: 759, Behaviour: 2, Fault: 1, n/a, 1 , DIAGNOSED ,Time Taken, 12, 
Time: 1371, Behaviour: 2, Fault: 2, n/a, 2 , DIAGNOSED ,Time Taken, 11, 
Time: 1982, Behaviour: 2, Fault: 2, 69.7146, 2 , CLASSIFIED ,
Time: 2584, Behaviour: 2, Fault: 2, 93.4873, 2 , CLASSIFIED ,
Time: 3186, Behaviour: 2, Fault: 3, n/a, 3 , DIAGNOSED ,Time Taken, 13, 
Time: 3799, Behaviour: 2, Fault: 3, 88.4103, 3 , CLASSIFIED ,
Time: 4401, Behaviour: 2, Fault: 3, 89.8398, 3 , CLASSIFIED ,
Time: 5003, Behaviour: 1, Fault: 6, 95.5098, 3 , CLASSIFIED ,
Time: 5669, Behaviour: 1, Fault: 6, 93.7582, 3 , CLASSIFIED ,
Time: 6282, Behaviour: 1, Fault: 1, n/a, 1 , DIAGNOSED ,Time Taken, 14, ELLIGIBLE
Time: 6896, Behaviour: 1, Fault: 1, n/a, 1 , DIAGNOSED ,Time Taken, 12, ELLIGIBLE
Time: 7508, Behaviour: 1, Fault: 3, 99.486, 3 , CLASSIFIED ,
Time: 8110, Behaviour: 1, Fault: 2, 97.3688, 2 , CLASSIFIED ,
Time: 8811, Behaviour: 1, Fault: 4, n/a, 4 , DIAGNOSED ,Time Taken, 116, 
Time: 9833, Behaviour: 1, Fault: 1, n/a, 1 , DIAGNOSED ,Time Taken, 13, ELLIGIBLE
Time: 10940, Behaviour: 1, Fault: 6, 76.5144, 3 , CLASSIFIED ,
Time: 12048, Behaviour: 1, Fault: 6, 93.3409, 3 , CLASSIFIED ,
Time: 12666, Behaviour: 1, Fault: 2, 84.724, 2 , CLASSIFIED ,
Time: 14303, Behaviour: 1, Fault: 6, 98.4673, 3 , CLASSIFIED ,
Time: 15398, Behaviour: 3, Fault: 1, n/a, 1 , DIAGNOSED ,Time Taken, 12, ELLIGIBLE
Time: 16010, Behaviour: 3, Fault: 3, 82.0155, 3 , CLASSIFIED ,
Time: 21046, Behaviour: 3, Fault: 6, n/a, 3 , DIAGNOSED ,Time Taken, 13, ELLIGIBLE
Time: 21664, Behaviour: 3, Fault: 4, n/a, 4 , DIAGNOSED ,Time Taken, 124, ELLIGIBLE
Time: 22686, Behaviour: 3, Fault: 4, 99.438, 4 , CLASSIFIED ,
Time: 24316, Behaviour: 3, Fault: 6, n/a, 6 , DIAGNOSED ,Time Taken, 518, ELLIGIBLE
Time: 25514, Behaviour: 1, Fault: 6, 87.3972, 3 , CLASSIFIED ,
Time: 26378, Behaviour: 1, Fault: 1, 84.5154, 1 , CLASSIFIED ,
Time: 27192, Behaviour: 1, Fault: 6, 94.4317, 3 , CLASSIFIED ,
Time: 28229, Behaviour: 1, Fault: 4, 98.6689, 4 , CLASSIFIED ,
Time: 28832, Behaviour: 1, Fault: 4, 99.8335, 4 , CLASSIFIED ,
Time: 29434, Behaviour: 1, Fault: 6, 98.4673, 3 , CLASSIFIED ,
Time: 31232, Behaviour: 2, Fault: 4, 70.2408, 4 , CLASSIFIED ,
Time: 31998, Behaviour: 2, Fault: 3, 88.351, 3 , CLASSIFIED ,
Time: 32600, Behaviour: 2, Fault: 3, 99.486, 3 , CLASSIFIED ,
Time: 33202, Behaviour: 2, Fault: 3, 95.1855, 3 , CLASSIFIED ,
Time: 34026, Behaviour: 2, Fault: 1, n/a, 1 , DIAGNOSED ,Time Taken, 12, ELLIGIBLE
Time: 34638, Behaviour: 2, Fault: 3, 91.5219, 3 , CLASSIFIED ,
Time: 35293, Behaviour: 3, Fault: 6, 82.3013, 3 , CLASSIFIED ,
Time: 35897, Behaviour: 3, Fault: 4, 98.8771, 4 , CLASSIFIED ,
Total Faults, 39, Elligible Total, 35, DiagTot, 12, Elligible DiagTot, 8, FailTot, 0, MemoryTot, 27, %Memory,0.771429, %Failure,0
Time: 6395, Behaviour: 1, Fault: 1, n/a, 1 , DIAGNOSED ,Time Taken, 23, 
Time: 8509, Behaviour: 1, Fault: 1, n/a, 1 , DIAGNOSED ,Time Taken, 12, ELLIGIBLE
Time: 9121, Behaviour: 1, Fault: 2, n/a, 2 , DIAGNOSED ,Time Taken, 11, 
Time: 11865, Behaviour: 1, Fault: 1, 100, 1 , CLASSIFIED ,
Time: 14779, Behaviour: 1, Fault: 5, n/a, 5 , DIAGNOSED ,Time Taken, 165, 
Time: 16898, Behaviour: 3, Fault: 6, n/a, 3 , DIAGNOSED ,Time Taken, 40, 
Time: 17538, Behaviour: 3, Fault: 2, 80.0309, 2 , CLASSIFIED ,
Time: 18625, Behaviour: 3, Fault: 4, n/a, 4 , DIAGNOSED ,Time Taken, 117, 
Time: 19784, Behaviour: 3, Fault: 1, n/a, 1 , DIAGNOSED ,Time Taken, 21, ELLIGIBLE
Time: 21037, Behaviour: 3, Fault: 4, 69.3927, 4 , CLASSIFIED ,
Time: 22823, Behaviour: 3, Fault: 4, 90.5188, 4 , CLASSIFIED ,
Time: 23424, Behaviour: 3, Fault: 3, 82.8876, 3 , CLASSIFIED ,
Time: 24027, Behaviour: 3, Fault: 3, 79.9198, 3 , CLASSIFIED ,
Time: 24629, Behaviour: 3, Fault: 2, 83.9811, 2 , CLASSIFIED ,
Total Faults, 14, Elligible Total, 9, DiagTot, 7, Elligible DiagTot, 2, FailTot, 0, MemoryTot, 7, %Memory,0.777778, %Failure,0
Time: 4733, Behaviour: 2, Fault: 1, n/a, 1 , DIAGNOSED ,Time Taken, 12, 
Time: 5354, Behaviour: 1, Fault: 5, n/a, 5 , DIAGNOSED ,Time Taken, 165, 
Time: 6652, Behaviour: 1, Fault: 6, n/a, 3 , DIAGNOSED ,Time Taken, 30, 
Time: 8176, Behaviour: 1, Fault: 6, n/a, 3 , DIAGNOSED ,Time Taken, 13, ELLIGIBLE
Time: 8827, Behaviour: 1, Fault: 5, 93.6994, 5 , CLASSIFIED ,
Time: 9428, Behaviour: 1, Fault: 2, n/a, 2 , DIAGNOSED ,Time Taken, 11, 
Time: 10039, Behaviour: 1, Fault: 3, 100, 3 , CLASSIFIED ,
Time: 11331, Behaviour: 1, Fault: 2, 98.9247, 2 , CLASSIFIED ,
Time: 11935, Behaviour: 1, Fault: 5, 99.3333, 5 , CLASSIFIED ,
Time: 12708, Behaviour: 1, Fault: 3, 96.9758, 96.9758, 3 , CLASSIFIED ,
Time: 13484, Behaviour: 1, Fault: 4, n/a, 4 , DIAGNOSED ,Time Taken, 117, 
Time: 14201, Behaviour: 1, Fault: 2, 100, 2 , CLASSIFIED ,
Time: 14805, Behaviour: 1, Fault: 4, 99.6672, 99.6672, 5 , CLASSIFIED ,
Time: 15406, Behaviour: 3, Fault: 2, 75.2506, 2 , CLASSIFIED ,
Time: 16008, Behaviour: 3, Fault: 3, 87.3812, 87.3812, 3 , CLASSIFIED ,
Time: 16651, Behaviour: 3, Fault: 3, 81.0103, 3 , CLASSIFIED ,
Time: 17515, Behaviour: 3, Fault: 4, n/a, 4 , DIAGNOSED ,Time Taken, 116, ELLIGIBLE
Time: 18233, Behaviour: 3, Fault: 4, 98.5065, 4 , CLASSIFIED ,
Time: 19332, Behaviour: 3, Fault: 4, 95.27, 4 , CLASSIFIED ,
Time: 20029, Behaviour: 3, Fault: 6, 75.6782, 75.6782, 3 , CLASSIFIED ,
Time: 20631, Behaviour: 3, Fault: 6, 99.486, 99.486, 3 , CLASSIFIED ,
Time: 21233, Behaviour: 3, Fault: 2, 89.9287, 2 , CLASSIFIED ,
Time: 21923, Behaviour: 3, Fault: 6, n/a, 3 , DIAGNOSED ,Time Taken, 19, ELLIGIBLE
Time: 22718, Behaviour: 3, Fault: 6, 96.9773, 3 , CLASSIFIED ,
Time: 23320, Behaviour: 3, Fault: 3, 99.8289, 3 , CLASSIFIED ,
Time: 23923, Behaviour: 3, Fault: 2, 91.3012, 2 , CLASSIFIED ,
Time: 25379, Behaviour: 1, Fault: 1, n/a, 1 , DIAGNOSED ,Time Taken, 12, ELLIGIBLE
Time: 25993, Behaviour: 1, Fault: 4, 100, 5 , CLASSIFIED ,
Time: 26743, Behaviour: 1, Fault: 4, 99.3339, 99.3339, 5 , CLASSIFIED ,
Time: 27344, Behaviour: 1, Fault: 3, 85.2183, 3 , CLASSIFIED ,
Time: 28463, Behaviour: 1, Fault: 3, 83.5227, 3 , CLASSIFIED ,
Time: 29589, Behaviour: 1, Fault: 6, 75.1855, 3 , CLASSIFIED ,
Time: 30422, Behaviour: 2, Fault: 4, 97.5996, 4 , CLASSIFIED ,
Time: 31023, Behaviour: 2, Fault: 2, 83.4886, 2 , CLASSIFIED ,
Time: 31966, Behaviour: 2, Fault: 4, 75.3316, 4 , CLASSIFIED ,
Time: 34417, Behaviour: 2, Fault: 1, n/a, 1 , DIAGNOSED ,Time Taken, 12, ELLIGIBLE
Time: 35370, Behaviour: 3, Fault: 1, 99.7783, 1 , CLASSIFIED ,
Time: 35972, Behaviour: 3, Fault: 3, 99.8288, 3 , CLASSIFIED ,
Total Faults, 38, Elligible Total, 33, DiagTot, 10, Elligible DiagTot, 5, FailTot, 0, MemoryTot, 28, %Memory,0.848485, %Failure,0
Time: 688, Behaviour: 2, Fault: 1, n/a, 1 , DIAGNOSED ,Time Taken, 12, 
Time: 5363, Behaviour: 1, Fault: 1, n/a, 1 , DIAGNOSED ,Time Taken, 18, ELLIGIBLE
Time: 6535, Behaviour: 1, Fault: 4, n/a, 4 , DIAGNOSED ,Time Taken, 116, 
Time: 7272, Behaviour: 1, Fault: 6, n/a, 3 , DIAGNOSED ,Time Taken, 14, 
Time: 7888, Behaviour: 1, Fault: 4, 99.8335, 4 , CLASSIFIED ,
Time: 9286, Behaviour: 1, Fault: 5, 99.5012, 4 , CLASSIFIED ,
Time: 9904, Behaviour: 1, Fault: 2, n/a, 2 , DIAGNOSED ,Time Taken, 11, 
Time: 10717, Behaviour: 1, Fault: 1, n/a, 1 , DIAGNOSED ,Time Taken, 12, ELLIGIBLE
Time: 11413, Behaviour: 1, Fault: 5, 99.8335, 4 , CLASSIFIED ,
Time: 12228, Behaviour: 1, Fault: 5, 98.1777, 4 , CLASSIFIED ,
Time: 13060, Behaviour: 1, Fault: 1, 71.4286, 1 , CLASSIFIED ,
Time: 13664, Behaviour: 1, Fault: 5, 99.5012, 4 , CLASSIFIED ,
Time: 14655, Behaviour: 1, Fault: 5, 100, 4 , CLASSIFIED ,
Time: 15257, Behaviour: 3, Fault: 2, 71.8512, 2 , CLASSIFIED ,
Time: 15860, Behaviour: 3, Fault: 2, 100, 2 , CLASSIFIED ,
Time: 16462, Behaviour: 3, Fault: 1, n/a, 1 , DIAGNOSED ,Time Taken, 75, ELLIGIBLE
Time: 17137, Behaviour: 3, Fault: 6, 85.5922, 3 , CLASSIFIED ,
Time: 17769, Behaviour: 3, Fault: 6, n/a, 3 , DIAGNOSED ,Time Taken, 13, ELLIGIBLE
Time: 18406, Behaviour: 3, Fault: 4, n/a, 4 , DIAGNOSED ,Time Taken, 116, ELLIGIBLE
Time: 19122, Behaviour: 3, Fault: 2, 98.4013, 98.4013, 2 , CLASSIFIED ,
Time: 19724, Behaviour: 3, Fault: 3, 96.9299, 3 , CLASSIFIED ,
Time: 20509, Behaviour: 3, Fault: 6, 76.1023, 3 , CLASSIFIED ,
Time: 21111, Behaviour: 3, Fault: 3, 96.5968, 3 , CLASSIFIED ,
Time: 22184, Behaviour: 3, Fault: 1, 84.5154, 84.5154, 1 , CLASSIFIED ,
Time: 22980, Behaviour: 3, Fault: 4, 83.805, 4 , CLASSIFIED ,
Time: 23581, Behaviour: 3, Fault: 2, 70.4278, 2 , CLASSIFIED ,
Time: 24183, Behaviour: 3, Fault: 2, 89.2858, 2 , CLASSIFIED ,
Time: 25183, Behaviour: 1, Fault: 4, 98.6684, 4 , CLASSIFIED ,
Time: 25784, Behaviour: 1, Fault: 6, 98.6409, 3 , CLASSIFIED ,
Time: 27030, Behaviour: 1, Fault: 1, 91.3708, 1 , CLASSIFIED ,
Time: 27634, Behaviour: 1, Fault: 4, 100, 4 , CLASSIFIED ,
Time: 28453, Behaviour: 1, Fault: 1, 84.5154, 1 , CLASSIFIED ,
Time: 29119, Behaviour: 1, Fault: 2, 100, 2 , CLASSIFIED ,
Time: 29899, Behaviour: 1, Fault: 6, 100, 3 , CLASSIFIED ,
Time: 30541, Behaviour: 2, Fault: 2, 92.4008, 2 , CLASSIFIED ,
Time: 31143, Behaviour: 2, Fault: 2, 83.4888, 2 , CLASSIFIED ,
Time: 31945, Behaviour: 2, Fault: 6, 90.462, 90.462, 3 , CLASSIFIED ,
Time: 32547, Behaviour: 2, Fault: 2, 95.0975, 2 , CLASSIFIED ,
Time: 33149, Behaviour: 2, Fault: 2, 97.5824, 2 , CLASSIFIED ,
Time: 34917, Behaviour: 2, Fault: 6, 91.594, 3 , CLASSIFIED ,
Time: 35519, Behaviour: 3, Fault: 2, 98.507, 2 , CLASSIFIED ,
Total Faults, 41, Elligible Total, 37, DiagTot, 9, Elligible DiagTot, 5, FailTot, 0, MemoryTot, 32, %Memory,0.864865, %Failure,0
Time: 9352, Behaviour: 1, Fault: 1, n/a, 1 , DIAGNOSED ,Time Taken, 12, 
Time: 10407, Behaviour: 1, Fault: 3, n/a, 3 , DIAGNOSED ,Time Taken, 13, 
Time: 11067, Behaviour: 1, Fault: 3, 100, 3 , CLASSIFIED ,
Time: 11717, Behaviour: 1, Fault: 2, n/a, 2 , DIAGNOSED ,Time Taken, 11, 
Time: 12330, Behaviour: 1, Fault: 5, 70.9468, 70.9468, FAILURE 3, n/a, 5 , DIAGNOSED ,Time Taken, 165, 
Time: 15163, Behaviour: 3, Fault: 4, n/a, 4 , DIAGNOSED ,Time Taken, 187, 
Time: 15950, Behaviour: 3, Fault: 2, 98.9247, 2 , CLASSIFIED ,
Time: 18048, Behaviour: 3, Fault: 6, n/a, 3 , DIAGNOSED ,Time Taken, 115, 
Time: 19070, Behaviour: 3, Fault: 1, n/a, 1 , DIAGNOSED ,Time Taken, 12, ELLIGIBLE
Time: 19936, Behaviour: 3, Fault: 1, 81.6876, 1 , CLASSIFIED ,
Time: 20554, Behaviour: 3, Fault: 1, n/a, 1 , DIAGNOSED ,Time Taken, 12, ELLIGIBLE
Time: 21297, Behaviour: 3, Fault: 1, 73.634, 1 , CLASSIFIED ,
Time: 21899, Behaviour: 3, Fault: 6, 83.666, 83.666, 3 , CLASSIFIED ,
Time: 22876, Behaviour: 3, Fault: 4, 80.7237, 4 , CLASSIFIED ,
Time: 23477, Behaviour: 3, Fault: 3, 95.4908, 3 , CLASSIFIED ,
Time: 24079, Behaviour: 3, Fault: 3, 90.1997, 3 , CLASSIFIED ,
Time: 24905, Behaviour: 3, Fault: 4, 94.1506, 4 , CLASSIFIED ,
Time: 25506, Behaviour: 1, Fault: 3, 99.3174, 3 , CLASSIFIED ,
Time: 27324, Behaviour: 1, Fault: 1, 84.5154, 1 , CLASSIFIED ,
Time: 27939, Behaviour: 1, Fault: 5, 99.0005, 5 , CLASSIFIED ,
Time: 28541, Behaviour: 1, Fault: 3, 99.6579, 3 , CLASSIFIED ,
Time: 29145, Behaviour: 1, Fault: 4, 99.5001, 5 , CLASSIFIED ,
Time: 29749, Behaviour: 1, Fault: 4, 99.6667, 5 , CLASSIFIED ,
Time: 30920, Behaviour: 2, Fault: 4, 99.8128, 4 , CLASSIFIED ,
Time: 31521, Behaviour: 2, Fault: 3, 96.1963, 3 , CLASSIFIED ,
Time: 34376, Behaviour: 2, Fault: 1, n/a, 1 , DIAGNOSED ,Time Taken, 12, ELLIGIBLE
Time: 34988, Behaviour: 2, Fault: 2, n/a, 2 , DIAGNOSED ,Time Taken, 11, ELLIGIBLE
Time: 35601, Behaviour: 3, Fault: 4, 82.4673, 4 , CLASSIFIED ,
Total Faults, 28, Elligible Total, 22, DiagTot, 9, Elligible DiagTot, 3, FailTot, 1, MemoryTot, 18, %Memory,0.818182, %Failure,0.0526316
Time: 1119, Behaviour: 2, Fault: 1, n/a, 1 , DIAGNOSED ,Time Taken, 33, 
Time: 1823, Behaviour: 2, Fault: 4, n/a, 4 , DIAGNOSED ,Time Taken, 116, 
Time: 2539, Behaviour: 2, Fault: 3, n/a, 3 , DIAGNOSED ,Time Taken, 13, 
Time: 3152, Behaviour: 2, Fault: 2, n/a, 2 , DIAGNOSED ,Time Taken, 11, 
Time: 5378, Behaviour: 1, Fault: 1, 99.7783, 1 , CLASSIFIED ,
Time: 5980, Behaviour: 1, Fault: 2, 79.4943, 2 , CLASSIFIED ,
Time: 6582, Behaviour: 1, Fault: 2, 85.2512, 2 , CLASSIFIED ,
Time: 7480, Behaviour: 1, Fault: 5, n/a, 5 , DIAGNOSED ,Time Taken, 230, 
Time: 8312, Behaviour: 1, Fault: 5, 99.5012, 5 , CLASSIFIED ,
Time: 9097, Behaviour: 1, Fault: 5, 97.183, 5 , CLASSIFIED ,
Time: 9698, Behaviour: 1, Fault: 6, 75.397, 3 , CLASSIFIED ,
Time: 10672, Behaviour: 1, Fault: 2, 98.9247, 2 , CLASSIFIED ,
Time: 11400, Behaviour: 1, Fault: 4, n/a, 4 , DIAGNOSED ,Time Taken, 116, ELLIGIBLE
Time: 14053, Behaviour: 1, Fault: 4, 99.8335, 5 , CLASSIFIED ,
Time: 14676, Behaviour: 1, Fault: 1, n/a, 1 , DIAGNOSED ,Time Taken, 12, ELLIGIBLE
Time: 15288, Behaviour: 3, Fault: 2, 96.8633, 2 , CLASSIFIED ,
Time: 15929, Behaviour: 3, Fault: 4, 99.4401, 4 , CLASSIFIED ,
Time: 16530, Behaviour: 3, Fault: 3, 89.3716, 3 , CLASSIFIED ,
Time: 17158, Behaviour: 3, Fault: 3, 98.4673, 3 , CLASSIFIED ,
Time: 17833, Behaviour: 3, Fault: 4, 87.9708, 4 , CLASSIFIED ,
Time: 18478, Behaviour: 3, Fault: 4, 94.9668, 4 , CLASSIFIED ,
Time: 19079, Behaviour: 3, Fault: 2, 88.6357, 2 , CLASSIFIED ,
Time: 20276, Behaviour: 3, Fault: 1, 99.7783, 1 , CLASSIFIED ,
Time: 20945, Behaviour: 3, Fault: 6, 82.2219, 3 , CLASSIFIED ,
Time: 23374, Behaviour: 3, Fault: 6, n/a, 3 , DIAGNOSED ,Time Taken, 234, ELLIGIBLE
Time: 24248, Behaviour: 3, Fault: 1, 99.7783, 1 , CLASSIFIED ,
Time: 24850, Behaviour: 3, Fault: 2, 87.5205, 2 , CLASSIFIED ,
Time: 25813, Behaviour: 1, Fault: 5, 99.3339, 5 , CLASSIFIED ,
Time: 26474, Behaviour: 1, Fault: 6, n/a, 3 , DIAGNOSED ,Time Taken, 13, ELLIGIBLE
Time: 27741, Behaviour: 1, Fault: 1, 76.5386, 1 , CLASSIFIED ,
Time: 28382, Behaviour: 1, Fault: 4, 99.8335, 5 , CLASSIFIED ,
Time: 29028, Behaviour: 1, Fault: 5, 99.8335, 5 , CLASSIFIED ,
Time: 29629, Behaviour: 1, Fault: 2, 86.7852, 2 , CLASSIFIED ,
Time: 30232, Behaviour: 2, Fault: 3, 98.4077, 3 , CLASSIFIED ,
Time: 30890, Behaviour: 2, Fault: 6, 92.3086, 3 , CLASSIFIED ,
Time: 31511, Behaviour: 2, Fault: 3, 97.7865, 3 , CLASSIFIED ,
Time: 32282, Behaviour: 2, Fault: 4, 79.2386, 4 , CLASSIFIED ,
Time: 32952, Behaviour: 2, Fault: 4, 91.9487, 4 , CLASSIFIED ,
Time: 33553, Behaviour: 2, Fault: 2, 91.3548, 2 , CLASSIFIED ,
Time: 35164, Behaviour: 3, Fault: 1, 100, 1 , CLASSIFIED ,
Time: 35840, Behaviour: 3, Fault: 1, 90.0488, 1 , CLASSIFIED ,
Total Faults, 41, Elligible Total, 36, DiagTot, 9, Elligible DiagTot, 4, FailTot, 0, MemoryTot, 32, %Memory,0.888889, %Failure,0
Time: 2478, Behaviour: 2, Fault: 1, n/a, 1 , DIAGNOSED ,Time Taken, 13, 
Time: 3091, Behaviour: 2, Fault: 2, n/a, 2 , DIAGNOSED ,Time Taken, 11, 
Time: 3702, Behaviour: 2, Fault: 2, 83.8664, 2 , CLASSIFIED ,
Time: 4310, Behaviour: 2, Fault: 3, n/a, 3 , DIAGNOSED ,Time Taken, 45, 
Time: 4955, Behaviour: 2, Fault: 3, 100, 3 , CLASSIFIED ,
Time: 5965, Behaviour: 1, Fault: 5, n/a, 5 , DIAGNOSED ,Time Taken, 767, 
Time: 7519, Behaviour: 1, Fault: 1, n/a, 1 , DIAGNOSED ,Time Taken, 12, ELLIGIBLE
Time: 8133, Behaviour: 1, Fault: 5, 98.0022, 5 , CLASSIFIED ,
Time: 9473, Behaviour: 1, Fault: 1, 76.0618, 1 , CLASSIFIED ,
Time: 10315, Behaviour: 1, Fault: 6, 99.486, 99.486, 3 , CLASSIFIED ,
Time: 10917, Behaviour: 1, Fault: 3, 98.4736, 98.4736, 3 , CLASSIFIED ,
Time: 11709, Behaviour: 1, Fault: 6, 100, 3 , CLASSIFIED ,
Time: 12420, Behaviour: 1, Fault: 5, 99.1668, 5 , CLASSIFIED ,
Time: 13097, Behaviour: 1, Fault: 5, 98.6672, 5 , CLASSIFIED ,
Time: 13707, Behaviour: 1, Fault: 1, 71.4286, 71.4286, FAILURE 3, n/a, 1 , DIAGNOSED ,Time Taken, 12, ELLIGIBLE
Time: 14319, Behaviour: 1, Fault: 2, 98.9285, 2 , CLASSIFIED ,
Time: 15102, Behaviour: 3, Fault: 1, 71.4446, 1 , CLASSIFIED ,
Time: 15783, Behaviour: 3, Fault: 4, n/a, 4 , DIAGNOSED ,Time Taken, 116, 
Time: 16499, Behaviour: 3, Fault: 3, 91.7239, 91.7239, 3 , CLASSIFIED ,
Time: 17501, Behaviour: 3, Fault: 4, 96.6423, 4 , CLASSIFIED ,
Time: 18123, Behaviour: 3, Fault: 4, 97.7727, 4 , CLASSIFIED ,
Time: 18724, Behaviour: 3, Fault: 2, 83.2735, 2 , CLASSIFIED ,
Time: 19326, Behaviour: 3, Fault: 3, 92.0355, 3 , CLASSIFIED ,
Time: 21396, Behaviour: 3, Fault: 6, n/a, 3 , DIAGNOSED ,Time Taken, 86, ELLIGIBLE
Time: 24144, Behaviour: 3, Fault: 1, n/a, 1 , DIAGNOSED ,Time Taken, 12, ELLIGIBLE
Time: 25475, Behaviour: 1, Fault: 6, 88.0973, 3 , CLASSIFIED ,
Time: 26646, Behaviour: 1, Fault: 1, 84.5154, 1 , CLASSIFIED ,
Time: 27256, Behaviour: 1, Fault: 5, 98.8334, 5 , CLASSIFIED ,
Time: 28502, Behaviour: 1, Fault: 1, 84.5154, 1 , CLASSIFIED ,
Time: 29500, Behaviour: 1, Fault: 1, 100, 1 , CLASSIFIED ,
Time: 30247, Behaviour: 2, Fault: 4, 97.2046, 4 , CLASSIFIED ,
Time: 30927, Behaviour: 2, Fault: 4, 88.9433, 4 , CLASSIFIED ,
Time: 31762, Behaviour: 2, Fault: 4, 98.8792, 4 , CLASSIFIED ,
Time: 32363, Behaviour: 2, Fault: 3, 95.8442, 3 , CLASSIFIED ,
Time: 32965, Behaviour: 2, Fault: 3, 97.8345, 3 , CLASSIFIED ,
Time: 34259, Behaviour: 2, Fault: 6, 74.7859, 3 , CLASSIFIED ,
Time: 35731, Behaviour: 3, Fault: 1, n/a, 1 , DIAGNOSED ,Time Taken, 12, ELLIGIBLE
Total Faults, 37, Elligible Total, 32, DiagTot, 9, Elligible DiagTot, 4, FailTot, 1, MemoryTot, 27, %Memory,0.84375, %Failure,0.0357143
Time: 1400, Behaviour: 2, Fault: 1, n/a, 1 , DIAGNOSED ,Time Taken, 12, 
Time: 2012, Behaviour: 2, Fault: 3, n/a, 3 , DIAGNOSED ,Time Taken, 14, 
Time: 3061, Behaviour: 2, Fault: 4, n/a, 4 , DIAGNOSED ,Time Taken, 136, 
Time: 4014, Behaviour: 2, Fault: 4, 76.1585, 4 , CLASSIFIED ,
Time: 4615, Behaviour: 2, Fault: 6, 85.8511, 3 , CLASSIFIED ,
Time: 5219, Behaviour: 1, Fault: 4, n/a, 4 , DIAGNOSED ,Time Taken, 151, ELLIGIBLE
Time: 8567, Behaviour: 1, Fault: 5, 100, 4 , CLASSIFIED ,
Time: 9170, Behaviour: 1, Fault: 5, 99.6672, 99.6672, 4 , CLASSIFIED ,
Time: 10262, Behaviour: 1, Fault: 3, 67.8467, 3 , CLASSIFIED ,
Time: 10957, Behaviour: 1, Fault: 1, n/a, 1 , DIAGNOSED ,Time Taken, 12, ELLIGIBLE
Time: 12568, Behaviour: 1, Fault: 6, 98.9749, 3 , CLASSIFIED ,
Time: 13170, Behaviour: 1, Fault: 2, n/a, 2 , DIAGNOSED ,Time Taken, 11, 
Time: 13812, Behaviour: 1, Fault: 1, 66.2003, 1 , CLASSIFIED ,
Time: 14677, Behaviour: 1, Fault: 4, 100, 100, 4 , CLASSIFIED ,
Time: 17686, Behaviour: 3, Fault: 6, 89.4991, 3 , CLASSIFIED ,
Time: 18666, Behaviour: 3, Fault: 1, 68.313, 1 , CLASSIFIED ,
Time: 21358, Behaviour: 3, Fault: 6, 91.2396, 3 , CLASSIFIED ,
Time: 21960, Behaviour: 3, Fault: 2, 70.3385, 2 , CLASSIFIED ,
Time: 22614, Behaviour: 3, Fault: 3, 100, 3 , CLASSIFIED ,
Time: 23218, Behaviour: 3, Fault: 4, 93.8043, 4 , CLASSIFIED ,
Time: 24232, Behaviour: 3, Fault: 1, 75.8668, 1 , CLASSIFIED ,
Time: 24867, Behaviour: 3, Fault: 3, 100, 100, 3 , CLASSIFIED ,
Time: 25627, Behaviour: 1, Fault: 5, 99.5012, 99.5012, 99.5012, 4 , CLASSIFIED ,
Time: 26595, Behaviour: 1, Fault: 2, 98.9247, 2 , CLASSIFIED ,
Time: 27260, Behaviour: 1, Fault: 3, 100, 100, 100, 3 , CLASSIFIED ,
Time: 28012, Behaviour: 1, Fault: 4, 83.3342, 4 , CLASSIFIED ,
Time: 28788, Behaviour: 1, Fault: 4, 99.8335, 4 , CLASSIFIED ,
Time: 29501, Behaviour: 1, Fault: 3, 100, 100, 100, 100, 3 , CLASSIFIED ,
Time: 30144, Behaviour: 2, Fault: 2, 100, 2 , CLASSIFIED ,
Time: 31832, Behaviour: 2, Fault: 1, 99.7783, 1 , CLASSIFIED ,
Time: 32434, Behaviour: 2, Fault: 3, 90.5819, 3 , CLASSIFIED ,
Time: 33036, Behaviour: 2, Fault: 3, 99.1449, 99.1449, 99.1449, 99.1449, 3 , CLASSIFIED ,
Time: 33639, Behaviour: 2, Fault: 3, 96.1883, 3 , CLASSIFIED ,
Total Faults, 33, Elligible Total, 29, DiagTot, 6, Elligible DiagTot, 2, FailTot, 0, MemoryTot, 27, %Memory,0.931034, %Failure,0
Time: 16276, Behaviour: 3, Fault: 1, n/a, 1 , DIAGNOSED ,Time Taken, 13, 
Time: 16889, Behaviour: 3, Fault: 2, n/a, 2 , DIAGNOSED ,Time Taken, 11, 
Time: 17501, Behaviour: 3, Fault: 6, n/a, 3 , DIAGNOSED ,Time Taken, 13, 
Time: 18114, Behaviour: 3, Fault: 2, 67.5458, 2 , CLASSIFIED ,
Time: 18767, Behaviour: 3, Fault: 4, n/a, 4 , DIAGNOSED ,Time Taken, 116, 
Time: 19483, Behaviour: 3, Fault: 2, 100, 2 , CLASSIFIED ,
Time: 20085, Behaviour: 3, Fault: 3, n/a, 3 , DIAGNOSED ,Time Taken, 31, 
Time: 21151, Behaviour: 3, Fault: 1, 98.4715, 1 , CLASSIFIED ,
Time: 21753, Behaviour: 3, Fault: 2, 89.4158, 2 , CLASSIFIED ,
Time: 22356, Behaviour: 3, Fault: 2, 94.008, 2 , CLASSIFIED ,
Time: 23265, Behaviour: 3, Fault: 6, 75.4104, 3 , CLASSIFIED ,
Time: 23867, Behaviour: 3, Fault: 6, 74.4881, 3 , CLASSIFIED ,
Time: 24469, Behaviour: 3, Fault: 6, 94.0745, 3 , CLASSIFIED ,
Time: 25084, Behaviour: 1, Fault: 2, 81.4774, 2 , CLASSIFIED ,
Time: 25688, Behaviour: 1, Fault: 5, n/a, 5 , DIAGNOSED ,Time Taken, 165, 
Time: 26604, Behaviour: 1, Fault: 4, 99.8335, 5 , CLASSIFIED ,
Time: 28234, Behaviour: 1, Fault: 1, n/a, 1 , DIAGNOSED ,Time Taken, 13, ELLIGIBLE
Time: 28849, Behaviour: 1, Fault: 5, 99.6672, 5 , CLASSIFIED ,
Time: 29548, Behaviour: 1, Fault: 5, 96.8345, 5 , CLASSIFIED ,
Time: 30149, Behaviour: 2, Fault: 2, 98.9285, 98.9285, 2 , CLASSIFIED ,
Time: 30759, Behaviour: 2, Fault: 2, 86.2967, 2 , CLASSIFIED ,
Time: 31362, Behaviour: 2, Fault: 4, 76.7417, 4 , CLASSIFIED ,
Time: 31973, Behaviour: 2, Fault: 3, 82.7267, 3 , CLASSIFIED ,
Time: 32953, Behaviour: 2, Fault: 4, 77.0125, 4 , CLASSIFIED ,
Time: 34090, Behaviour: 2, Fault: 4, 91.2915, 4 , CLASSIFIED ,
Time: 34691, Behaviour: 2, Fault: 2, 91.1614, 2 , CLASSIFIED ,
Time: 35295, Behaviour: 3, Fault: 2, 92.6041, 2 , CLASSIFIED ,
Total Faults, 27, Elligible Total, 21, DiagTot, 7, Elligible DiagTot, 1, FailTot, 0, MemoryTot, 20, %Memory,0.952381, %Failure,0
Time: 2060, Behaviour: 2, Fault: 1, n/a, 1 , DIAGNOSED ,Time Taken, 13, 
Time: 5319, Behaviour: 1, Fault: 1, n/a, 1 , DIAGNOSED ,Time Taken, 12, ELLIGIBLE
Time: 6187, Behaviour: 1, Fault: 1, n/a, 1 , DIAGNOSED ,Time Taken, 12, ELLIGIBLE
Time: 7637, Behaviour: 1, Fault: 6, n/a, 3 , DIAGNOSED ,Time Taken, 13, 
Time: 8257, Behaviour: 1, Fault: 1, 68.7672, FAILURE 3, n/a, 1 , DIAGNOSED ,Time Taken, 71, ELLIGIBLE
Time: 9105, Behaviour: 1, Fault: 5, n/a, 5 , DIAGNOSED ,Time Taken, 176, 
Time: 9881, Behaviour: 1, Fault: 3, 94.3638, 3 , CLASSIFIED ,
Time: 10743, Behaviour: 1, Fault: 6, 100, 3 , CLASSIFIED ,
Time: 11347, Behaviour: 1, Fault: 4, n/a, 4 , DIAGNOSED ,Time Taken, 116, 
Time: 12122, Behaviour: 1, Fault: 1, 76.6591, 1 , CLASSIFIED ,
Time: 13803, Behaviour: 1, Fault: 1, 100, 1 , CLASSIFIED ,
Time: 14405, Behaviour: 1, Fault: 3, 96.0446, 3 , CLASSIFIED ,
Time: 15377, Behaviour: 3, Fault: 2, n/a, 2 , DIAGNOSED ,Time Taken, 11, 
Time: 15988, Behaviour: 3, Fault: 2, 72.4861, 2 , CLASSIFIED ,
Time: 16843, Behaviour: 3, Fault: 4, 100, 4 , CLASSIFIED ,
Time: 17481, Behaviour: 3, Fault: 6, 98.4673, 98.4673, 3 , CLASSIFIED ,
Time: 25747, Behaviour: 1, Fault: 3, 68.313, 68.313, 3 , CLASSIFIED ,
Time: 27169, Behaviour: 1, Fault: 1, 84.5154, 84.5154, 1 , CLASSIFIED ,
Time: 27793, Behaviour: 1, Fault: 1, 96.2741, 1 , CLASSIFIED ,
Time: 28395, Behaviour: 1, Fault: 6, 100, 100, 3 , CLASSIFIED ,
Time: 29027, Behaviour: 1, Fault: 4, 100, 100, 4 , CLASSIFIED ,
Time: 29629, Behaviour: 1, Fault: 2, 85.7635, 2 , CLASSIFIED ,
Time: 30231, Behaviour: 2, Fault: 3, 100, 100, 3 , CLASSIFIED ,
Total Faults, 23, Elligible Total, 18, DiagTot, 7, Elligible DiagTot, 2, FailTot, 1, MemoryTot, 15, %Memory,0.833333, %Failure,0.0625
Time: 622, Behaviour: 2, Fault: 1, n/a, 1 , DIAGNOSED ,Time Taken, 13, 
Time: 1235, Behaviour: 2, Fault: 3, n/a, 3 , DIAGNOSED ,Time Taken, 13, 
Time: 2053, Behaviour: 2, Fault: 6, n/a, 3 , DIAGNOSED ,Time Taken, 14, 
Time: 7829, Behaviour: 1, Fault: 1, n/a, 1 , DIAGNOSED ,Time Taken, 12, ELLIGIBLE
Time: 8603, Behaviour: 1, Fault: 4, n/a, 4 , DIAGNOSED ,Time Taken, 116, 
Time: 9321, Behaviour: 1, Fault: 4, 99.8335, 4 , CLASSIFIED ,
Time: 9922, Behaviour: 1, Fault: 4, 97.0345, 4 , CLASSIFIED ,
Time: 10705, Behaviour: 1, Fault: 6, 98.9749, 3 , CLASSIFIED ,
Time: 11324, Behaviour: 1, Fault: 4, 93.3849, 4 , CLASSIFIED ,
Time: 12037, Behaviour: 1, Fault: 1, 71.4286, FAILURE 3, n/a, 1 , DIAGNOSED ,Time Taken, 12, ELLIGIBLE
Time: 12649, Behaviour: 1, Fault: 3, 100, 3 , CLASSIFIED ,
Time: 13842, Behaviour: 1, Fault: 5, 99.1701, 4 , CLASSIFIED ,
Time: 14443, Behaviour: 1, Fault: 3, 100, 100, 3 , CLASSIFIED ,
Time: 15049, Behaviour: 3, Fault: 3, 100, 100, 100, 3 , CLASSIFIED ,
Time: 15651, Behaviour: 3, Fault: 3, 87.7553, 87.7553, 87.7553, 87.7553, 3 , CLASSIFIED ,
Time: 16253, Behaviour: 3, Fault: 3, 100, 100, 100, 100, 3 , CLASSIFIED ,
Time: 17055, Behaviour: 3, Fault: 1, n/a, 1 , DIAGNOSED ,Time Taken, 16, ELLIGIBLE
Time: 22222, Behaviour: 3, Fault: 1, 99.5565, 1 , CLASSIFIED ,
Time: 22827, Behaviour: 3, Fault: 6, 74.6862, 3 , CLASSIFIED ,
Time: 31856, Behaviour: 2, Fault: 1, 99.7783, 99.7783, 1 , CLASSIFIED ,
Time: 32582, Behaviour: 2, Fault: 6, 85.9226, 3 , CLASSIFIED ,
Time: 35357, Behaviour: 3, Fault: 1, 100, 1 , CLASSIFIED ,
Total Faults, 22, Elligible Total, 18, DiagTot, 6, Elligible DiagTot, 2, FailTot, 1, MemoryTot, 15, %Memory,0.833333, %Failure,0.0625
