"","fault","ClassPer"
"1",1,100
"2",2,100
"3",6,94.4308
"4",3,72.3121
"5",3,89.1249
"6",4,78.6317
"7",3,92.0064
"8",4,97.0263
"9",2,96.9166
"10",4,86.0692
"11",2,100
"12",6,95.9601
"13",2,98.9285
"14",1,98.6754
"15",6,95.9421
"16",3,94.139
"17",3,96.6196
"18",4,87.8058
"19",2,92.2936
"20",6,96.4593
"21",6,99.1432
"22",4,99.5001
"23",2,70.6238
"24",1,84.5154
"25",6,95.2389
"26",1,72.2829
"27",2,96.8633
"28",2,91.4077
"29",3,99.3174
"30",2,94.9141
"31",2,88.8685
"32",1,99.5565
"33",1,92.7613
"34",1,82.3209
"35",3,94.7065
"36",3,86.704
"37",6,90.2077
"38",6,90.0151
"39",2,100
"40",6,99.486
"41",2,100
"42",1,68.0749
"43",6,78.5859
"44",4,99.3339
"45",5,99.8335
"46",6,97.2988
"47",6,97.6395
"48",6,95.9353
"49",1,68.0749
"50",6,97.8065
"51",2,97.3688
"52",2,82.6011
"53",4,94.5977
"54",1,99.5565
"55",4,100
"56",4,99.8335
"57",2,96.8471
"58",4,83.8096
"59",1,99.5565
"60",4,87.2992
"61",2,83.8669
"62",2,96.034
"63",6,84.7548
"64",6,85.3705
"65",6,85.6325
"66",3,83.9348
"67",3,87.1159
"68",3,89.0189
"69",4,99.8335
"70",5,97.5034
"71",5,99.6672
"72",2,77.9995
"73",2,89.2428
"74",2,93.5146
"75",4,99.8335
"76",5,99.5012
"77",6,81.8723
"78",4,71.7938
"79",2,85.0933
"80",3,99.6583
"81",4,85.5589
"82",6,97.8034
"83",2,92.2927
"84",4,94.1675
"85",2,93.2854
"86",3,92.2292
"87",4,91.798
"88",4,85.5589
"89",2,93.5079
"90",6,98.6361
"91",3,98.4775
"92",4,99.1679
"93",4,100
"94",4,99.1668
"95",6,71.0634
"96",5,96.1668
"97",6,76.5077
"98",5,90.0886
"99",4,98.0087
"100",3,92.8086
"101",4,100
"102",2,85.1166
"103",5,99.5012
"104",5,99.8335
"105",6,100
"106",3,76.7622
"107",2,91.3518
"108",1,86.9819
"109",2,84.6378
"110",4,92.1585
"111",3,90.3341
"112",3,86.4476
"113",6,83.0335
"114",2,93.2573
"115",6,98.9784
"116",6,84.458
"117",5,99.6667
"118",6,100
"119",6,88.0712
"120",1,99.7783
"121",1,100
"122",4,97.8444
"123",4,96.6714
"124",1,100
"125",2,92.1446
"126",1,99.7783
"127",4,99.6667
"128",5,99.6667
"129",5,95.5064
"130",3,100
"131",3,68.313
"132",6,68.9371
"133",4,98.5184
"134",4,80.9981
"135",6,67.7699
"136",3,94.6841
"137",3,94.3638
"138",4,87.6641
"139",6,99.486
"140",4,96.1774
"141",6,100
"142",2,100
"143",3,100
"144",6,73.0763
"145",6,95.7833
"146",4,89.5861
"147",3,100
"148",3,87.7665
"149",3,91.644
"150",6,80.7318
"151",3,94.6294
"152",6,96.7745
"153",6,98.4673
"154",6,78.8017
"155",4,98.6716
"156",1,92.2008
"157",3,87.2939
"158",3,92.4916
"159",6,81.2857
"160",2,76.9685
"161",3,94.5468
"162",3,80.6437
"163",3,73.3823
"164",1,99.116
"165",1,83.5052
"166",3,85.7412
"167",4,69.7055
"168",6,76.3077
"169",4,84.9867
"170",3,100
"171",3,88.1401
"172",3,80.7318
"173",4,99.8335
"174",4,99.8335
"175",4,99.8335
"176",3,92.0025
"177",4,99.438
"178",4,100
"179",3,86.6135
"180",5,99.5001
"181",5,99.3333
"182",3,94.4577
"183",4,99.8335
"184",5,96.3985
"185",6,99.4863
"186",6,84.1996
"187",4,99.8335
"188",1,73.3022
"189",4,99.8335
"190",3,99.6573
"191",2,84.3085
"192",2,75.735
"193",3,88.5284
"194",2,98.9285
"195",1,94.5336
"196",4,91.8333
"197",5,97.6754
"198",6,99.6571
"199",2,77.39
"200",2,93.1625
"201",1,99.7783
"202",2,93.7343
"203",4,87.675
"204",1,99.5575
"205",1,99.7783
"206",1,66.4866
"207",6,100
"208",1,96.945
"209",3,80.8863
"210",2,83.1317
"211",1,99.7783
"212",3,98.8053
"213",3,91.6633
"214",2,75.5148
"215",2,94.9119
"216",3,100
"217",3,96.4668
"218",3,100
"219",3,99.6571
"220",5,97.0003
"221",1,100
"222",2,98.9247
"223",3,97.963
"224",6,99.6579
"225",4,98.3172
"226",2,76.5786
"227",3,79.7205
"228",3,96.8308
"229",2,92.1606
"230",4,95.3127
"231",6,80.0948
"232",3,92.2266
"233",3,93.5475
"234",2,80.8434
"235",1,99.5565
"236",2,68.2405
"237",2,98.9247
"238",5,91.8869
"239",2,100
"240",2,100
"241",4,69.6777
"242",4,70.9468
"243",2,100
"244",2,100
"245",2,94.7467
"246",4,99
"247",1,99.5565
"248",6,73.4552
"249",1,99.7783
"250",4,99.2516
"251",3,69.9545
"252",3,82.3786
"253",6,73.4623
"254",6,85.1533
"255",2,98.9285
"256",2,100
"257",4,99.2516
"258",3,86.1748
"259",3,90.012
"260",2,96.5105
"261",3,95.9836
"262",2,85.6065
"263",3,91.9635
"264",6,97.3113
"265",2,92.5025
"266",3,77.071
"267",2,75.3155
"268",3,95.7726
"269",5,99.3339
"270",5,98.3383
"271",2,95.8745
"272",1,82.6456
"273",5,99.3339
"274",1,97.234
"275",3,93.1958
"276",6,79.2024
"277",6,98.9749
"278",6,92.2902
"279",3,88.8313
"280",4,90.7694
"281",3,99.486
"282",3,87.9936
"283",5,98.6688
"284",6,99.6581
"285",4,99.3339
"286",4,97.0346
"287",4,99.1679
"288",5,99.5001
"289",6,92.3401
"290",1,99.7783
"291",6,78.6859
"292",2,83.8664
"293",3,100
"294",5,99.1668
"295",1,84.5154
"296",1,100
"297",4,99.6672
"298",4,96.2928
"299",3,73.0885
"300",1,100
"301",3,83.4795
"302",3,72.2122
"303",1,71.6859
"304",6,98.9784
"305",6,100
"306",2,94.5602
"307",2,87.8003
"308",3,93.253
"309",6,72.1205
"310",5,95.6688
"311",1,84.5154
"312",3,100
"313",3,100
"314",6,84.5667
"315",3,77.3326
"316",2,81.2715
"317",3,83.6331
"318",2,93.0827
"319",3,95.5091
"320",3,86.6067
"321",3,100
"322",1,99
"323",3,100
"324",2,85.3769
"325",5,96.8561
"326",5,99.6672
"327",3,99.486
"328",2,100
"329",6,67.1992
"330",1,99.7783
"331",4,92.104
"332",3,100
"333",4,76.4276
"334",4,86.901
"335",3,98.8101
"336",2,69.6723
"337",3,79.2676
"338",4,96.1892
"339",1,99.7783
"340",5,99.3339
"341",3,94.2347
"342",2,100
"343",6,100
"344",2,98.9247
"345",4,94.9668
"346",1,100
"347",3,93.1961
"348",2,88.3599
"349",3,99.6672
"350",1,100
"351",2,92.9398
"352",1,75.6195
"353",5,98.347
"354",1,84.5154
"355",6,100
"356",2,71.0826
"357",3,88.0873
"358",6,100
"359",2,95.3871
"360",5,99.6672
"361",4,99.8335
"362",4,92.6952
"363",3,100
"364",4,84.8821
"365",4,98.1668
"366",3,95.3581
"367",1,99.7783
"368",3,85.7069
"369",5,99.8335
"370",3,89.699
"371",3,100
"372",5,97.3469
"373",2,98.9247
"374",6,71.9366
"375",5,98.0087
"376",1,83.666
"377",2,100
"378",6,98.6361
"379",2,100
"380",2,75.5148
"381",6,99.3174
"382",3,99.8288
"383",4,84.2424
"384",6,100
"385",5,97.6714
"386",5,99.3333
"387",2,81.3291
"388",3,100
"389",6,94.0931
"390",5,99.1668
"391",6,80.0251
"392",6,92.5388
"393",6,99.3153
"394",6,97.9589
"395",3,93.2219
"396",2,91.3562
"397",1,71.4286
"398",2,98.3985
"399",2,99.4681
"400",2,84.8995
"401",4,99.3355
"402",2,100
"403",5,98.5111
"404",4,100
"405",5,97.6802
"406",3,97.4448
"407",6,96.5759
"408",2,100
"409",2,79.7309
"410",3,79.3077
"411",2,100
"412",6,82.6717
"413",2,84.8394
"414",2,93.3976
"415",4,79.1247
"416",1,95.9471
"417",6,73.9849
"418",5,100
"419",5,97.4994
"420",4,99.8335
"421",6,99.1449
"422",5,99.3355
"423",2,83.9595
"424",2,80.6631
"425",4,96.8498
"426",4,97.511
"427",4,95.879
"428",2,83.1951
"429",6,83.666
"430",4,99.6667
"431",2,96.4269
"432",4,99.8335
"433",3,81.6497
"434",4,77.6218
"435",3,77.7542
"436",2,95.9436
"437",2,79.1502
"438",2,93.5837
"439",1,99.7778
"440",6,100
"441",5,99.8335
"442",2,96.4269
"443",6,70.8382
"444",1,98.0314
"445",6,76.3429
"446",1,99.5565
"447",6,90.5537
"448",3,93.0482
"449",3,66.4726
"450",2,69.2364
"451",5,98.8346
"452",5,100
"453",1,73.5655
"454",2,85.6065
"455",2,91.0081
"456",5,99.5012
"457",3,96.2658
"458",3,97.3059
"459",4,85.9709
"460",3,89.4113
"461",6,93.8917
"462",1,69.1628
"463",4,72.7992
"464",2,98.4013
"465",3,93.5687
"466",4,88.4495
"467",3,94.8541
"468",2,99.4681
"469",3,88.5831
"470",3,91.8976
"471",3,98.6361
"472",3,94.2258
"473",4,99.5012
"474",5,99.1668
"475",1,99.8335
"476",5,96.8399
"477",5,100
"478",4,99.4401
"479",2,77.8104
"480",4,85.6813
"481",2,86.4565
"482",1,99.7783
"483",2,77.3554
"484",6,85.1267
"485",5,99.1679
"486",4,99.6667
"487",3,68.313
"488",2,75.2031
"489",3,100
"490",1,74.3968
"491",3,98.2988
"492",3,100
"493",2,93.2351
"494",3,99.3174
"495",2,81.5909
"496",2,84.1829
"497",6,87.1872
"498",1,94.2217
"499",6,99.486
"500",3,96.9576
"501",3,83.177
"502",2,91.3164
"503",2,100
"504",4,85.6365
"505",6,76.1978
"506",6,85.4194
"507",5,99.6667
"508",3,100
"509",3,68.313
"510",3,100
"511",5,99.5001
"512",4,83.7064
"513",6,99.4878
"514",2,98.9285
"515",4,98.3179
"516",4,79.8912
"517",4,90.7792
"518",3,78.7717
"519",1,68.313
"520",1,84.5154
"521",2,98.9247
"522",4,99.6667
"523",1,68.313
"524",5,99.6667
"525",1,98.8047
"526",5,97.8335
"527",6,84.2211
"528",1,100
"529",4,91.0078
"530",1,77.6575
"531",1,100
"532",4,91.2723
"533",4,93.448
"534",3,89.0863
"535",4,80.3832
"536",3,99.4875
"537",2,100
"538",4,99.8335
"539",2,77.7134
"540",1,69.4467
"541",5,99.6672
"542",1,68.196
"543",2,98.9247
"544",3,84.0754
"545",2,88.3256
"546",6,86.9344
"547",1,100
"548",2,86.5515
"549",4,89.1392
"550",3,82.6964
"551",3,92.2145
"552",3,95.2414
"553",3,99.6579
"554",2,94.9958
"555",5,95.17
"556",3,100
"557",5,99.3355
"558",4,74.2151
"559",3,83.666
"560",2,70.5088
"561",1,99.7783
"562",2,98.4013
"563",2,90.6035
"564",2,91.796
"565",2,91.8995
"566",3,81.6497
"567",2,98.9247
"568",5,99.5001
"569",4,99.6262
"570",5,98.0087
"571",3,81.5551
"572",4,100
"573",1,100
"574",3,79.2341
"575",3,78.0421
"576",1,99.7783
"577",1,99.7783
"578",3,83.666
"579",4,99.3339
"580",4,100
"581",6,100
"582",2,90.1891
"583",5,99.8335
"584",5,99.3355
"585",2,100
"586",3,100
"587",1,99.5565
"588",4,96.8942
"589",6,96.7993
"590",1,100
"591",2,100
"592",5,98.3421
"593",2,98.9247
"594",2,95.4206
"595",3,100
"596",2,100
"597",3,90.9553
"598",6,81.5551
"599",4,96.5162
"600",3,82.9411
"601",6,86.2647
"602",6,69.1169
"603",3,95.6235
"604",1,70.7107
"605",1,74.6008
"606",5,99.6667
"607",4,99.6667
"608",3,86.3561
"609",3,99.486
"610",6,81.0777
"611",1,92.391
"612",2,68.6597
"613",1,98.9011
"614",5,99.5001
"615",6,89.9662
"616",2,100
"617",6,100
"618",3,100
"619",2,98.9247
"620",4,85.4306
"621",2,84.3345
"622",4,68.7773
"623",2,83.8664
"624",6,90.6192
"625",3,100
"626",3,93.262
"627",6,93.9661
"628",5,99.1679
"629",1,84.5154
"630",5,99.8335
"631",1,99.7783
"632",3,83.666
"633",2,98.4013
"634",6,86.6329
"635",4,94.9718
"636",1,83.666
"637",3,89.0294
"638",3,83.1727
"639",2,85.0117
"640",4,72.4169
"641",1,100
"642",2,95.4257
"643",2,98.3985
"644",2,99.4681
"645",4,99.8335
"646",5,99.5012
"647",5,99.5012
"648",6,100
"649",2,84.8995
"650",5,99.3333
"651",5,99.6672
"652",6,100
"653",6,100
"654",6,73.822
"655",3,100
"656",3,100
"657",5,99.6672
"658",2,98.9436
"659",6,94.2018
"660",2,97.413
"661",3,79.8465
"662",1,92.5466
"663",2,73.6601
"664",3,94.6841
"665",4,73.6506
"666",6,83.6305
"667",1,99.5565
"668",3,68.313
"669",2,92.143
"670",2,98.9436
"671",1,100
"672",4,99.438
"673",2,95.8725
"674",1,99.7783
"675",2,89.5998
"676",2,92.196
"677",6,82.4627
"678",6,91.4228
"679",3,81.0914
"680",2,69.7146
"681",2,93.4873
"682",3,88.4103
"683",3,89.8398
"684",6,95.5098
"685",6,93.7582
"686",3,99.486
"687",2,97.3688
"688",6,76.5144
"689",6,93.3409
"690",2,84.724
"691",6,98.4673
"692",3,82.0155
"693",4,99.438
"694",6,87.3972
"695",1,84.5154
"696",6,94.4317
"697",4,98.6689
"698",4,99.8335
"699",6,98.4673
"700",4,70.2408
"701",3,88.351
"702",3,99.486
"703",3,95.1855
"704",3,91.5219
"705",6,82.3013
"706",4,98.8771
"707",1,100
"708",2,80.0309
"709",4,69.3927
"710",4,90.5188
"711",3,82.8876
"712",3,79.9198
"713",2,83.9811
"714",5,93.6994
"715",3,100
"716",2,98.9247
"717",5,99.3333
"718",3,96.9758
"719",2,100
"720",4,99.6672
"721",2,75.2506
"722",3,87.3812
"723",3,81.0103
"724",4,98.5065
"725",4,95.27
"726",6,75.6782
"727",6,99.486
"728",2,89.9287
"729",6,96.9773
"730",3,99.8289
"731",2,91.3012
"732",4,100
"733",4,99.3339
"734",3,85.2183
"735",3,83.5227
"736",6,75.1855
"737",4,97.5996
"738",2,83.4886
"739",4,75.3316
"740",1,99.7783
"741",3,99.8288
"742",4,99.8335
"743",5,99.5012
"744",5,99.8335
"745",5,98.1777
"746",1,71.4286
"747",5,99.5012
"748",5,100
"749",2,71.8512
"750",2,100
"751",6,85.5922
"752",2,98.4013
"753",3,96.9299
"754",6,76.1023
"755",3,96.5968
"756",1,84.5154
"757",4,83.805
"758",2,70.4278
"759",2,89.2858
"760",4,98.6684
"761",6,98.6409
"762",1,91.3708
"763",4,100
"764",1,84.5154
"765",2,100
"766",6,100
"767",2,92.4008
"768",2,83.4888
"769",6,90.462
"770",2,95.0975
"771",2,97.5824
"772",6,91.594
"773",2,98.507
"774",3,100
"775",2,98.9247
"776",1,81.6876
"777",1,73.634
"778",6,83.666
"779",4,80.7237
"780",3,95.4908
"781",3,90.1997
"782",4,94.1506
"783",3,99.3174
"784",1,84.5154
"785",5,99.0005
"786",3,99.6579
"787",4,99.5001
"788",4,99.6667
"789",4,99.8128
"790",3,96.1963
"791",4,82.4673
"792",1,99.7783
"793",2,79.4943
"794",2,85.2512
"795",5,99.5012
"796",5,97.183
"797",6,75.397
"798",2,98.9247
"799",4,99.8335
"800",2,96.8633
"801",4,99.4401
"802",3,89.3716
"803",3,98.4673
"804",4,87.9708
"805",4,94.9668
"806",2,88.6357
"807",1,99.7783
"808",6,82.2219
"809",1,99.7783
"810",2,87.5205
"811",5,99.3339
"812",1,76.5386
"813",4,99.8335
"814",5,99.8335
"815",2,86.7852
"816",3,98.4077
"817",6,92.3086
"818",3,97.7865
"819",4,79.2386
"820",4,91.9487
"821",2,91.3548
"822",1,100
"823",1,90.0488
"824",2,83.8664
"825",3,100
"826",5,98.0022
"827",1,76.0618
"828",6,99.486
"829",3,98.4736
"830",6,100
"831",5,99.1668
"832",5,98.6672
"833",2,98.9285
"834",1,71.4446
"835",3,91.7239
"836",4,96.6423
"837",4,97.7727
"838",2,83.2735
"839",3,92.0355
"840",6,88.0973
"841",1,84.5154
"842",5,98.8334
"843",1,84.5154
"844",1,100
"845",4,97.2046
"846",4,88.9433
"847",4,98.8792
"848",3,95.8442
"849",3,97.8345
"850",6,74.7859
"851",4,76.1585
"852",6,85.8511
"853",5,100
"854",5,99.6672
"855",3,67.8467
"856",6,98.9749
"857",1,66.2003
"858",4,100
"859",6,89.4991
"860",1,68.313
"861",6,91.2396
"862",2,70.3385
"863",3,100
"864",4,93.8043
"865",1,75.8668
"866",3,100
"867",5,99.5012
"868",2,98.9247
"869",3,100
"870",4,83.3342
"871",4,99.8335
"872",3,100
"873",2,100
"874",1,99.7783
"875",3,90.5819
"876",3,99.1449
"877",3,96.1883
"878",2,67.5458
"879",2,100
"880",1,98.4715
"881",2,89.4158
"882",2,94.008
"883",6,75.4104
"884",6,74.4881
"885",6,94.0745
"886",2,81.4774
"887",4,99.8335
"888",5,99.6672
"889",5,96.8345
"890",2,98.9285
"891",2,86.2967
"892",4,76.7417
"893",3,82.7267
"894",4,77.0125
"895",4,91.2915
"896",2,91.1614
"897",2,92.6041
"898",3,94.3638
"899",6,100
"900",1,76.6591
"901",1,100
"902",3,96.0446
"903",2,72.4861
"904",4,100
"905",6,98.4673
"906",3,68.313
"907",1,84.5154
"908",1,96.2741
"909",6,100
"910",4,100
"911",2,85.7635
"912",3,100
"913",4,99.8335
"914",4,97.0345
"915",6,98.9749
"916",4,93.3849
"917",3,100
"918",5,99.1701
"919",3,100
"920",3,100
"921",3,87.7553
"922",3,100
"923",1,99.5565
"924",6,74.6862
"925",1,99.7783
"926",6,85.9226
"927",1,100
"928",6,95.0301
"929",6,100
"930",4,99.6667
"931",6,100
"932",6,100
"933",4,99.6667
"934",5,99.6667
"935",6,93.7271
"936",1,92.7737
"937",2,70.7911
"938",3,72.4697
"939",1,68.3537
"940",2,83.1951
"941",1,100
"942",4,80.953
"943",1,93.5846
"944",6,100
"945",4,99.6667
"946",1,91.6768
"947",4,99.6667
"948",2,98.9247
"949",4,99.8128
"950",4,79.2351
"951",6,76.8851
"952",2,70.0532
"953",4,88.6092
"954",6,96.1586
"955",1,68.196
"956",1,99.8288
"957",3,83.23
"958",1,76.2317
"959",6,99.3147
"960",3,68.196
"961",3,99.8288
"962",3,86.4724
"963",1,100
"964",3,80.4874
"965",2,81.0117
"966",6,92.6064
"967",1,84.0708
"968",6,99.486
"969",4,95.9014
"970",2,82.4497
"971",3,94.0697
"972",3,88.6459
"973",6,100
"974",2,80.9782
"975",5,92.1732
"976",4,99.5001
"977",3,100
"978",2,100
"979",3,81.9905
"980",1,89.0942
"981",2,77.7062
"982",4,69.6659
"983",2,94.531
"984",2,98.9285
"985",2,91.0099
"986",2,100
"987",1,98.8996
"988",4,92.5401
"989",4,94.9738
"990",4,97.9573
"991",6,73.9474
"992",4,99.438
"993",6,81.4604
"994",2,100
"995",3,76.8015
"996",6,82.6061
"997",6,92.9345
"998",2,86.0705
"999",2,92.73
"1000",2,100
"1001",4,99.6667
"1002",2,100
"1003",5,99.3339
"1004",3,77.6516
"1005",2,89.0748
"1006",3,93.8418
"1007",4,98.3358
"1008",2,90.4863
"1009",2,91.5077
"1010",6,96.4701
"1011",4,97.4036
"1012",4,99.2546
"1013",3,76.1811
"1014",6,100
"1015",6,78.6895
"1016",1,68.8925
"1017",3,68.313
"1018",2,67.5546
"1019",3,99.486
"1020",3,100
"1021",6,98.6409
"1022",2,100
"1023",6,92.8476
"1024",4,74.5443
"1025",3,100
"1026",2,70.1148
"1027",2,100
"1028",2,99.4633
"1029",1,84.5154
"1030",4,73.9852
"1031",2,99.4633
"1032",4,98.8771
"1033",3,99.8289
"1034",4,100
"1035",2,100
"1036",1,84.5154
"1037",3,100
"1038",4,99.8335
"1039",5,96.4993
"1040",3,95.8315
"1041",1,100
"1042",1,93.5482
"1043",1,70.3133
"1044",3,99.486
"1045",4,94.7946
"1046",1,98.6842
"1047",4,97.4308
"1048",4,99.8335
"1049",2,73.4104
"1050",3,97.4407
"1051",1,96.3436
"1052",1,89.1438
"1053",3,82.8099
"1054",6,97.963
"1055",3,92.3095
"1056",6,67.4684
"1057",1,99.5565
"1058",2,91.2278
"1059",4,97.8498
"1060",5,99.8335
"1061",6,95.0245
"1062",2,100
"1063",6,72.0325
"1064",6,100
"1065",6,88.3089
"1066",3,70.5777
"1067",2,77.4272
"1068",6,89.8113
"1069",3,66.0225
"1070",4,99.6667
"1071",4,99.8335
"1072",3,96.306
"1073",4,99.8335
"1074",3,100
"1075",2,86.8439
"1076",2,95.3255
"1077",3,100
"1078",2,97.0085
"1079",2,92.4567
"1080",1,99.7783
"1081",6,85.1678
"1082",2,92.6562
"1083",4,75.925
"1084",4,87.5892
"1085",2,97.9093
"1086",6,91.9042
"1087",2,97.0085
"1088",2,87.2376
"1089",2,92.3004
"1090",3,90.6192
"1091",4,86.8824
"1092",5,96.7011
"1093",5,99.3355
"1094",6,76.2548
"1095",4,100
"1096",5,99.3339
"1097",6,95.3231
"1098",5,100
"1099",5,99.6672
"1100",6,67.8786
"1101",1,100
"1102",6,93.026
"1103",2,78.4315
"1104",2,95.1233
"1105",4,99.8335
"1106",4,100
"1107",5,99.5012
"1108",2,80.729
"1109",4,100
"1110",2,98.4263
"1111",2,100
"1112",3,70.3988
"1113",6,95.349
"1114",3,97.13
"1115",6,96.6006
"1116",4,80.806
"1117",4,90.3238
"1118",2,94.9479
"1119",6,89.2594
"1120",3,74.1596
"1121",6,99.4875
"1122",2,77.7062
"1123",3,99.3174
"1124",3,99.6579
"1125",5,99.0005
"1126",6,100
"1127",4,99.8128
"1128",6,99.3174
"1129",6,68.4853
"1130",3,100
"1131",4,99.5001
"1132",2,98.9247
"1133",2,97.413
"1134",4,99.8335
"1135",4,98.6689
"1136",2,84.8392
"1137",1,89.0609
"1138",2,78.8744
"1139",6,83.9665
"1140",4,71.1837
"1141",6,94.7761
"1142",2,93.4445
"1143",6,96.6101
"1144",6,66.4841
"1145",3,81.6497
"1146",2,76.3715
"1147",4,97.6802
"1148",4,99.8335
"1149",3,92.0347
"1150",2,98.4013
"1151",2,86.3902
"1152",3,98.4673
"1153",4,71.3814
"1154",4,88.514
"1155",2,85.1067
"1156",2,99.4727
"1157",1,94.511
"1158",3,99.486
"1159",4,100
"1160",5,99.3355
"1161",2,82.1822
"1162",1,100
"1163",6,81.7207
"1164",1,99.7783
"1165",4,89.3138
"1166",6,92.1902
"1167",3,96.1308
"1168",5,91.376
"1169",3,99.3178
"1170",5,97.8401
"1171",5,99.1668
"1172",4,97.6934
"1173",2,82.3005
"1174",4,99.5001
"1175",3,99.486
"1176",5,96.5012
"1177",5,99.3339
"1178",3,100
"1179",3,93.7533
"1180",1,99.7783
"1181",1,99.5565
"1182",4,99.8335
"1183",3,100
"1184",5,99.6667
"1185",4,83.04
"1186",5,99.0006
"1187",6,82.5652
"1188",6,77.8989
"1189",6,84.6325
"1190",4,78.5387
"1191",4,94.2351
"1192",1,99.5565
"1193",1,96.7801
"1194",1,99.5565
"1195",2,90.2344
"1196",2,77.3871
"1197",2,92.924
"1198",2,84.9889
"1199",2,84.3881
"1200",3,89.2116
"1201",6,69.5345
"1202",1,99.3377
"1203",3,66.1347
"1204",4,99.8335
"1205",3,89.4865
"1206",3,96.1567
"1207",5,99.3355
"1208",1,96.5452
"1209",4,79.0075
"1210",2,95.5067
"1211",4,75.3491
"1212",4,99.4387
"1213",3,93.505
"1214",6,86.6227
"1215",6,99.3174
"1216",3,100
"1217",6,100
"1218",6,100
"1219",2,80.0222
"1220",6,75.0571
"1221",3,94.8853
"1222",5,99.3339
"1223",6,86.2456
"1224",2,96.4269
"1225",2,99.4681
"1226",2,98.9247
"1227",1,72.662
"1228",4,70.9751
"1229",1,93.2258
"1230",2,70.5383
"1231",4,96.4905
"1232",6,92.1024
"1233",6,90.6916
"1234",3,92.1024
"1235",3,100
"1236",2,87.1989
"1237",2,100
"1238",2,100
"1239",1,92.6059
"1240",6,97.9567
"1241",4,99.6262
"1242",4,98.3358
"1243",3,82.8319
"1244",3,89.322
"1245",3,92.7786
"1246",6,97.4404
"1247",5,99.5012
"1248",3,98.9784
"1249",6,100
"1250",5,99.1668
"1251",5,99.8335
"1252",3,81.5258
"1253",6,72.718
"1254",4,99.8335
"1255",2,98.9247
"1256",1,100
"1257",6,97.6578
"1258",6,87.1177
"1259",1,72.5364
"1260",6,99.486
"1261",3,97.3073
"1262",3,88.8562
"1263",4,87.6911
"1264",4,96.2258
"1265",3,68.7201
"1266",6,75.7265
"1267",3,83.5227
"1268",2,73.783
"1269",4,99.5001
"1270",6,88.8889
"1271",5,99.3339
"1272",2,91.998
"1273",2,88.475
"1274",1,88.5429
"1275",4,72.5226
"1276",1,88.5565
"1277",6,89.487
"1278",3,94.8472
"1279",6,99.6573
"1280",6,99.8288
"1281",6,95.0835
"1282",1,71.3746
"1283",4,99.8335
"1284",4,95.503
"1285",4,100
"1286",6,93.5823
"1287",4,70.9292
"1288",2,69.8923
"1289",3,76.7895
"1290",6,86.8166
"1291",4,88.8644
"1292",3,66.6329
"1293",3,97.5162
"1294",2,92.7794
"1295",3,86.0287
"1296",6,89.1024
"1297",3,96.4833
"1298",4,97.342
"1299",3,100
"1300",1,87.9664
"1301",4,99.8335
"1302",5,99.6667
"1303",3,100
"1304",2,82.7665
"1305",2,78.9452
"1306",3,95.833
"1307",4,70.6229
"1308",6,98.6361
"1309",6,84.4004
"1310",1,92.655
"1311",4,91.6783
"1312",2,95.6421
"1313",4,92.6059
"1314",4,94.2528
"1315",4,98.8368
"1316",3,83.666
"1317",6,97.1407
"1318",5,98.6716
"1319",2,88.01
"1320",3,81.6497
"1321",4,97.6716
"1322",1,96.1101
"1323",2,92.8917
"1324",6,86.9226
"1325",2,74.4958
"1326",3,99.6579
"1327",6,100
"1328",4,100
"1329",6,67.1514
"1330",6,100
"1331",6,97.2959
"1332",4,86.7766
"1333",1,97.8172
"1334",1,71.5077
"1335",5,99.8335
"1336",4,99.6667
"1337",1,78.0346
"1338",6,78.8502
"1339",4,99.3339
"1340",5,99.8335
"1341",4,74.3335
"1342",4,99.1668
"1343",3,100
"1344",6,79.8404
"1345",6,94.6841
"1346",3,97.4715
"1347",4,78.4269
"1348",3,92.8367
"1349",6,72.4581
"1350",3,100
"1351",3,72.756
"1352",3,81.8629
"1353",3,89.6169
"1354",5,99.1668
"1355",3,92.1702
"1356",3,97.13
"1357",4,95.7582
"1358",4,90.0832
"1359",6,96.9645
"1360",6,88.6301
"1361",1,99.7783
"1362",3,81.4514
"1363",2,83.4666
"1364",2,84.7528
"1365",3,84.1774
"1366",3,70.5881
"1367",2,82.9646
"1368",3,100
"1369",3,94.8641
"1370",6,87.2184
"1371",6,97.6375
"1372",6,100
"1373",3,100
"1374",2,86.8767
"1375",2,88.9478
"1376",6,99.4875
"1377",3,94.1713
"1378",1,71.3506
"1379",6,66.4613
"1380",2,78.9873
"1381",2,87.6456
"1382",2,87.8211
"1383",6,97.13
"1384",5,98.8401
"1385",5,98.6688
"1386",4,99.8335
"1387",1,84.5154
"1388",6,82.0552
"1389",2,91.237
"1390",4,70.7107
"1391",3,87.6284
"1392",3,70.3018
"1393",6,97.6189
"1394",3,78.5896
"1395",3,100
"1396",5,99.6672
"1397",6,99.8288
"1398",2,98.9247
"1399",6,98.9784
"1400",4,100
"1401",3,96.9369
"1402",3,98.4681
"1403",3,82.2778
"1404",2,83.7503
"1405",6,94.6841
"1406",3,85.0971
"1407",4,83.0745
"1408",3,78.4862
"1409",2,87.7623
"1410",4,91.5182
"1411",3,93.5142
"1412",6,99.3147
"1413",3,94.4044
"1414",6,99.486
"1415",3,91.9006
"1416",1,93.2287
"1417",4,92.2145
"1418",6,84.3451
"1419",4,81.0277
"1420",1,99.5565
"1421",2,67.351
"1422",6,78.6149
"1423",2,98.9247
"1424",3,81.8156
"1425",1,82.599
"1426",3,85.1692
"1427",2,91.7329
"1428",3,93.7271
"1429",6,87.8537
"1430",2,97.0743
"1431",2,98.9436
"1432",4,99.8335
"1433",6,94.6841
"1434",5,99.5012
"1435",4,99.8335
"1436",2,100
"1437",6,70.4793
"1438",2,81.6176
"1439",2,99.4681
"1440",3,86.2803
"1441",6,94.6841
"1442",2,76.1486
"1443",2,84.4145
"1444",3,92.3419
"1445",1,87.7483
"1446",2,98.9247
"1447",5,99.8335
"1448",2,100
"1449",6,89.6589
"1450",4,76.7995
"1451",2,86.1558
"1452",4,97.044
"1453",3,100
"1454",3,95.3463
"1455",1,100
"1456",6,93.7506
"1457",1,88.1135
"1458",3,99.1477
"1459",6,100
"1460",2,95.39
"1461",3,100
"1462",2,100
"1463",3,99.3153
"1464",2,79.7724
"1465",2,83.4992
"1466",3,88.3048
"1467",6,76.9163
"1468",3,96.8335
"1469",3,83.7358
"1470",2,98.9247
"1471",4,96.015
"1472",4,98.1559
"1473",5,99.6672
"1474",2,71.8512
"1475",2,98.9285
"1476",6,72.5032
"1477",6,100
"1478",3,100
"1479",1,84.5154
"1480",3,91.8818
"1481",2,91.8625
"1482",3,92.6221
"1483",4,82.3192
"1484",6,96.1422
"1485",4,97.2215
"1486",4,98.6933
"1487",4,99.4401
"1488",6,100
"1489",6,81.3979
"1490",6,96.7627
"1491",1,84.5154
"1492",6,86.4622
"1493",6,100
"1494",3,94.704
"1495",3,88.3588
"1496",1,99.3377
"1497",2,80.6395
"1498",2,80.1621
"1499",2,84.3205
"1500",4,99.5001
"1501",1,100
"1502",3,77.8481
"1503",6,81.0259
"1504",3,68.313
"1505",3,92.0323
"1506",3,100
"1507",5,70.9468
"1508",6,100
"1509",3,92.8563
"1510",2,86.8767
"1511",2,92.1699
"1512",1,69.1254
"1513",2,97.8796
"1514",4,99.8128
"1515",6,97.2959
"1516",2,74.2806
"1517",2,83.3017
"1518",1,100
"1519",6,85.2924
"1520",2,98.9247
"1521",6,88.3587
"1522",3,98.1307
"1523",3,98.8019
"1524",3,91.2447
"1525",3,88.7921
"1526",6,79.9594
"1527",4,99.8128
"1528",2,87.9963
"1529",4,100
"1530",6,81.0409
"1531",6,84.3183
"1532",6,90.0208
"1533",3,100
"1534",3,68.313
"1535",4,82.5289
"1536",3,100
"1537",5,97.8335
"1538",6,91.2907
"1539",1,70.6181
"1540",2,84.2416
"1541",6,80.371
"1542",4,98.8854
"1543",3,86.8115
"1544",2,72.5919
"1545",2,91.7336
"1546",4,71.1837
"1547",1,99.5565
"1548",2,96.8633
"1549",3,86.8115
"1550",6,100
"1551",5,97.8335
"1552",2,100
"1553",2,82.3319
"1554",2,84.4447
"1555",6,66.802
"1556",3,85.6378
"1557",4,93.3135
"1558",6,96.1018
"1559",4,93.6164
"1560",4,74.338
"1561",3,86.7683
"1562",4,99.2519
"1563",2,75.5772
"1564",6,91.7507
"1565",6,97.7911
"1566",2,90.6
"1567",2,100
"1568",2,82.5308
"1569",5,99.5001
"1570",4,99.6262
"1571",6,99.1437
"1572",2,88.223
"1573",6,92.9084
"1574",3,89.2005
"1575",2,98.9285
"1576",5,97.5001
"1577",6,100
"1578",1,100
"1579",6,88.1748
"1580",3,89.1498
"1581",3,99.8288
"1582",3,76.3808
"1583",2,79.4627
"1584",6,94.0741
"1585",1,99.7783
"1586",2,78.1365
"1587",2,91.939
"1588",6,100
"1589",4,97.5001
"1590",2,99.4633
"1591",3,92.6826
"1592",6,100
"1593",3,93.2811
"1594",3,99.4878
"1595",4,99.3339
"1596",6,66.0727
"1597",3,93.253
"1598",3,100
"1599",5,100
"1600",4,100
"1601",1,99.5565
"1602",2,73.1626
"1603",4,100
"1604",5,99.8335
"1605",2,80.0421
"1606",2,98.9247
"1607",4,79.9355
"1608",3,96.1422
"1609",1,99.3377
"1610",1,99.7783
"1611",2,87.6346
"1612",2,87.6399
"1613",2,83.6247
"1614",3,99.486
"1615",6,100
"1616",2,92.805
"1617",3,100
"1618",4,72.0955
"1619",5,98.6754
"1620",3,100
"1621",4,98.5111
"1622",5,97.8399
"1623",2,88.8511
"1624",3,99.8289
"1625",2,82.6417
"1626",3,91.2703
"1627",2,85.3196
"1628",4,89.3446
"1629",5,99.5012
"1630",5,98.1832
"1631",4,99.8335
"1632",4,99.8128
"1633",4,99.8335
"1634",1,88.7905
"1635",6,97.9632
"1636",2,82.0861
"1637",2,88.8094
"1638",4,100
"1639",2,96.1815
"1640",6,96.9329
"1641",1,100
"1642",3,99.1477
"1643",2,91.5425
"1644",3,95.3463
"1645",2,83.529
"1646",3,90.8783
"1647",6,85.2329
"1648",1,100
"1649",6,80.5567
"1650",5,99.8335
"1651",4,98.5067
"1652",3,93.8632
"1653",3,89.5328
"1654",5,99.8335
"1655",6,99.486
"1656",1,99.3358
"1657",6,82.336
"1658",1,98.9035
"1659",3,88.2372
"1660",2,91.3279
"1661",2,87.5434
"1662",6,69.3036
"1663",3,98.305
"1664",2,76.0855
"1665",6,100
"1666",2,92.9555
"1667",6,92.8342
"1668",4,99.6667
"1669",4,75.5865
"1670",2,88.0635
"1671",3,98.4673
"1672",2,86.2912
"1673",3,78.6003
"1674",3,93.1699
"1675",6,95.6386
"1676",4,87.0742
"1677",6,79.461
"1678",4,77.5769
"1679",3,87.9756
"1680",3,96.9645
"1681",6,92.6067
"1682",3,93.1214
"1683",1,99.7783
"1684",1,80.1269
"1685",4,98.6755
"1686",4,97.5034
"1687",4,83.506
"1688",4,72.0191
"1689",6,87.6227
"1690",2,88.8176
"1691",3,73.6614
"1692",5,97.6804
"1693",5,99.3339
"1694",5,96.679
"1695",6,74.8923
"1696",3,80.5577
"1697",6,93.9182
"1698",3,100
"1699",6,98.9784
"1700",2,83.0137
"1701",4,94.7471
"1702",2,94.9119
"1703",3,100
"1704",3,98.9749
"1705",3,100
"1706",6,94.1638
"1707",4,93.6297
"1708",3,82.54
"1709",3,100
"1710",2,78.5679
"1711",5,97.8498
"1712",5,99.6667
"1713",2,95.4334
"1714",6,100
"1715",4,99.8335
"1716",2,98.4263
"1717",6,91.0291
"1718",2,98.9285
"1719",4,95.0673
"1720",2,98.4263
"1721",3,89.6145
"1722",6,83.6576
"1723",3,87.9871
"1724",3,74.2818
"1725",6,84.8776
"1726",2,76.5842
"1727",3,96.6865
"1728",6,95.0057
"1729",6,88.0806
"1730",3,68.313
"1731",3,100
"1732",6,95.8597
"1733",3,100
"1734",2,82.3005
"1735",2,95.8745
"1736",2,98.3985
"1737",3,97.9705
"1738",2,100
"1739",3,89.1516
"1740",3,100
"1741",2,83.9648
"1742",4,94.6683
"1743",6,94.2216
"1744",6,93.0296
"1745",2,96.3954
"1746",2,81.9679
"1747",2,100
"1748",2,98.9247
"1749",6,73.4649
"1750",1,94.2375
"1751",3,93.7234
"1752",2,97.3514
"1753",3,92.8483
"1754",2,97.3688
"1755",2,72.5242
"1756",3,75.3291
"1757",6,75.2661
"1758",5,99.5012
"1759",6,86.6899
"1760",2,82.5253
"1761",5,99.8335
"1762",2,96.8417
"1763",6,86.9902
"1764",6,78.837
"1765",5,95.5224
"1766",4,99.6672
"1767",2,98.9436
"1768",5,99.5001
"1769",5,99.5012
"1770",3,86.0453
"1771",1,74.7289
"1772",3,94.4394
"1773",3,90.195
"1774",3,93.9442
"1775",4,94.9989
"1776",2,83.8392
"1777",2,92.1606
"1778",4,70.5876
"1779",6,93.1068
"1780",5,99.1668
"1781",3,74.1008
"1782",6,96.4772
"1783",4,72.4801
"1784",1,95.278
"1785",1,100
"1786",6,77.1279
"1787",3,86.3676
"1788",3,93.4107
"1789",3,99.6579
"1790",4,95.5731
"1791",3,91.9706
"1792",4,81.3974
"1793",6,93.0319
"1794",4,84.1494
"1795",3,77.8055
"1796",6,100
"1797",1,99.8335
"1798",2,98.9247
"1799",6,77.4531
"1800",4,98.3172
"1801",3,99.6571
"1802",2,78.2881
"1803",3,95.0078
"1804",3,95.1852
"1805",4,81.2309
"1806",2,71.7741
"1807",2,97.8796
"1808",2,98.9436
"1809",2,83.8664
"1810",1,96.7733
"1811",3,74.1317
"1812",1,95.9471
"1813",1,99.7783
"1814",4,86.3452
"1815",3,93.6694
"1816",4,83.2658
"1817",4,99.438
"1818",6,89.2659
"1819",6,82.2582
"1820",2,100
"1821",2,100
"1822",4,98.6716
"1823",2,95.5404
"1824",3,95.4908
"1825",4,99
"1826",3,100
"1827",2,68.8715
"1828",2,86.1305
"1829",3,89.4953
"1830",6,85.2788
"1831",6,98.8053
"1832",2,99.4633
"1833",2,89.6103
"1834",3,81.2046
"1835",2,89.4186
"1836",6,69.6575
"1837",2,72.6732
"1838",3,98.2988
"1839",3,76.6127
"1840",3,96.1567
"1841",1,100
"1842",2,98.9247
"1843",5,97.6933
"1844",1,90.9948
"1845",3,90.1149
"1846",6,82.3013
"1847",6,98.4664
"1848",3,99.1449
"1849",3,99.6571
"1850",6,79.4095
"1851",3,94.4678
"1852",1,84.5154
"1853",3,88.8113
"1854",3,96.4833
"1855",6,100
"1856",5,98.3471
"1857",3,99.6579
"1858",6,100
"1859",3,100
"1860",3,88.1003
"1861",5,99.1677
"1862",3,99.6579
"1863",1,84.5154
"1864",1,100
"1865",5,98.0005
"1866",6,100
"1867",6,96.3097
"1868",2,80.0778
"1869",1,99.7783
"1870",3,96.4521
"1871",2,87.721
"1872",2,87.3381
"1873",4,99.5001
"1874",6,78.3164
"1875",5,99.6672
"1876",2,77.672
"1877",2,98.9247
"1878",2,87.2142
"1879",4,99.8335
"1880",3,96.6471
"1881",5,98.347
"1882",6,91.7088
"1883",4,70.4754
"1884",5,99.8335
"1885",6,100
"1886",2,98.9285
"1887",4,72.0191
"1888",3,95.0475
"1889",2,91.5095
"1890",6,78.446
"1891",3,94.8447
"1892",1,67.9578
"1893",2,88.4034
"1894",3,100
"1895",6,96.7627
"1896",3,100
"1897",5,99.1668
"1898",1,99.8288
"1899",1,84.5154
"1900",6,92.8148
"1901",1,68.313
"1902",6,84.4516
"1903",3,100
"1904",3,100
"1905",4,68.9757
"1906",2,98.9247
"1907",3,99.486
"1908",4,98.3158
"1909",4,90.5988
"1910",1,100
"1911",6,93.7736
"1912",6,100
"1913",2,98.9285
"1914",6,84.8623
"1915",4,97.8345
"1916",3,77.4832
"1917",3,87.372
"1918",3,93.3418
"1919",4,97.9573
"1920",3,86.8344
"1921",1,99.7783
"1922",2,68.6597
"1923",5,99.6672
"1924",2,98.9247
"1925",2,100
"1926",6,87.9664
"1927",2,97.413
"1928",3,94.3638
"1929",3,93.7289
"1930",2,100
"1931",3,97.3059
"1932",4,73.8132
"1933",1,100
"1934",3,82.6789
"1935",4,93.9739
"1936",6,98.2988
"1937",2,84.3345
"1938",3,99.486
"1939",2,85.7635
"1940",6,70.8326
"1941",2,98.9285
"1942",2,98.9247
"1943",5,99.6667
"1944",1,89.2028
"1945",2,78.6076
"1946",3,82.8508
"1947",3,91.5833
"1948",4,70.1207
"1949",4,82.0303
"1950",2,98.9285
"1951",2,87.9179
"1952",2,98.9247
"1953",5,99.6667
"1954",2,100
"1955",3,74.6202
"1956",5,99.5001
"1957",6,94.2223
"1958",2,75.5148
"1959",1,82.102
"1960",2,100
"1961",3,96.2711
"1962",2,86.321
"1963",1,100
"1964",6,88.6376
"1965",3,92.5681
"1966",4,73.3671
"1967",2,98.3985
"1968",2,100
"1969",3,97.8038
"1970",2,98.9247
"1971",3,98.6409
"1972",6,98.8095
"1973",1,100
"1974",3,100
"1975",3,89.673
"1976",2,100
"1977",3,99.1449
"1978",1,100
"1979",3,93.9962
"1980",6,81.0279
"1981",6,94.0263
"1982",3,68.196
"1983",5,99.6672
"1984",3,99.486
"1985",2,80.6235
"1986",3,100
"1987",6,100
"1988",2,96.8633
"1989",4,99.8335
"1990",1,99.5565
"1991",2,97.8796
"1992",3,100
"1993",4,84.1814
"1994",3,80.6717
"1995",3,81.6828
"1996",1,90.1553
"1997",2,98.9436
"1998",3,77.0866
"1999",3,90.2436
"2000",4,79.6265
"2001",3,97.6387
"2002",1,99.5565
"2003",4,99.8335
"2004",4,100
"2005",5,99.8335
"2006",4,99.1668
"2007",4,99.8335
"2008",2,80.3338
"2009",4,82.474
"2010",3,82.8509
"2011",1,99.7783
"2012",1,98.4715
"2013",4,86.4089
"2014",6,87.9974
"2015",2,79.9939
"2016",6,76.5514
"2017",3,94.6841
"2018",3,96.1567
"2019",5,99.8335
"2020",6,99.486
"2021",6,97.2685
"2022",4,100
"2023",2,80.0778
"2024",5,99.8335
"2025",5,97.8346
"2026",6,100
"2027",3,100
"2028",4,99.8335
"2029",3,82.8969
"2030",4,91.7993
"2031",4,92.2589
"2032",2,98.9247
"2033",1,76.2947
"2034",3,89.7563
"2035",2,98.9285
"2036",6,80.9966
"2037",4,89.3234
"2038",3,88.8911
"2039",6,100
"2040",3,94.1124
"2041",2,98.9247
"2042",3,99.8288
"2043",3,100
"2044",2,100
"2045",5,99.5001
"2046",3,92.4986
"2047",2,75.5412
"2048",2,83.5424
"2049",6,75.8355
"2050",3,94.6062
"2051",1,93.3858
"2052",1,99.5565
"2053",2,97.8796
"2054",2,98.9436
"2055",3,68.4498
"2056",6,99.1447
"2057",6,98.9749
"2058",6,100
"2059",3,89.5596
"2060",1,99.5565
"2061",2,98.9285
"2062",2,85.2512
"2063",3,80.6948
"2064",2,75.0067
"2065",2,85.3895
"2066",3,94.9891
"2067",4,96.2151
"2068",6,100
"2069",1,68.1612
"2070",3,68.313
"2071",4,90.2879
"2072",2,82.3689
"2073",2,87.8068
"2074",2,87.013
"2075",1,99.5565
"2076",1,84.7427
"2077",2,82.9345
"2078",2,90.934
"2079",6,100
"2080",6,100
"2081",4,99.5001
"2082",2,98.938
"2083",2,98.3985
"2084",1,97.6187
"2085",2,98.9247
"2086",3,99.486
"2087",2,99.4681
"2088",3,100
"2089",2,99.4633
"2090",3,86.8344
"2091",4,98.1347
"2092",5,99.6667
"2093",6,100
"2094",3,96.9388
"2095",3,96.1567
"2096",4,99.6667
"2097",6,95.1565
"2098",3,100
"2099",2,74.6582
"2100",4,92.5714
"2101",3,94.0697
"2102",6,99.486
"2103",2,91.2809
"2104",6,100
"2105",3,100
"2106",1,70.7107
"2107",3,100
"2108",2,79.8341
"2109",1,84.5154
"2110",4,99.3339
"2111",5,98.0022
"2112",2,94.018
"2113",6,92.1407
"2114",3,100
"2115",6,100
"2116",6,84.2337
"2117",6,87.9388
"2118",2,83.6601
"2119",3,94.2284
"2120",1,71.7516
"2121",4,99.6667
"2122",3,98.4728
"2123",5,95.0531
"2124",5,97.3529
"2125",2,99.4681
"2126",2,100
"2127",4,92.9168
"2128",4,84.8933
"2129",1,95.1144
"2130",4,87.1511
"2131",2,97.9093
"2132",4,93.9548
"2133",4,96.1006
"2134",6,98.1414
"2135",2,73.4851
"2136",6,79.6814
"2137",1,99.7783
"2138",6,98.9749
"2139",6,90.8
"2140",3,87.6869
"2141",2,79.4328
"2142",3,83.666
"2143",3,98.9772
"2144",3,94.452
"2145",5,67.4669
"2146",2,98.9285
"2147",2,85.4485
"2148",6,89.0434
"2149",2,87.0685
"2150",3,97.6469
"2151",3,81.6497
"2152",3,98.2988
"2153",4,89.8647
"2154",2,91.7777
"2155",6,79.6165
"2156",6,75.3255
"2157",4,66.55
"2158",3,87.0179
"2159",3,89.4066
"2160",3,92.6797
"2161",3,92.8326
"2162",2,100
"2163",2,91.2901
"2164",5,99.6672
"2165",4,100
"2166",5,97.8499
"2167",5,98.8368
"2168",2,100
"2169",6,88.054
"2170",2,98.9285
"2171",1,99.5565
"2172",3,93.6285
"2173",4,99.8128
"2174",1,77.7435
"2175",4,100
"2176",2,72.3181
"2177",2,100
"2178",2,98.9247
"2179",6,75.0107
"2180",3,85.8729
"2181",4,100
"2182",2,70.9386
"2183",4,97.5229
"2184",6,97.2869
"2185",1,97.604
"2186",3,67.9774
"2187",6,88.2876
"2188",3,95.7172
"2189",3,100
"2190",2,91.2691
"2191",3,87.3851
"2192",3,90.9784
"2193",1,99.7783
"2194",5,99.3355
"2195",4,99.8335
"2196",5,99.5012
"2197",6,89.084
"2198",3,100
"2199",3,72.4154
"2200",2,98.3985
"2201",3,92.3419
"2202",3,90.8077
"2203",3,84.7978
"2204",3,81.6465
"2205",6,75.0133
"2206",4,75.3649
"2207",3,85.1596
"2208",2,97.934
"2209",2,73.0701
"2210",6,100
"2211",6,83.4416
"2212",2,98.3985
"2213",2,95.9073
"2214",3,95.6531
"2215",6,100
