"","time","fault","ClassPer"
"1",5248,100,100
"2",6495,100,100
"3",19465,NA,94.4308
"4",20763,NA,72.3121
"5",21365,NA,89.1249
"6",22009,NA,78.6317
"7",22610,NA,92.0064
"8",23522,NA,97.0263
"9",24123,NA,96.9166
"10",24841,NA,86.0692
"11",25442,100,100
"12",26077,NA,95.9601
"13",26679,NA,98.9285
"14",28639,NA,98.6754
"15",29374,NA,95.9421
"16",29976,NA,94.139
"17",30578,NA,96.6196
"18",31206,NA,87.8058
"19",31807,NA,92.2936
"20",33585,NA,96.4593
"21",13197,NA,99.1432
"22",13836,NA,99.5001
"23",14464,NA,70.6238
"24",15353,NA,84.5154
"25",17040,NA,95.2389
"26",17644,NA,72.2829
"27",18250,NA,96.8633
"28",21868,NA,91.4077
"29",22470,NA,99.3174
"30",23072,NA,94.9141
"31",23678,NA,88.8685
"32",25174,NA,99.5565
"33",27992,NA,92.7613
"34",29097,NA,82.3209
"35",1836,NA,94.7065
"36",3803,NA,86.704
"37",5135,NA,90.2077
"38",6897,NA,90.0151
"39",8110,100,100
"40",9725,NA,99.486
"41",10327,100,100
"42",11189,NA,68.0749
"43",12061,NA,78.5859
"44",12759,NA,99.3339
"45",13362,NA,99.8335
"46",14504,NA,97.2988
"47",16834,NA,97.6395
"48",18379,NA,95.9353
"49",19746,NA,68.0749
"50",21458,NA,97.8065
"51",22060,NA,97.3688
"52",22662,NA,82.6011
"53",24224,NA,94.5977
"54",25385,NA,99.5565
"55",25989,100,100
"56",27709,NA,99.8335
"57",28310,NA,96.8471
"58",28914,NA,83.8096
"59",31537,NA,99.5565
"60",33347,NA,87.2992
"61",33948,NA,83.8669
"62",34550,NA,96.034
"63",35153,NA,84.7548
"64",33528,NA,85.3705
"65",34147,NA,85.6325
"66",34749,NA,83.9348
"67",35352,NA,87.1159
"68",35954,NA,89.0189
"69",6812,NA,99.8335
"70",7647,NA,97.5034
"71",8789,NA,99.6672
"72",11890,NA,77.9995
"73",12492,NA,89.2428
"74",13094,NA,93.5146
"75",13821,NA,99.8335
"76",14674,NA,99.5012
"77",15672,NA,81.8723
"78",16687,NA,71.7938
"79",17288,NA,85.0933
"80",17890,NA,99.6583
"81",18850,NA,85.5589
"82",19744,NA,97.8034
"83",21162,NA,92.2927
"84",21903,NA,94.1675
"85",22504,NA,93.2854
"86",23106,NA,92.2292
"87",23710,NA,91.798
"88",24313,NA,85.5589
"89",24915,NA,93.5079
"90",25518,NA,98.6361
"91",26121,NA,98.4775
"92",26781,NA,99.1679
"93",27453,100,100
"94",28091,NA,99.1668
"95",28692,NA,71.0634
"96",29360,NA,96.1668
"97",7937,NA,76.5077
"98",9463,NA,90.0886
"99",10167,NA,98.0087
"100",10768,NA,92.8086
"101",12056,100,100
"102",12658,NA,85.1166
"103",13262,NA,99.5012
"104",14520,NA,99.8335
"105",15121,100,100
"106",17380,NA,76.7622
"107",17983,NA,91.3518
"108",18838,NA,86.9819
"109",19440,NA,84.6378
"110",20044,NA,92.1585
"111",20645,NA,90.3341
"112",21247,NA,86.4476
"113",21849,NA,83.0335
"114",23475,NA,93.2573
"115",26044,NA,98.9784
"116",27984,NA,84.458
"117",28813,NA,99.6667
"118",29415,100,100
"119",30231,NA,88.0712
"120",31090,NA,99.7783
"121",31940,100,100
"122",32742,NA,97.8444
"123",34534,NA,96.6714
"124",35297,100,100
"125",35899,NA,92.1446
"126",5414,NA,99.7783
"127",8090,NA,99.6667
"128",8878,NA,99.6667
"129",9965,NA,95.5064
"130",10663,100,100
"131",13135,NA,68.313
"132",15813,NA,68.9371
"133",17594,NA,98.5184
"134",18231,NA,80.9981
"135",19386,NA,67.7699
"136",20013,NA,94.6841
"137",20615,NA,94.3638
"138",21219,NA,87.6641
"139",23277,NA,99.486
"140",25094,NA,96.1774
"141",26529,100,100
"142",27327,100,100
"143",27929,100,100
"144",28697,NA,73.0763
"145",29885,NA,95.7833
"146",30587,NA,89.5861
"147",31203,100,100
"148",31805,NA,87.7665
"149",32407,NA,91.644
"150",33729,NA,80.7318
"151",34331,NA,94.6294
"152",3442,NA,96.7745
"153",5329,NA,98.4673
"154",27686,NA,78.8017
"155",28290,NA,98.6716
"156",30664,NA,92.2008
"157",31297,NA,87.2939
"158",32510,NA,92.4916
"159",33307,NA,81.2857
"160",33909,NA,76.9685
"161",34511,NA,94.5468
"162",35113,NA,80.6437
"163",7754,NA,73.3823
"164",12442,NA,99.116
"165",14902,NA,83.5052
"166",15504,NA,85.7412
"167",17727,NA,69.7055
"168",19193,NA,76.3077
"169",20234,NA,84.9867
"170",26306,100,100
"171",26908,NA,88.1401
"172",27511,NA,80.7318
"173",28116,NA,99.8335
"174",28719,NA,99.8335
"175",29500,NA,99.8335
"176",30101,NA,92.0025
"177",32720,NA,99.438
"178",33934,100,100
"179",34535,NA,86.6135
"180",8464,NA,99.5001
"181",11660,NA,99.3333
"182",12923,NA,94.4577
"183",14465,NA,99.8335
"184",25183,NA,96.3985
"185",26067,NA,99.4863
"186",27356,NA,84.1996
"187",27960,NA,99.8335
"188",29082,NA,73.3022
"189",29687,NA,99.8335
"190",31069,NA,99.6573
"191",31671,NA,84.3085
"192",33105,NA,75.735
"193",33707,NA,88.5284
"194",34310,NA,98.9285
"195",35455,NA,94.5336
"196",12362,NA,91.8333
"197",13039,NA,97.6754
"198",14447,NA,99.6571
"199",15049,NA,77.39
"200",15652,NA,93.1625
"201",16496,NA,99.7783
"202",17098,NA,93.7343
"203",18796,NA,87.675
"204",23554,NA,99.5575
"205",24831,NA,99.7783
"206",25818,NA,66.4866
"207",26655,100,100
"208",27564,NA,96.945
"209",3772,NA,80.8863
"210",4375,NA,83.1317
"211",5107,NA,99.7783
"212",5733,NA,98.8053
"213",6335,NA,91.6633
"214",7321,NA,75.5148
"215",7923,NA,94.9119
"216",8714,100,100
"217",10148,NA,96.4668
"218",11124,100,100
"219",11726,NA,99.6571
"220",12332,NA,97.0003
"221",14137,100,100
"222",14739,NA,98.9247
"223",18999,NA,97.963
"224",19601,NA,99.6579
"225",20314,NA,98.3172
"226",20915,NA,76.5786
"227",23968,NA,79.7205
"228",24570,NA,96.8308
"229",31853,NA,92.1606
"230",32668,NA,95.3127
"231",33491,NA,80.0948
"232",34095,NA,92.2266
"233",34697,NA,93.5475
"234",35299,NA,80.8434
"235",5440,NA,99.5565
"236",6992,NA,68.2405
"237",7594,NA,98.9247
"238",9081,NA,91.8869
"239",9682,100,100
"240",10581,100,100
"241",12095,NA,69.6777
"242",13991,NA,70.9468
"243",14592,100,100
"244",15903,100,100
"245",16505,NA,94.7467
"246",17331,99,99
"247",18078,NA,99.5565
"248",20178,NA,73.4552
"249",21490,NA,99.7783
"250",22399,NA,99.2516
"251",23000,NA,69.9545
"252",23602,NA,82.3786
"253",26311,NA,73.4623
"254",27463,NA,85.1533
"255",28905,NA,98.9285
"256",29508,100,100
"257",30745,NA,99.2516
"258",31346,NA,86.1748
"259",33168,NA,90.012
"260",33772,NA,96.5105
"261",34374,NA,95.9836
"262",34977,NA,85.6065
"263",35579,NA,91.9635
"264",2593,NA,97.3113
"265",3806,NA,92.5025
"266",4408,NA,77.071
"267",5010,NA,75.3155
"268",7933,NA,95.7726
"269",8573,NA,99.3339
"270",11383,NA,98.3383
"271",13199,NA,95.8745
"272",13842,NA,82.6456
"273",14446,NA,99.3339
"274",15156,NA,97.234
"275",15759,NA,93.1958
"276",16764,NA,79.2024
"277",17366,NA,98.9749
"278",20869,NA,92.2902
"279",22267,NA,88.8313
"280",22871,NA,90.7694
"281",23472,NA,99.486
"282",24074,NA,87.9936
"283",26057,NA,98.6688
"284",26658,NA,99.6581
"285",27674,NA,99.3339
"286",28375,NA,97.0346
"287",29119,NA,99.1679
"288",29850,NA,99.5001
"289",33808,NA,92.3401
"290",3433,NA,99.7783
"291",7859,NA,78.6859
"292",9840,NA,83.8664
"293",10443,100,100
"294",11470,NA,99.1668
"295",12400,NA,84.5154
"296",13249,100,100
"297",13895,NA,99.6672
"298",14512,NA,96.2928
"299",15113,NA,73.0885
"300",17506,100,100
"301",31107,NA,83.4795
"302",2716,NA,72.2122
"303",12462,NA,71.6859
"304",14189,NA,98.9784
"305",14791,100,100
"306",16846,NA,94.5602
"307",17456,NA,87.8003
"308",18058,NA,93.253
"309",26051,NA,72.1205
"310",27970,NA,95.6688
"311",28729,NA,84.5154
"312",29332,100,100
"313",29934,100,100
"314",30896,NA,84.5667
"315",34841,NA,77.3326
"316",2129,NA,81.2715
"317",3344,NA,83.6331
"318",3946,NA,93.0827
"319",4548,NA,95.5091
"320",7657,NA,86.6067
"321",8469,100,100
"322",9857,99,99
"323",10459,100,100
"324",11061,NA,85.3769
"325",11705,NA,96.8561
"326",13913,NA,99.6672
"327",15142,NA,99.486
"328",15998,100,100
"329",17385,NA,67.1992
"330",18017,NA,99.7783
"331",18626,NA,92.104
"332",19227,100,100
"333",19986,NA,76.4276
"334",20629,NA,86.901
"335",21230,NA,98.8101
"336",21832,NA,69.6723
"337",23058,NA,79.2676
"338",23679,NA,96.1892
"339",24513,NA,99.7783
"340",25117,NA,99.3339
"341",25842,NA,94.2347
"342",26496,100,100
"343",28810,100,100
"344",29662,NA,98.9247
"345",30969,NA,94.9668
"346",31805,100,100
"347",32407,NA,93.1961
"348",33045,NA,88.3599
"349",33649,NA,99.6672
"350",35925,100,100
"351",2183,NA,92.9398
"352",6678,NA,75.6195
"353",7666,NA,98.347
"354",9042,NA,84.5154
"355",9815,100,100
"356",10417,NA,71.0826
"357",11108,NA,88.0873
"358",11960,100,100
"359",12563,NA,95.3871
"360",13503,NA,99.6672
"361",14226,NA,99.8335
"362",16108,NA,92.6952
"363",16710,100,100
"364",17432,NA,84.8821
"365",18403,NA,98.1668
"366",32089,NA,95.3581
"367",4921,NA,99.7783
"368",5696,NA,85.7069
"369",7735,NA,99.8335
"370",8336,NA,89.699
"371",9111,100,100
"372",9770,NA,97.3469
"373",11000,NA,98.9247
"374",12254,NA,71.9366
"375",13793,NA,98.0087
"376",15260,NA,83.666
"377",15863,100,100
"378",16466,NA,98.6361
"379",17068,100,100
"380",18514,NA,75.5148
"381",23141,NA,99.3174
"382",23744,NA,99.8288
"383",24653,NA,84.2424
"384",25807,100,100
"385",26411,NA,97.6714
"386",27142,NA,99.3333
"387",27743,NA,81.3291
"388",28345,100,100
"389",28991,NA,94.0931
"390",29595,NA,99.1668
"391",30799,NA,80.0251
"392",32787,NA,92.5388
"393",33389,NA,99.3153
"394",34251,NA,97.9589
"395",34853,NA,93.2219
"396",35455,NA,91.3562
"397",8927,NA,71.4286
"398",9728,NA,98.3985
"399",10964,NA,99.4681
"400",11566,NA,84.8995
"401",12170,NA,99.3355
"402",12771,100,100
"403",13402,NA,98.5111
"404",14052,100,100
"405",14722,NA,97.6802
"406",15323,NA,97.4448
"407",16112,NA,96.5759
"408",16714,100,100
"409",17316,NA,79.7309
"410",17918,NA,79.3077
"411",18539,100,100
"412",20395,NA,82.6717
"413",20997,NA,84.8394
"414",21599,NA,93.3976
"415",23187,NA,79.1247
"416",24633,NA,95.9471
"417",25739,NA,73.9849
"418",26354,100,100
"419",27539,NA,97.4994
"420",28159,NA,99.8335
"421",28760,NA,99.1449
"422",29410,NA,99.3355
"423",4616,NA,83.9595
"424",6168,NA,80.6631
"425",6849,NA,96.8498
"426",8268,NA,97.511
"427",8885,NA,95.879
"428",10099,NA,83.1951
"429",10875,NA,83.666
"430",11479,NA,99.6667
"431",12080,NA,96.4269
"432",14037,NA,99.8335
"433",16956,NA,81.6497
"434",18364,NA,77.6218
"435",19899,NA,77.7542
"436",22864,NA,95.9436
"437",23466,NA,79.1502
"438",24068,NA,93.5837
"439",25165,NA,99.7778
"440",26411,100,100
"441",28194,NA,99.8335
"442",28795,NA,96.4269
"443",30237,NA,70.8382
"444",31397,NA,98.0314
"445",31999,NA,76.3429
"446",35135,NA,99.5565
"447",2778,NA,90.5537
"448",7548,NA,93.0482
"449",8739,NA,66.4726
"450",9373,NA,69.2364
"451",10095,NA,98.8346
"452",10712,100,100
"453",12034,NA,73.5655
"454",12636,NA,85.6065
"455",13238,NA,91.0081
"456",13842,NA,99.5012
"457",14443,NA,96.2658
"458",15111,NA,97.3059
"459",15719,NA,85.9709
"460",16320,NA,89.4113
"461",17364,NA,93.8917
"462",18117,NA,69.1628
"463",18988,NA,72.7992
"464",19589,NA,98.4013
"465",20191,NA,93.5687
"466",20795,NA,88.4495
"467",21396,NA,94.8541
"468",22030,NA,99.4681
"469",22632,NA,88.5831
"470",23282,NA,91.8976
"471",23885,NA,98.6361
"472",25170,NA,94.2258
"473",25774,NA,99.5012
"474",26512,NA,99.1668
"475",28247,NA,99.8335
"476",28981,NA,96.8399
"477",29651,100,100
"478",30268,NA,99.4401
"479",30869,NA,77.8104
"480",31481,NA,85.6813
"481",32811,NA,86.4565
"482",34045,NA,99.7783
"483",35334,NA,77.3554
"484",35958,NA,85.1267
"485",8930,NA,99.1679
"486",9573,NA,99.6667
"487",10501,NA,68.313
"488",11162,NA,75.2031
"489",11953,100,100
"490",12809,NA,74.3968
"491",13411,NA,98.2988
"492",14013,100,100
"493",14615,NA,93.2351
"494",15230,NA,99.3174
"495",15832,NA,81.5909
"496",16434,NA,84.1829
"497",17114,NA,87.1872
"498",18132,NA,94.2217
"499",18735,NA,99.486
"500",19337,NA,96.9576
"501",21458,NA,83.177
"502",22060,NA,91.3164
"503",22662,100,100
"504",23266,NA,85.6365
"505",24306,NA,76.1978
"506",25202,NA,85.4194
"507",26598,NA,99.6667
"508",27199,100,100
"509",28388,NA,68.313
"510",28990,100,100
"511",29798,NA,99.5001
"512",30448,NA,83.7064
"513",31049,NA,99.4878
"514",31651,NA,98.9285
"515",32633,NA,98.3179
"516",2927,NA,79.8912
"517",4304,NA,90.7792
"518",4905,NA,78.7717
"519",5535,NA,68.313
"520",7793,NA,84.5154
"521",9136,NA,98.9247
"522",9781,NA,99.6667
"523",10530,NA,68.313
"524",11196,NA,99.6667
"525",11948,NA,98.8047
"526",12665,NA,97.8335
"527",13616,NA,84.2211
"528",14945,100,100
"529",15824,NA,91.0078
"530",18205,NA,77.6575
"531",18964,100,100
"532",19568,NA,91.2723
"533",20325,NA,93.448
"534",20926,NA,89.0863
"535",24863,NA,80.3832
"536",25464,NA,99.4875
"537",26156,100,100
"538",26773,NA,99.8335
"539",27374,NA,77.7134
"540",28152,NA,69.4467
"541",28900,NA,99.6672
"542",29502,NA,68.196
"543",30104,NA,98.9247
"544",30707,NA,84.0754
"545",31310,NA,88.3256
"546",31923,NA,86.9344
"547",33096,100,100
"548",33698,NA,86.5515
"549",35158,NA,89.1392
"550",35759,NA,82.6964
"551",4000,NA,92.2145
"552",6090,NA,95.2414
"553",8371,NA,99.6579
"554",8973,NA,94.9958
"555",10862,NA,95.17
"556",11463,100,100
"557",12068,NA,99.3355
"558",15910,NA,74.2151
"559",16512,NA,83.666
"560",17114,NA,70.5088
"561",18576,NA,99.7783
"562",19800,NA,98.4013
"563",20402,NA,90.6035
"564",21004,NA,91.796
"565",21606,NA,91.8995
"566",26143,NA,81.6497
"567",26787,NA,98.9247
"568",27439,NA,99.5001
"569",28054,NA,99.6262
"570",28845,NA,98.0087
"571",32036,NA,81.5551
"572",32640,100,100
"573",35170,100,100
"574",35772,NA,79.2341
"575",1907,NA,78.0421
"576",4031,NA,99.7783
"577",5290,NA,99.7783
"578",6235,NA,83.666
"579",10253,NA,99.3339
"580",11143,100,100
"581",12378,100,100
"582",13711,NA,90.1891
"583",14346,NA,99.8335
"584",14948,NA,99.3355
"585",15549,100,100
"586",16151,100,100
"587",17046,NA,99.5565
"588",17725,NA,96.8942
"589",22736,NA,96.7993
"590",25893,100,100
"591",26496,100,100
"592",27118,NA,98.3421
"593",27747,NA,98.9247
"594",28349,NA,95.4206
"595",28951,100,100
"596",29573,100,100
"597",30175,NA,90.9553
"598",31281,NA,81.5551
"599",31885,NA,96.5162
"600",33125,NA,82.9411
"601",34014,NA,86.2647
"602",34727,NA,69.1169
"603",35330,NA,95.6235
"604",35934,NA,70.7107
"605",13049,NA,74.6008
"606",14297,NA,99.6667
"607",14900,NA,99.6667
"608",17040,NA,86.3561
"609",18255,NA,99.486
"610",20735,NA,81.0777
"611",21843,NA,92.391
"612",23232,NA,68.6597
"613",25087,NA,98.9011
"614",25691,NA,99.5001
"615",26469,NA,89.9662
"616",27366,100,100
"617",28280,100,100
"618",28883,100,100
"619",29485,NA,98.9247
"620",30228,NA,85.4306
"621",30829,NA,84.3345
"622",32821,NA,68.7773
"623",5020,NA,83.8664
"624",6647,NA,90.6192
"625",8229,100,100
"626",8832,NA,93.262
"627",9571,NA,93.9661
"628",10279,NA,99.1679
"629",11287,NA,84.5154
"630",11991,NA,99.8335
"631",12630,NA,99.7783
"632",13791,NA,83.666
"633",14543,NA,98.4013
"634",15907,NA,86.6329
"635",16689,NA,94.9718
"636",17293,NA,83.666
"637",17895,NA,89.0294
"638",18497,NA,83.1727
"639",19100,NA,85.0117
"640",19742,NA,72.4169
"641",20779,100,100
"642",21381,NA,95.4257
"643",25612,NA,98.3985
"644",26215,NA,99.4681
"645",26899,NA,99.8335
"646",27670,NA,99.5012
"647",28273,NA,99.5012
"648",8194,100,100
"649",8797,NA,84.8995
"650",9401,NA,99.3333
"651",10004,NA,99.6672
"652",11335,100,100
"653",12290,100,100
"654",12954,NA,73.822
"655",13564,100,100
"656",14166,100,100
"657",14770,NA,99.6672
"658",15371,NA,98.9436
"659",17482,NA,94.2018
"660",18092,NA,97.413
"661",18694,NA,79.8465
"662",19454,NA,92.5466
"663",21191,NA,73.6601
"664",21793,NA,94.6841
"665",22420,NA,73.6506
"666",24231,NA,83.6305
"667",25370,NA,99.5565
"668",26649,NA,68.313
"669",27252,NA,92.143
"670",29168,NA,98.9436
"671",30359,100,100
"672",30980,NA,99.438
"673",31582,NA,95.8725
"674",32542,NA,99.7783
"675",33144,NA,89.5998
"676",33746,NA,92.196
"677",34361,NA,82.4627
"678",34985,NA,91.4228
"679",35587,NA,81.0914
"680",1982,NA,69.7146
"681",2584,NA,93.4873
"682",3799,NA,88.4103
"683",4401,NA,89.8398
"684",5003,NA,95.5098
"685",5669,NA,93.7582
"686",7508,NA,99.486
"687",8110,NA,97.3688
"688",10940,NA,76.5144
"689",12048,NA,93.3409
"690",12666,NA,84.724
"691",14303,NA,98.4673
"692",16010,NA,82.0155
"693",22686,NA,99.438
"694",25514,NA,87.3972
"695",26378,NA,84.5154
"696",27192,NA,94.4317
"697",28229,NA,98.6689
"698",28832,NA,99.8335
"699",29434,NA,98.4673
"700",31232,NA,70.2408
"701",31998,NA,88.351
"702",32600,NA,99.486
"703",33202,NA,95.1855
"704",34638,NA,91.5219
"705",35293,NA,82.3013
"706",35897,NA,98.8771
"707",11865,100,100
"708",17538,NA,80.0309
"709",21037,NA,69.3927
"710",22823,NA,90.5188
"711",23424,NA,82.8876
"712",24027,NA,79.9198
"713",24629,NA,83.9811
"714",8827,NA,93.6994
"715",10039,100,100
"716",11331,NA,98.9247
"717",11935,NA,99.3333
"718",12708,NA,96.9758
"719",14201,100,100
"720",14805,NA,99.6672
"721",15406,NA,75.2506
"722",16008,NA,87.3812
"723",16651,NA,81.0103
"724",18233,NA,98.5065
"725",19332,NA,95.27
"726",20029,NA,75.6782
"727",20631,NA,99.486
"728",21233,NA,89.9287
"729",22718,NA,96.9773
"730",23320,NA,99.8289
"731",23923,NA,91.3012
"732",25993,100,100
"733",26743,NA,99.3339
"734",27344,NA,85.2183
"735",28463,NA,83.5227
"736",29589,NA,75.1855
"737",30422,NA,97.5996
"738",31023,NA,83.4886
"739",31966,NA,75.3316
"740",35370,NA,99.7783
"741",35972,NA,99.8288
"742",7888,NA,99.8335
"743",9286,NA,99.5012
"744",11413,NA,99.8335
"745",12228,NA,98.1777
"746",13060,NA,71.4286
"747",13664,NA,99.5012
"748",14655,100,100
"749",15257,NA,71.8512
"750",15860,100,100
"751",17137,NA,85.5922
"752",19122,NA,98.4013
"753",19724,NA,96.9299
"754",20509,NA,76.1023
"755",21111,NA,96.5968
"756",22184,NA,84.5154
"757",22980,NA,83.805
"758",23581,NA,70.4278
"759",24183,NA,89.2858
"760",25183,NA,98.6684
"761",25784,NA,98.6409
"762",27030,NA,91.3708
"763",27634,100,100
"764",28453,NA,84.5154
"765",29119,100,100
"766",29899,100,100
"767",30541,NA,92.4008
"768",31143,NA,83.4888
"769",31945,NA,90.462
"770",32547,NA,95.0975
"771",33149,NA,97.5824
"772",34917,NA,91.594
"773",35519,NA,98.507
"774",11067,100,100
"775",15950,NA,98.9247
"776",19936,NA,81.6876
"777",21297,NA,73.634
"778",21899,NA,83.666
"779",22876,NA,80.7237
"780",23477,NA,95.4908
"781",24079,NA,90.1997
"782",24905,NA,94.1506
"783",25506,NA,99.3174
"784",27324,NA,84.5154
"785",27939,NA,99.0005
"786",28541,NA,99.6579
"787",29145,NA,99.5001
"788",29749,NA,99.6667
"789",30920,NA,99.8128
"790",31521,NA,96.1963
"791",35601,NA,82.4673
"792",5378,NA,99.7783
"793",5980,NA,79.4943
"794",6582,NA,85.2512
"795",8312,NA,99.5012
"796",9097,NA,97.183
"797",9698,NA,75.397
"798",10672,NA,98.9247
"799",14053,NA,99.8335
"800",15288,NA,96.8633
"801",15929,NA,99.4401
"802",16530,NA,89.3716
"803",17158,NA,98.4673
"804",17833,NA,87.9708
"805",18478,NA,94.9668
"806",19079,NA,88.6357
"807",20276,NA,99.7783
"808",20945,NA,82.2219
"809",24248,NA,99.7783
"810",24850,NA,87.5205
"811",25813,NA,99.3339
"812",27741,NA,76.5386
"813",28382,NA,99.8335
"814",29028,NA,99.8335
"815",29629,NA,86.7852
"816",30232,NA,98.4077
"817",30890,NA,92.3086
"818",31511,NA,97.7865
"819",32282,NA,79.2386
"820",32952,NA,91.9487
"821",33553,NA,91.3548
"822",35164,100,100
"823",35840,NA,90.0488
"824",3702,NA,83.8664
"825",4955,100,100
"826",8133,NA,98.0022
"827",9473,NA,76.0618
"828",10315,NA,99.486
"829",10917,NA,98.4736
"830",11709,100,100
"831",12420,NA,99.1668
"832",13097,NA,98.6672
"833",14319,NA,98.9285
"834",15102,NA,71.4446
"835",16499,NA,91.7239
"836",17501,NA,96.6423
"837",18123,NA,97.7727
"838",18724,NA,83.2735
"839",19326,NA,92.0355
"840",25475,NA,88.0973
"841",26646,NA,84.5154
"842",27256,NA,98.8334
"843",28502,NA,84.5154
"844",29500,100,100
"845",30247,NA,97.2046
"846",30927,NA,88.9433
"847",31762,NA,98.8792
"848",32363,NA,95.8442
"849",32965,NA,97.8345
"850",34259,NA,74.7859
"851",4014,NA,76.1585
"852",4615,NA,85.8511
"853",8567,100,100
"854",9170,NA,99.6672
"855",10262,NA,67.8467
"856",12568,NA,98.9749
"857",13812,NA,66.2003
"858",14677,100,100
"859",17686,NA,89.4991
"860",18666,NA,68.313
"861",21358,NA,91.2396
"862",21960,NA,70.3385
"863",22614,100,100
"864",23218,NA,93.8043
"865",24232,NA,75.8668
"866",24867,100,100
"867",25627,NA,99.5012
"868",26595,NA,98.9247
"869",27260,100,100
"870",28012,NA,83.3342
"871",28788,NA,99.8335
"872",29501,100,100
"873",30144,100,100
"874",31832,NA,99.7783
"875",32434,NA,90.5819
"876",33036,NA,99.1449
"877",33639,NA,96.1883
"878",18114,NA,67.5458
"879",19483,100,100
"880",21151,NA,98.4715
"881",21753,NA,89.4158
"882",22356,NA,94.008
"883",23265,NA,75.4104
"884",23867,NA,74.4881
"885",24469,NA,94.0745
"886",25084,NA,81.4774
"887",26604,NA,99.8335
"888",28849,NA,99.6672
"889",29548,NA,96.8345
"890",30149,NA,98.9285
"891",30759,NA,86.2967
"892",31362,NA,76.7417
"893",31973,NA,82.7267
"894",32953,NA,77.0125
"895",34090,NA,91.2915
"896",34691,NA,91.1614
"897",35295,NA,92.6041
"898",9881,NA,94.3638
"899",10743,100,100
"900",12122,NA,76.6591
"901",13803,100,100
"902",14405,NA,96.0446
"903",15988,NA,72.4861
"904",16843,100,100
"905",17481,NA,98.4673
"906",25747,NA,68.313
"907",27169,NA,84.5154
"908",27793,NA,96.2741
"909",28395,100,100
"910",29027,100,100
"911",29629,NA,85.7635
"912",30231,100,100
"913",9321,NA,99.8335
"914",9922,NA,97.0345
"915",10705,NA,98.9749
"916",11324,NA,93.3849
"917",12649,100,100
"918",13842,NA,99.1701
"919",14443,100,100
"920",15049,100,100
"921",15651,NA,87.7553
"922",16253,100,100
"923",22222,NA,99.5565
"924",22827,NA,74.6862
"925",31856,NA,99.7783
"926",32582,NA,85.9226
"927",35357,100,100
"928",7524,NA,95.0301
"929",10732,100,100
"930",11392,NA,99.6667
"931",12756,100,100
"932",13567,100,100
"933",14172,NA,99.6667
"934",14775,NA,99.6667
"935",15376,NA,93.7271
"936",18545,NA,92.7737
"937",20478,NA,70.7911
"938",21080,NA,72.4697
"939",21929,NA,68.3537
"940",22531,NA,83.1951
"941",23180,100,100
"942",23784,NA,80.953
"943",24588,NA,93.5846
"944",25429,100,100
"945",27910,NA,99.6667
"946",25110,NA,91.6768
"947",28337,NA,99.6667
"948",29018,NA,98.9247
"949",29912,NA,99.8128
"950",31462,NA,79.2351
"951",33592,NA,76.8851
"952",34194,NA,70.0532
"953",35506,NA,88.6092
"954",3037,NA,96.1586
"955",7797,NA,68.196
"956",9194,NA,99.8288
"957",9796,NA,83.23
"958",10509,NA,76.2317
"959",11604,NA,99.3147
"960",13662,NA,68.196
"961",14306,NA,99.8288
"962",14908,NA,86.4724
"963",15967,100,100
"964",17214,NA,80.4874
"965",17816,NA,81.0117
"966",18783,NA,92.6064
"967",20667,NA,84.0708
"968",21998,NA,99.486
"969",23090,NA,95.9014
"970",23691,NA,82.4497
"971",24308,NA,94.0697
"972",24910,NA,88.6459
"973",25526,100,100
"974",26960,NA,80.9782
"975",27728,NA,92.1732
"976",28331,NA,99.5001
"977",28932,100,100
"978",29534,100,100
"979",32730,NA,81.9905
"980",35705,NA,89.0942
"981",3270,NA,77.7062
"982",4206,NA,69.6659
"983",4807,NA,94.531
"984",5409,NA,98.9285
"985",6011,NA,91.0099
"986",6614,100,100
"987",11547,NA,98.8996
"988",13617,NA,92.5401
"989",15217,NA,94.9738
"990",16011,NA,97.9573
"991",17319,NA,73.9474
"992",18256,NA,99.438
"993",19024,NA,81.4604
"994",19626,100,100
"995",20228,NA,76.8015
"996",21223,NA,82.6061
"997",24391,NA,92.9345
"998",24994,NA,86.0705
"999",25597,NA,92.73
"1000",26199,100,100
"1001",26803,NA,99.6667
"1002",28916,100,100
"1003",29520,NA,99.3339
"1004",30121,NA,77.6516
"1005",30723,NA,89.0748
"1006",31325,NA,93.8418
"1007",33131,NA,98.3358
"1008",33732,NA,90.4863
"1009",34335,NA,91.5077
"1010",35093,NA,96.4701
"1011",35772,NA,97.4036
"1012",4686,NA,99.2546
"1013",6088,NA,76.1811
"1014",8797,100,100
"1015",9855,NA,78.6895
"1016",10646,NA,68.8925
"1017",11680,NA,68.313
"1018",12283,NA,67.5546
"1019",12885,NA,99.486
"1020",13487,100,100
"1021",14335,NA,98.6409
"1022",14937,100,100
"1023",16720,NA,92.8476
"1024",17697,NA,74.5443
"1025",18298,100,100
"1026",18900,NA,70.1148
"1027",19503,100,100
"1028",20105,NA,99.4633
"1029",21113,NA,84.5154
"1030",21717,NA,73.9852
"1031",22318,NA,99.4633
"1032",23292,NA,98.8771
"1033",23893,NA,99.8289
"1034",24799,100,100
"1035",26118,100,100
"1036",27163,NA,84.5154
"1037",27766,100,100
"1038",28370,NA,99.8335
"1039",25350,NA,96.4993
"1040",25951,NA,95.8315
"1041",29192,100,100
"1042",31000,NA,93.5482
"1043",31605,NA,70.3133
"1044",32207,NA,99.486
"1045",32822,NA,94.7946
"1046",34332,NA,98.6842
"1047",34944,NA,97.4308
"1048",14854,NA,99.8335
"1049",17165,NA,73.4104
"1050",17767,NA,97.4407
"1051",18524,NA,96.3436
"1052",19273,NA,89.1438
"1053",19875,NA,82.8099
"1054",20477,NA,97.963
"1055",21080,NA,92.3095
"1056",21682,NA,67.4684
"1057",23807,NA,99.5565
"1058",24409,NA,91.2278
"1059",25143,NA,97.8498
"1060",25746,NA,99.8335
"1061",26475,NA,95.0245
"1062",27078,100,100
"1063",29462,NA,72.0325
"1064",30065,100,100
"1065",30825,NA,88.3089
"1066",4955,NA,70.5777
"1067",6168,NA,77.4272
"1068",7161,NA,89.8113
"1069",11171,NA,66.0225
"1070",11865,NA,99.6667
"1071",13695,NA,99.8335
"1072",14296,NA,96.306
"1073",14939,NA,99.8335
"1074",15540,100,100
"1075",16142,NA,86.8439
"1076",16744,NA,95.3255
"1077",17346,100,100
"1078",17948,NA,97.0085
"1079",18550,NA,92.4567
"1080",19291,NA,99.7783
"1081",21028,NA,85.1678
"1082",21630,NA,92.6562
"1083",22241,NA,75.925
"1084",23041,NA,87.5892
"1085",23642,NA,97.9093
"1086",28235,NA,91.9042
"1087",28838,NA,97.0085
"1088",29440,NA,87.2376
"1089",30042,NA,92.3004
"1090",30644,NA,90.6192
"1091",31316,NA,86.8824
"1092",7970,NA,96.7011
"1093",9236,NA,99.3355
"1094",10068,NA,76.2548
"1095",10672,100,100
"1096",11452,NA,99.3339
"1097",12090,NA,95.3231
"1098",13897,100,100
"1099",14764,NA,99.6672
"1100",17369,NA,67.8786
"1101",21243,100,100
"1102",23151,NA,93.026
"1103",23753,NA,78.4315
"1104",24355,NA,95.1233
"1105",25249,NA,99.8335
"1106",26034,100,100
"1107",26669,NA,99.5012
"1108",27270,NA,80.729
"1109",27913,100,100
"1110",28514,NA,98.4263
"1111",29117,100,100
"1112",29882,NA,70.3988
"1113",30896,NA,95.349
"1114",34451,NA,97.13
"1115",35270,NA,96.6006
"1116",32816,NA,80.806
"1117",33417,NA,90.3238
"1118",34629,NA,94.9479
"1119",35844,NA,89.2594
"1120",5298,NA,74.1596
"1121",7809,NA,99.4875
"1122",8411,NA,77.7062
"1123",9020,NA,99.3174
"1124",10391,NA,99.6579
"1125",11020,NA,99.0005
"1126",11621,100,100
"1127",12256,NA,99.8128
"1128",13434,NA,99.3174
"1129",14062,NA,68.4853
"1130",14664,100,100
"1131",25471,NA,99.5001
"1132",26144,NA,98.9247
"1133",27452,NA,97.413
"1134",28056,NA,99.8335
"1135",28784,NA,98.6689
"1136",29386,NA,84.8392
"1137",30686,NA,89.0609
"1138",32173,NA,78.8744
"1139",32835,NA,83.9665
"1140",33484,NA,71.1837
"1141",34085,NA,94.7761
"1142",34688,NA,93.4445
"1143",2468,NA,96.6101
"1144",5011,NA,66.4841
"1145",8623,NA,81.6497
"1146",9225,NA,76.3715
"1147",9829,NA,97.6802
"1148",10432,NA,99.8335
"1149",14751,NA,92.0347
"1150",16739,NA,98.4013
"1151",17341,NA,86.3902
"1152",17943,NA,98.4673
"1153",19388,NA,71.3814
"1154",20202,NA,88.514
"1155",23284,NA,85.1067
"1156",23886,NA,99.4727
"1157",24568,NA,94.511
"1158",25170,NA,99.486
"1159",25774,100,100
"1160",26377,NA,99.3355
"1161",26978,NA,82.1822
"1162",28942,100,100
"1163",30469,NA,81.7207
"1164",32355,NA,99.7783
"1165",33829,NA,89.3138
"1166",4586,NA,92.1902
"1167",6120,NA,96.1308
"1168",6749,NA,91.376
"1169",8070,NA,99.3178
"1170",8740,NA,97.8401
"1171",9343,NA,99.1668
"1172",10085,NA,97.6934
"1173",11575,NA,82.3005
"1174",12180,NA,99.5001
"1175",12782,NA,99.486
"1176",13541,NA,96.5012
"1177",14177,NA,99.3339
"1178",14779,100,100
"1179",15381,NA,93.7533
"1180",18990,NA,99.7783
"1181",23186,NA,99.5565
"1182",25590,NA,99.8335
"1183",26281,100,100
"1184",27675,NA,99.6667
"1185",28278,NA,83.04
"1186",28881,NA,99.0006
"1187",29489,NA,82.5652
"1188",30391,NA,77.8989
"1189",31321,NA,84.6325
"1190",33062,NA,78.5387
"1191",34544,NA,94.2351
"1192",35653,NA,99.5565
"1193",32637,NA,96.7801
"1194",35801,NA,99.5565
"1195",16773,NA,90.2344
"1196",18477,NA,77.3871
"1197",19079,NA,92.924
"1198",19683,NA,84.9889
"1199",20285,NA,84.3881
"1200",20887,NA,89.2116
"1201",23407,NA,69.5345
"1202",24141,NA,99.3377
"1203",27250,NA,66.1347
"1204",27854,NA,99.8335
"1205",28455,NA,89.4865
"1206",29111,NA,96.1567
"1207",29715,NA,99.3355
"1208",30316,NA,96.5452
"1209",31070,NA,79.0075
"1210",31671,NA,95.5067
"1211",34333,NA,75.3491
"1212",2436,NA,99.4387
"1213",3651,NA,93.505
"1214",7175,NA,86.6227
"1215",7777,NA,99.3174
"1216",8380,100,100
"1217",9339,100,100
"1218",9984,100,100
"1219",10586,NA,80.0222
"1220",11725,NA,75.0571
"1221",12334,NA,94.8853
"1222",12938,NA,99.3339
"1223",13788,NA,86.2456
"1224",15597,NA,96.4269
"1225",16200,NA,99.4681
"1226",19299,NA,98.9247
"1227",20115,NA,72.662
"1228",20872,NA,70.9751
"1229",21685,NA,93.2258
"1230",22288,NA,70.5383
"1231",23606,NA,96.4905
"1232",24752,NA,92.1024
"1233",25435,NA,90.6916
"1234",26050,NA,92.1024
"1235",26652,100,100
"1236",27887,NA,87.1989
"1237",28489,100,100
"1238",29209,100,100
"1239",30249,NA,92.6059
"1240",31242,NA,97.9567
"1241",31846,NA,99.6262
"1242",32481,NA,98.3358
"1243",33082,NA,82.8319
"1244",33684,NA,89.322
"1245",4823,NA,92.7786
"1246",6838,NA,97.4404
"1247",7442,NA,99.5012
"1248",8217,NA,98.9784
"1249",9050,100,100
"1250",9715,NA,99.1668
"1251",10318,NA,99.8335
"1252",10919,NA,81.5258
"1253",13644,NA,72.718
"1254",14555,NA,99.8335
"1255",26978,NA,98.9247
"1256",27609,100,100
"1257",28263,NA,97.6578
"1258",28865,NA,87.1177
"1259",29864,NA,72.5364
"1260",30539,NA,99.486
"1261",31141,NA,97.3073
"1262",34578,NA,88.8562
"1263",35323,NA,87.6911
"1264",3993,NA,96.2258
"1265",6858,NA,68.7201
"1266",7701,NA,75.7265
"1267",9746,NA,83.5227
"1268",10349,NA,73.783
"1269",12181,NA,99.5001
"1270",13180,NA,88.8889
"1271",14278,NA,99.3339
"1272",14879,NA,91.998
"1273",15481,NA,88.475
"1274",17185,NA,88.5429
"1275",17892,NA,72.5226
"1276",18567,NA,88.5565
"1277",21485,NA,89.487
"1278",22965,NA,94.8472
"1279",23567,NA,99.6573
"1280",24169,NA,99.8288
"1281",26343,NA,95.0835
"1282",27377,NA,71.3746
"1283",28042,NA,99.8335
"1284",28816,NA,95.503
"1285",29422,100,100
"1286",30769,NA,93.5823
"1287",31392,NA,70.9292
"1288",31993,NA,69.8923
"1289",32595,NA,76.7895
"1290",33620,NA,86.8166
"1291",35376,NA,88.8644
"1292",2110,NA,66.6329
"1293",4233,NA,97.5162
"1294",4837,NA,92.7794
"1295",6249,NA,86.0287
"1296",7115,NA,89.1024
"1297",8265,NA,96.4833
"1298",9728,NA,97.342
"1299",10329,100,100
"1300",11415,NA,87.9664
"1301",12449,NA,99.8335
"1302",13052,NA,99.6667
"1303",13653,100,100
"1304",14255,NA,82.7665
"1305",14858,NA,78.9452
"1306",15460,NA,95.833
"1307",16071,NA,70.6229
"1308",18200,NA,98.6361
"1309",18889,NA,84.4004
"1310",19883,NA,92.655
"1311",21365,NA,91.6783
"1312",23180,NA,95.6421
"1313",23785,NA,92.6059
"1314",24693,NA,94.2528
"1315",25294,NA,98.8368
"1316",26067,NA,83.666
"1317",26831,NA,97.1407
"1318",27435,NA,98.6716
"1319",28036,NA,88.01
"1320",28949,NA,81.6497
"1321",29567,NA,97.6716
"1322",2533,NA,96.1101
"1323",5078,NA,92.8917
"1324",9522,NA,86.9226
"1325",10124,NA,74.4958
"1326",10726,NA,99.6579
"1327",11328,100,100
"1328",12085,100,100
"1329",12844,NA,67.1514
"1330",13487,100,100
"1331",14516,NA,97.2959
"1332",15212,NA,86.7766
"1333",21437,NA,97.8172
"1334",26105,NA,71.5077
"1335",26976,NA,99.8335
"1336",27579,NA,99.6667
"1337",28287,NA,78.0346
"1338",29542,NA,78.8502
"1339",8900,NA,99.3339
"1340",9503,NA,99.8335
"1341",12732,NA,74.3335
"1342",13403,NA,99.1668
"1343",14005,100,100
"1344",14607,NA,79.8404
"1345",15262,NA,94.6841
"1346",15865,NA,97.4715
"1347",19692,NA,78.4269
"1348",20293,NA,92.8367
"1349",21554,NA,72.4581
"1350",22156,100,100
"1351",22758,NA,72.756
"1352",23360,NA,81.8629
"1353",24590,NA,89.6169
"1354",25571,NA,99.1668
"1355",28376,NA,92.1702
"1356",29589,NA,97.13
"1357",30247,NA,95.7582
"1358",30961,NA,90.0832
"1359",31686,NA,96.9645
"1360",33685,NA,88.6301
"1361",3472,NA,99.7783
"1362",4074,NA,81.4514
"1363",4676,NA,83.4666
"1364",5283,NA,84.7528
"1365",5916,NA,84.1774
"1366",7149,NA,70.5881
"1367",7829,NA,82.9646
"1368",8479,100,100
"1369",9081,NA,94.8641
"1370",9889,NA,87.2184
"1371",10915,NA,97.6375
"1372",11518,100,100
"1373",13258,100,100
"1374",13860,NA,86.8767
"1375",15252,NA,88.9478
"1376",15855,NA,99.4875
"1377",16458,NA,94.1713
"1378",17063,NA,71.3506
"1379",18236,NA,66.4613
"1380",19589,NA,78.9873
"1381",20192,NA,87.6456
"1382",22085,NA,87.8211
"1383",24875,NA,97.13
"1384",25479,NA,98.8401
"1385",26987,NA,98.6688
"1386",27590,NA,99.8335
"1387",29585,NA,84.5154
"1388",32158,NA,82.0552
"1389",32760,NA,91.237
"1390",33384,NA,70.7107
"1391",34004,NA,87.6284
"1392",34606,NA,70.3018
"1393",35351,NA,97.6189
"1394",8733,NA,78.5896
"1395",9439,100,100
"1396",10841,NA,99.6672
"1397",11442,NA,99.8288
"1398",12044,NA,98.9247
"1399",13923,NA,98.9784
"1400",14527,100,100
"1401",15128,NA,96.9369
"1402",15731,NA,98.4681
"1403",16333,NA,82.2778
"1404",18096,NA,83.7503
"1405",19280,NA,94.6841
"1406",19882,NA,85.0971
"1407",20486,NA,83.0745
"1408",21087,NA,78.4862
"1409",21689,NA,87.7623
"1410",23291,NA,91.5182
"1411",23892,NA,93.5142
"1412",24494,NA,99.3147
"1413",25708,NA,94.4044
"1414",26389,NA,99.486
"1415",26991,NA,91.9006
"1416",29425,NA,93.2287
"1417",30097,NA,92.2145
"1418",32344,NA,84.3451
"1419",33689,NA,81.0277
"1420",35564,NA,99.5565
"1421",2547,NA,67.351
"1422",4778,NA,78.6149
"1423",5614,NA,98.9247
"1424",18233,NA,81.8156
"1425",18905,NA,82.599
"1426",19507,NA,85.1692
"1427",20734,NA,91.7329
"1428",21336,NA,93.7271
"1429",22057,NA,87.8537
"1430",22659,NA,97.0743
"1431",25613,NA,98.9436
"1432",26218,NA,99.8335
"1433",27048,NA,94.6841
"1434",27652,NA,99.5012
"1435",28255,NA,99.8335
"1436",29227,100,100
"1437",18182,NA,70.4793
"1438",20488,NA,81.6176
"1439",21090,NA,99.4681
"1440",22419,NA,86.2803
"1441",23021,NA,94.6841
"1442",23623,NA,76.1486
"1443",24225,NA,84.4145
"1444",24827,NA,92.3419
"1445",26366,NA,87.7483
"1446",27483,NA,98.9247
"1447",28806,NA,99.8335
"1448",29702,100,100
"1449",31424,NA,89.6589
"1450",32140,NA,76.7995
"1451",32741,NA,86.1558
"1452",33366,NA,97.044
"1453",7665,100,100
"1454",8267,NA,95.3463
"1455",10515,100,100
"1456",11163,NA,93.7506
"1457",26220,NA,88.1135
"1458",26823,NA,99.1477
"1459",27521,100,100
"1460",28836,NA,95.39
"1461",29477,100,100
"1462",30148,100,100
"1463",30750,NA,99.3153
"1464",31352,NA,79.7724
"1465",32566,NA,83.4992
"1466",33168,NA,88.3048
"1467",34113,NA,76.9163
"1468",34745,NA,96.8335
"1469",35350,NA,83.7358
"1470",35953,NA,98.9247
"1471",2414,NA,96.015
"1472",4128,NA,98.1559
"1473",6062,NA,99.6672
"1474",6663,NA,71.8512
"1475",9966,NA,98.9285
"1476",10580,NA,72.5032
"1477",11729,100,100
"1478",12331,100,100
"1479",13931,NA,84.5154
"1480",14533,NA,91.8818
"1481",15161,NA,91.8625
"1482",15763,NA,92.6221
"1483",17418,NA,82.3192
"1484",19039,NA,96.1422
"1485",19798,NA,97.2215
"1486",20490,NA,98.6933
"1487",22673,NA,99.4401
"1488",24095,100,100
"1489",24969,NA,81.3979
"1490",25708,NA,96.7627
"1491",26805,NA,84.5154
"1492",27707,NA,86.4622
"1493",28386,100,100
"1494",29756,NA,94.704
"1495",31155,NA,88.3588
"1496",32326,NA,99.3377
"1497",33540,NA,80.6395
"1498",34763,NA,80.1621
"1499",35365,NA,84.3205
"1500",3632,NA,99.5001
"1501",5484,100,100
"1502",6086,NA,77.8481
"1503",6804,NA,81.0259
"1504",7592,NA,68.313
"1505",8194,NA,92.0323
"1506",9853,100,100
"1507",11562,NA,70.9468
"1508",12201,100,100
"1509",12803,NA,92.8563
"1510",14609,NA,86.8767
"1511",15212,NA,92.1699
"1512",15891,NA,69.1254
"1513",16493,NA,97.8796
"1514",17122,NA,99.8128
"1515",17723,NA,97.2959
"1516",18325,NA,74.2806
"1517",18958,NA,83.3017
"1518",25814,100,100
"1519",26655,NA,85.2924
"1520",27258,NA,98.9247
"1521",29740,NA,88.3587
"1522",30342,NA,98.1307
"1523",30944,NA,98.8019
"1524",31546,NA,91.2447
"1525",32157,NA,88.7921
"1526",33376,NA,79.9594
"1527",33980,NA,99.8128
"1528",34592,NA,87.9963
"1529",35198,100,100
"1530",2942,NA,81.0409
"1531",7045,NA,84.3183
"1532",8565,NA,90.0208
"1533",9964,100,100
"1534",11544,NA,68.313
"1535",12353,NA,82.5289
"1536",12954,100,100
"1537",13793,NA,97.8335
"1538",16318,NA,91.2907
"1539",17043,NA,70.6181
"1540",17645,NA,84.2416
"1541",18442,NA,80.371
"1542",19217,NA,98.8854
"1543",19818,NA,86.8115
"1544",20420,NA,72.5919
"1545",21022,NA,91.7336
"1546",24702,NA,71.1837
"1547",25577,NA,99.5565
"1548",26229,NA,96.8633
"1549",27001,NA,86.8115
"1550",28016,100,100
"1551",29027,NA,97.8335
"1552",30106,100,100
"1553",30708,NA,82.3319
"1554",31310,NA,84.4447
"1555",32434,NA,66.802
"1556",33036,NA,85.6378
"1557",35306,NA,93.3135
"1558",19006,NA,96.1018
"1559",19665,NA,93.6164
"1560",20879,NA,74.338
"1561",21480,NA,86.7683
"1562",23310,NA,99.2519
"1563",23911,NA,75.5772
"1564",25037,NA,91.7507
"1565",25878,NA,97.7911
"1566",26481,NA,90.6
"1567",27083,100,100
"1568",28539,NA,82.5308
"1569",29526,NA,99.5001
"1570",30134,NA,99.6262
"1571",30735,NA,99.1437
"1572",31360,NA,88.223
"1573",34476,NA,92.9084
"1574",35078,NA,89.2005
"1575",35681,NA,98.9285
"1576",9181,NA,97.5001
"1577",12593,100,100
"1578",13835,100,100
"1579",16082,NA,88.1748
"1580",16685,NA,89.1498
"1581",17287,NA,99.8288
"1582",17890,NA,76.3808
"1583",19440,NA,79.4627
"1584",20647,NA,94.0741
"1585",21731,NA,99.7783
"1586",22333,NA,78.1365
"1587",22935,NA,91.939
"1588",25825,100,100
"1589",28062,NA,97.5001
"1590",28663,NA,99.4633
"1591",2531,NA,92.6826
"1592",3133,100,100
"1593",3735,NA,93.2811
"1594",4337,NA,99.4878
"1595",7491,NA,99.3339
"1596",24194,NA,66.0727
"1597",7520,NA,93.253
"1598",8280,100,100
"1599",8884,100,100
"1600",9487,100,100
"1601",10119,NA,99.5565
"1602",10721,NA,73.1626
"1603",11325,100,100
"1604",12082,NA,99.8335
"1605",13627,NA,80.0421
"1606",15118,NA,98.9247
"1607",15722,NA,79.9355
"1608",16334,NA,96.1422
"1609",17859,NA,99.3377
"1610",19716,NA,99.7783
"1611",20318,NA,87.6346
"1612",20920,NA,87.6399
"1613",21522,NA,83.6247
"1614",22125,NA,99.486
"1615",22728,100,100
"1616",23330,NA,92.805
"1617",23933,100,100
"1618",24619,NA,72.0955
"1619",25599,NA,98.6754
"1620",27801,100,100
"1621",29119,NA,98.5111
"1622",29828,NA,97.8399
"1623",30429,NA,88.8511
"1624",31031,NA,99.8289
"1625",31633,NA,82.6417
"1626",32235,NA,91.2703
"1627",32837,NA,85.3196
"1628",10679,NA,89.3446
"1629",12122,NA,99.5012
"1630",12830,NA,98.1832
"1631",13433,NA,99.8335
"1632",14127,NA,99.8128
"1633",14730,NA,99.8335
"1634",15800,NA,88.7905
"1635",17360,NA,97.9632
"1636",18575,NA,82.0861
"1637",23552,NA,88.8094
"1638",24349,100,100
"1639",24950,NA,96.1815
"1640",26145,NA,96.9329
"1641",27680,100,100
"1642",28283,NA,99.1477
"1643",28885,NA,91.5425
"1644",29487,NA,95.3463
"1645",30089,NA,83.529
"1646",30691,NA,90.8783
"1647",31293,NA,85.2329
"1648",34579,100,100
"1649",3945,NA,80.5567
"1650",7216,NA,99.8335
"1651",8936,NA,98.5067
"1652",9538,NA,93.8632
"1653",10195,NA,89.5328
"1654",10799,NA,99.8335
"1655",11427,NA,99.486
"1656",15882,NA,99.3358
"1657",18580,NA,82.336
"1658",20362,NA,98.9035
"1659",21662,NA,88.2372
"1660",22264,NA,91.3279
"1661",22866,NA,87.5434
"1662",25412,NA,69.3036
"1663",26035,NA,98.305
"1664",26637,NA,76.0855
"1665",27399,100,100
"1666",28001,NA,92.9555
"1667",28651,NA,92.8342
"1668",29313,NA,99.6667
"1669",30439,NA,75.5865
"1670",31040,NA,88.0635
"1671",31703,NA,98.4673
"1672",32335,NA,86.2912
"1673",32937,NA,78.6003
"1674",33539,NA,93.1699
"1675",34964,NA,95.6386
"1676",35567,NA,87.0742
"1677",5108,NA,79.461
"1678",7662,NA,77.5769
"1679",8263,NA,87.9756
"1680",8865,NA,96.9645
"1681",9827,NA,92.6067
"1682",10429,NA,93.1214
"1683",11235,NA,99.7783
"1684",12408,NA,80.1269
"1685",13012,NA,98.6755
"1686",13615,NA,97.5034
"1687",14219,NA,83.506
"1688",5312,NA,72.0191
"1689",6830,NA,87.6227
"1690",7653,NA,88.8176
"1691",8256,NA,73.6614
"1692",8875,NA,97.6804
"1693",11279,NA,99.3339
"1694",11922,NA,96.679
"1695",12574,NA,74.8923
"1696",14003,NA,80.5577
"1697",14611,NA,93.9182
"1698",15235,100,100
"1699",16983,NA,98.9784
"1700",17585,NA,83.0137
"1701",18785,NA,94.7471
"1702",19386,NA,94.9119
"1703",19988,100,100
"1704",20590,NA,98.9749
"1705",21192,100,100
"1706",21894,NA,94.1638
"1707",22671,NA,93.6297
"1708",23273,NA,82.54
"1709",23876,100,100
"1710",24478,NA,78.5679
"1711",26541,NA,97.8498
"1712",27144,NA,99.6667
"1713",27746,NA,95.4334
"1714",28495,100,100
"1715",29099,NA,99.8335
"1716",29700,NA,98.4263
"1717",30491,NA,91.0291
"1718",31093,NA,98.9285
"1719",31964,NA,95.0673
"1720",32565,NA,98.4263
"1721",33168,NA,89.6145
"1722",34016,NA,83.6576
"1723",34618,NA,87.9871
"1724",2324,NA,74.2818
"1725",4284,NA,84.8776
"1726",5594,NA,76.5842
"1727",6196,NA,96.6865
"1728",7687,NA,95.0057
"1729",8848,NA,88.0806
"1730",9491,NA,68.313
"1731",10093,100,100
"1732",11128,NA,95.8597
"1733",12356,100,100
"1734",13045,NA,82.3005
"1735",13647,NA,95.8745
"1736",14249,NA,98.3985
"1737",14851,NA,97.9705
"1738",16751,100,100
"1739",17353,NA,89.1516
"1740",17955,100,100
"1741",19176,NA,83.9648
"1742",19783,NA,94.6683
"1743",20399,NA,94.2216
"1744",21002,NA,93.0296
"1745",21604,NA,96.3954
"1746",22206,NA,81.9679
"1747",26550,100,100
"1748",27152,NA,98.9247
"1749",29767,NA,73.4649
"1750",30625,NA,94.2375
"1751",31228,NA,93.7234
"1752",31830,NA,97.3514
"1753",35324,NA,92.8483
"1754",35926,NA,97.3688
"1755",3448,NA,72.5242
"1756",4051,NA,75.3291
"1757",4684,NA,75.2661
"1758",6205,NA,99.5012
"1759",7302,NA,86.6899
"1760",7904,NA,82.5253
"1761",8508,NA,99.8335
"1762",9109,NA,96.8417
"1763",11289,NA,86.9902
"1764",12142,NA,78.837
"1765",12749,NA,95.5224
"1766",13450,NA,99.6672
"1767",14051,NA,98.9436
"1768",25098,NA,99.5001
"1769",27337,NA,99.5012
"1770",27938,NA,86.0453
"1771",28760,NA,74.7289
"1772",29373,NA,94.4394
"1773",29975,NA,90.195
"1774",30578,NA,93.9442
"1775",32487,NA,94.9989
"1776",34244,NA,83.8392
"1777",34846,NA,92.1606
"1778",35516,NA,70.5876
"1779",4876,NA,93.1068
"1780",10316,NA,99.1668
"1781",10917,NA,74.1008
"1782",11744,NA,96.4772
"1783",14474,NA,72.4801
"1784",15299,NA,95.278
"1785",16075,100,100
"1786",16815,NA,77.1279
"1787",17432,NA,86.3676
"1788",18034,NA,93.4107
"1789",18636,NA,99.6579
"1790",19265,NA,95.5731
"1791",19866,NA,91.9706
"1792",20528,NA,81.3974
"1793",23042,NA,93.0319
"1794",23814,NA,84.1494
"1795",24415,NA,77.8055
"1796",26106,100,100
"1797",28100,NA,99.8335
"1798",29480,NA,98.9247
"1799",30489,NA,77.4531
"1800",31124,NA,98.3172
"1801",31725,NA,99.6571
"1802",32327,NA,78.2881
"1803",32929,NA,95.0078
"1804",35162,NA,95.1852
"1805",3918,NA,81.2309
"1806",5953,NA,71.7741
"1807",8951,NA,97.8796
"1808",11525,NA,98.9436
"1809",12127,NA,83.8664
"1810",16133,NA,96.7733
"1811",16828,NA,74.1317
"1812",17551,NA,95.9471
"1813",18551,NA,99.7783
"1814",19248,NA,86.3452
"1815",19849,NA,93.6694
"1816",20453,NA,83.2658
"1817",21154,NA,99.438
"1818",23915,NA,89.2659
"1819",25167,NA,82.2582
"1820",25769,100,100
"1821",26719,100,100
"1822",27324,NA,98.6716
"1823",27925,NA,95.5404
"1824",28583,NA,95.4908
"1825",29319,99,99
"1826",30095,100,100
"1827",30697,NA,68.8715
"1828",31299,NA,86.1305
"1829",31901,NA,89.4953
"1830",32751,NA,85.2788
"1831",33353,NA,98.8053
"1832",34024,NA,99.4633
"1833",35631,NA,89.6103
"1834",3651,NA,81.2046
"1835",4253,NA,89.4186
"1836",5654,NA,69.6575
"1837",7092,NA,72.6732
"1838",7706,NA,98.2988
"1839",8308,NA,76.6127
"1840",26655,NA,96.1567
"1841",27368,100,100
"1842",27984,NA,98.9247
"1843",28866,NA,97.6933
"1844",30654,NA,90.9948
"1845",31257,NA,90.1149
"1846",32280,NA,82.3013
"1847",33731,NA,98.4664
"1848",34333,NA,99.1449
"1849",34935,NA,99.6571
"1850",4143,NA,79.4095
"1851",4745,NA,94.4678
"1852",7074,NA,84.5154
"1853",7676,NA,88.8113
"1854",8278,NA,96.4833
"1855",9375,100,100
"1856",10125,NA,98.3471
"1857",10726,NA,99.6579
"1858",12656,100,100
"1859",13258,100,100
"1860",14489,NA,88.1003
"1861",25350,NA,99.1677
"1862",25951,NA,99.6579
"1863",26977,NA,84.5154
"1864",27903,100,100
"1865",28726,NA,98.0005
"1866",29634,100,100
"1867",33099,NA,96.3097
"1868",33701,NA,80.0778
"1869",34997,NA,99.7783
"1870",35600,NA,96.4521
"1871",2778,NA,87.721
"1872",4264,NA,87.3381
"1873",7620,NA,99.5001
"1874",8446,NA,78.3164
"1875",9237,NA,99.6672
"1876",9838,NA,77.672
"1877",10470,NA,98.9247
"1878",11073,NA,87.2142
"1879",11677,NA,99.8335
"1880",12423,NA,96.6471
"1881",13150,NA,98.347
"1882",14494,NA,91.7088
"1883",27310,NA,70.4754
"1884",28717,NA,99.8335
"1885",29632,100,100
"1886",30234,NA,98.9285
"1887",31407,NA,72.0191
"1888",32008,NA,95.0475
"1889",32610,NA,91.5095
"1890",5161,NA,78.446
"1891",6901,NA,94.8447
"1892",7584,NA,67.9578
"1893",8186,NA,88.4034
"1894",8788,100,100
"1895",9826,NA,96.7627
"1896",10429,100,100
"1897",12060,NA,99.1668
"1898",12832,NA,99.8288
"1899",14691,NA,84.5154
"1900",20465,NA,92.8148
"1901",35788,NA,68.313
"1902",11211,NA,84.4516
"1903",11888,100,100
"1904",12902,100,100
"1905",19866,NA,68.9757
"1906",20467,NA,98.9247
"1907",21069,NA,99.486
"1908",22241,NA,98.3158
"1909",22844,NA,90.5988
"1910",28248,100,100
"1911",28926,NA,93.7736
"1912",29546,100,100
"1913",30149,NA,98.9285
"1914",30751,NA,84.8623
"1915",31367,NA,97.8345
"1916",31968,NA,77.4832
"1917",32570,NA,87.372
"1918",33172,NA,93.3418
"1919",35311,NA,97.9573
"1920",35912,NA,86.8344
"1921",5702,NA,99.7783
"1922",6327,NA,68.6597
"1923",9371,NA,99.6672
"1924",9973,NA,98.9247
"1925",10982,100,100
"1926",12952,NA,87.9664
"1927",13555,NA,97.413
"1928",14157,NA,94.3638
"1929",15936,NA,93.7289
"1930",16566,100,100
"1931",17168,NA,97.3059
"1932",17970,NA,73.8132
"1933",20675,100,100
"1934",21277,NA,82.6789
"1935",22226,NA,93.9739
"1936",23024,NA,98.2988
"1937",23627,NA,84.3345
"1938",24230,NA,99.486
"1939",24832,NA,85.7635
"1940",25434,NA,70.8326
"1941",26066,NA,98.9285
"1942",27232,NA,98.9247
"1943",28758,NA,99.6667
"1944",29974,NA,89.2028
"1945",30581,NA,78.6076
"1946",31184,NA,82.8508
"1947",31786,NA,91.5833
"1948",32857,NA,70.1207
"1949",33552,NA,82.0303
"1950",34800,NA,98.9285
"1951",35416,NA,87.9179
"1952",11662,NA,98.9247
"1953",12984,NA,99.6667
"1954",13776,100,100
"1955",14379,NA,74.6202
"1956",14982,NA,99.5001
"1957",15583,NA,94.2223
"1958",16185,NA,75.5148
"1959",17313,NA,82.102
"1960",18446,100,100
"1961",19048,NA,96.2711
"1962",19650,NA,86.321
"1963",20629,100,100
"1964",22058,NA,88.6376
"1965",22660,NA,92.5681
"1966",23463,NA,73.3671
"1967",24072,NA,98.3985
"1968",24674,100,100
"1969",25276,NA,97.8038
"1970",25878,NA,98.9247
"1971",26480,NA,98.6409
"1972",27536,NA,98.8095
"1973",28529,100,100
"1974",29170,100,100
"1975",30618,NA,89.673
"1976",31860,100,100
"1977",33408,NA,99.1449
"1978",34229,100,100
"1979",34831,NA,93.9962
"1980",2705,NA,81.0279
"1981",3307,NA,94.0263
"1982",5765,NA,68.196
"1983",7352,NA,99.6672
"1984",8092,NA,99.486
"1985",9963,NA,80.6235
"1986",10566,100,100
"1987",11448,100,100
"1988",12213,NA,96.8633
"1989",12817,NA,99.8335
"1990",13446,NA,99.5565
"1991",15246,NA,97.8796
"1992",15848,100,100
"1993",16807,NA,84.1814
"1994",17408,NA,80.6717
"1995",20474,NA,81.6828
"1996",22041,NA,90.1553
"1997",22643,NA,98.9436
"1998",23245,NA,77.0866
"1999",23848,NA,90.2436
"2000",24451,NA,79.6265
"2001",25052,NA,97.6387
"2002",25683,NA,99.5565
"2003",26491,NA,99.8335
"2004",27094,100,100
"2005",27697,NA,99.8335
"2006",28316,NA,99.1668
"2007",29666,NA,99.8335
"2008",30267,NA,80.3338
"2009",30877,NA,82.474
"2010",32243,NA,82.8509
"2011",33227,NA,99.7783
"2012",34686,NA,98.4715
"2013",35376,NA,86.4089
"2014",2958,NA,87.9974
"2015",4606,NA,79.9939
"2016",5208,NA,76.5514
"2017",6476,NA,94.6841
"2018",7806,NA,96.1567
"2019",8538,NA,99.8335
"2020",9139,NA,99.486
"2021",10021,NA,97.2685
"2022",10625,100,100
"2023",11362,NA,80.0778
"2024",12141,NA,99.8335
"2025",12770,NA,97.8346
"2026",13439,100,100
"2027",14045,100,100
"2028",14702,NA,99.8335
"2029",15303,NA,82.8969
"2030",15930,NA,91.7993
"2031",16625,NA,92.2589
"2032",17249,NA,98.9247
"2033",17902,NA,76.2947
"2034",18504,NA,89.7563
"2035",19106,NA,98.9285
"2036",21102,NA,80.9966
"2037",22321,NA,89.3234
"2038",25080,NA,88.8911
"2039",25682,100,100
"2040",26284,NA,94.1124
"2041",27044,NA,98.9247
"2042",27808,NA,99.8288
"2043",28410,100,100
"2044",29013,100,100
"2045",29787,NA,99.5001
"2046",30388,NA,92.4986
"2047",30990,NA,75.5412
"2048",31592,NA,83.5424
"2049",32942,NA,75.8355
"2050",34333,NA,94.6062
"2051",31665,NA,93.3858
"2052",5124,NA,99.5565
"2053",6736,NA,97.8796
"2054",7338,NA,98.9436
"2055",8225,NA,68.4498
"2056",9366,NA,99.1447
"2057",11226,NA,98.9749
"2058",14778,100,100
"2059",15380,NA,89.5596
"2060",20481,NA,99.5565
"2061",21084,NA,98.9285
"2062",21687,NA,85.2512
"2063",22289,NA,80.6948
"2064",22891,NA,75.0067
"2065",24328,NA,85.3895
"2066",24930,NA,94.9891
"2067",25629,NA,96.2151
"2068",26977,100,100
"2069",28014,NA,68.1612
"2070",29767,NA,68.313
"2071",35506,NA,90.2879
"2072",1986,NA,82.3689
"2073",2588,NA,87.8068
"2074",3190,NA,87.013
"2075",5069,NA,99.5565
"2076",8167,NA,84.7427
"2077",8769,NA,82.9345
"2078",9371,NA,90.934
"2079",9974,100,100
"2080",10577,100,100
"2081",12170,NA,99.5001
"2082",12771,NA,98.938
"2083",13392,NA,98.3985
"2084",14505,NA,97.6187
"2085",15107,NA,98.9247
"2086",18117,NA,99.486
"2087",18720,NA,99.4681
"2088",20128,100,100
"2089",20734,NA,99.4633
"2090",21336,NA,86.8344
"2091",25001,NA,98.1347
"2092",25604,NA,99.6667
"2093",27448,100,100
"2094",28250,NA,96.9388
"2095",28853,NA,96.1567
"2096",29714,NA,99.6667
"2097",30392,NA,95.1565
"2098",30994,100,100
"2099",31596,NA,74.6582
"2100",33099,NA,92.5714
"2101",4599,NA,94.0697
"2102",5710,NA,99.486
"2103",8100,NA,91.2809
"2104",8702,100,100
"2105",9304,100,100
"2106",10251,NA,70.7107
"2107",11798,100,100
"2108",12400,NA,79.8341
"2109",13415,NA,84.5154
"2110",14032,NA,99.3339
"2111",14747,NA,98.0022
"2112",15348,NA,94.018
"2113",17002,NA,92.1407
"2114",18255,100,100
"2115",18857,100,100
"2116",21605,NA,84.2337
"2117",22544,NA,87.9388
"2118",24364,NA,83.6601
"2119",24966,NA,94.2284
"2120",25998,NA,71.7516
"2121",26602,NA,99.6667
"2122",27237,NA,98.4728
"2123",28054,NA,95.0531
"2124",28759,NA,97.3529
"2125",29360,NA,99.4681
"2126",29962,100,100
"2127",31611,NA,92.9168
"2128",32215,NA,84.8933
"2129",32956,NA,95.1144
"2130",33560,NA,87.1511
"2131",34166,NA,97.9093
"2132",34875,NA,93.9548
"2133",35478,NA,96.1006
"2134",2574,NA,98.1414
"2135",3899,NA,73.4851
"2136",4592,NA,79.6814
"2137",6852,NA,99.7783
"2138",7469,NA,98.9749
"2139",10174,NA,90.8
"2140",10776,NA,87.6869
"2141",11458,NA,79.4328
"2142",12509,NA,83.666
"2143",13111,NA,98.9772
"2144",14379,NA,94.452
"2145",18556,NA,67.4669
"2146",19157,NA,98.9285
"2147",19759,NA,85.4485
"2148",23210,NA,89.0434
"2149",24468,NA,87.0685
"2150",25070,NA,97.6469
"2151",27127,NA,81.6497
"2152",29043,NA,98.2988
"2153",29817,NA,89.8647
"2154",30424,NA,91.7777
"2155",31128,NA,79.6165
"2156",32022,NA,75.3255
"2157",32647,NA,66.55
"2158",33249,NA,87.0179
"2159",33861,NA,89.4066
"2160",34463,NA,92.6797
"2161",35065,NA,92.8326
"2162",7726,100,100
"2163",8328,NA,91.2901
"2164",8941,NA,99.6672
"2165",10313,100,100
"2166",11058,NA,97.8499
"2167",12893,NA,98.8368
"2168",13494,100,100
"2169",16145,NA,88.054
"2170",16747,NA,98.9285
"2171",17695,NA,99.5565
"2172",18297,NA,93.6285
"2173",18984,NA,99.8128
"2174",26110,NA,77.7435
"2175",26737,100,100
"2176",27338,NA,72.3181
"2177",27942,100,100
"2178",29964,NA,98.9247
"2179",30998,NA,75.0107
"2180",31600,NA,85.8729
"2181",32367,100,100
"2182",2982,NA,70.9386
"2183",6166,NA,97.5229
"2184",6781,NA,97.2869
"2185",29374,NA,97.604
"2186",29993,NA,67.9774
"2187",30595,NA,88.2876
"2188",31210,NA,95.7172
"2189",31854,100,100
"2190",32456,NA,91.2691
"2191",33058,NA,87.3851
"2192",33660,NA,90.9784
"2193",34531,NA,99.7783
"2194",8067,NA,99.3355
"2195",8670,NA,99.8335
"2196",9345,NA,99.5012
"2197",11676,NA,89.084
"2198",14054,100,100
"2199",14929,NA,72.4154
"2200",15532,NA,98.3985
"2201",16134,NA,92.3419
"2202",16736,NA,90.8077
"2203",17339,NA,84.7978
"2204",18657,NA,81.6465
"2205",19752,NA,75.0133
"2206",20818,NA,75.3649
"2207",21419,NA,85.1596
"2208",22021,NA,97.934
"2209",22623,NA,73.0701
"2210",25727,100,100
"2211",26482,NA,83.4416
"2212",27101,NA,98.3985
"2213",27703,NA,95.9073
"2214",28305,NA,95.6531
"2215",29682,100,100
